---------------------------------------------
Log /home/profile/logs/logs_2025-02-17_23-08-06/error.log started at 2025-02-17 23:08:06 (2025-02-17 23:08:06 UTC)

23:08:06.904 ENGINE       : GameProject load
23:08:06.904  INIT         : GameProject load project data @"./addons/data/ArmaReforger.gproj"
23:08:06.904   RESOURCES (E): Wrong GUID/name for resource @"{C014582791ECBF24}Language/localization.st" in property "StringTableSource"
23:08:07.032 AUDIO     (E): Audio device initialization failed with error: 9
23:08:08.200 SCRIPT       : Compiling Game scripts
23:08:08.200  SCRIPT    (W): @"scripts/Game/Campaign/UI/SCR_CampaignUIMutePlayerComponent.c,28": 'GetPlayerBlockedState' is obsolete: Session blocking is no longer supported.
23:08:08.200  SCRIPT    (W): @"scripts/Game/Campaign/UI/SCR_CampaignUIMutePlayerComponent.c,30": 'SetPlayerBlockedState' is obsolete: Session blocking is no longer supported.
23:08:08.200  SCRIPT    (W): @"scripts/Game/Campaign/UI/SCR_CampaignUIMutePlayerComponent.c,35": 'SetPlayerBlockedState' is obsolete: Session blocking is no longer supported.
23:08:08.457  SCRIPT    (W): @"scripts/Game/Groups/SCR_GroupTileButton.c,671": 'GetPlayerMutedState' is obsolete: Use SocialComponent.IsMuted(playerId).
23:08:08.607  SCRIPT    (W): @"scripts/Game/UI/HUD/SCR_PlayerListMenu.c,436": 'SetPlayerMutedState' is obsolete: Use SocialComponent.SetMuted(playerId, muted).
23:08:08.607  SCRIPT    (W): @"scripts/Game/UI/HUD/SCR_PlayerListMenu.c,438": 'GetPlayerMutedState' is obsolete: Use SocialComponent.IsMuted(playerId).
23:08:08.607  SCRIPT    (W): @"scripts/Game/UI/HUD/SCR_PlayerListMenu.c,499": 'GetPlayerMutedState' is obsolete: Use SocialComponent.IsMuted(playerId).
23:08:08.607  SCRIPT    (W): @"scripts/Game/UI/HUD/SCR_PlayerListMenu.c,474": Variable 'enableBlock' is not used
23:08:08.608  SCRIPT    (W): @"scripts/Game/UI/HUD/SCR_PlayerListMenu.c,1133": 'GetPlayerMutedState' is obsolete: Use SocialComponent.IsMuted(playerId).
23:08:08.608  SCRIPT    (W): @"scripts/Game/UI/HUD/SCR_PlayerListMenu.c,1136": 'GetPlayerMutedState' is obsolete: Use SocialComponent.IsMuted(playerId).
23:08:08.608  SCRIPT    (W): @"scripts/Game/UI/HUD/SCR_PlayerListMenu.c,1140": 'GetPlayerMutedState' is obsolete: Use SocialComponent.IsMuted(playerId).
23:08:11.336 WORLD        : Entities load @"{DD7AD4B9C86CFDCE}worlds/MP/Coop_CombatOps_Eden.ent"
23:08:11.336  WORLD        : Subscene load @"{853E92315D1D9EFE}worlds/Eden/Eden.ent"
23:08:11.336   RESOURCES    : GetResourceObject @"{C8FAB83670BCF7C3}Prefabs/Structures/Cultural/Calvaries/CalvaryLarge_01.et"
23:08:11.336    WORLD        : Entity prefab load @"{C8FAB83670BCF7C3}Prefabs/Structures/Cultural/Calvaries/CalvaryLarge_01.et"
23:08:11.336     RESOURCES (E): Wrong GUID/name for resource @"{45ECF6B1797D3CD9}system/wbdata/PreviewWindow/TransparentMat.emat" in property "AssignedMaterial"
23:08:11.734  RESOURCES (E): Wrong GUID/name for resource @"{0000000000000000}(null)" in property "m_sWPToSpawn"
23:08:11.734  RESOURCES (E): Wrong GUID/name for resource @"{0000000000000000}(null)" in property "m_sWPToSpawn"
23:08:11.734  RESOURCES (E): Wrong GUID/name for resource @"{0000000000000000}(null)" in property "m_sWPToSpawn"
23:08:11.736  WORLD     (E): Unknown keyword/data 'm_bShowDebugShapesInWorkbench' at offset 314521(0x4cc99)
23:08:11.736  RESOURCES (E): Wrong GUID/name for resource @"{0000000000000000}(null)" in property "m_sWPToSpawn"
23:08:11.736  RESOURCES (E): Wrong GUID/name for resource @"{0000000000000000}(null)" in property "m_sWPToSpawn"
23:08:11.736  RESOURCES (E): Wrong GUID/name for resource @"{0000000000000000}(null)" in property "m_sWPToSpawn"
23:08:11.736  WORLD     (E): Unknown keyword/data 'm_bShowDebugShapesInWorkbench' at offset 327636(0x4ffd4)
23:08:11.736  WORLD     (E): Unknown keyword/data 'm_bShowDebugShapesInWorkbench' at offset 329811(0x50853)
23:08:11.736  WORLD     (E): Unknown keyword/data 'm_bShowDebugShapesInWorkbench' at offset 330592(0x50b60)
23:08:11.736  WORLD     (E): Unknown keyword/data 'm_bShowDebugShapesInWorkbench' at offset 331395(0x50e83)
23:08:11.736  WORLD     (E): Unknown keyword/data 'm_bShowDebugShapesInWorkbench' at offset 333662(0x5175e)
23:08:11.737  WORLD     (E): Unknown keyword/data 'm_bShowDebugShapesInWorkbench' at offset 334454(0x51a76)
23:08:11.737  WORLD     (E): Unknown keyword/data 'm_bShowDebugShapesInWorkbench' at offset 335421(0x51e3d)
23:08:11.737  WORLD     (E): Unknown keyword/data 'm_bShowDebugShapesInWorkbench' at offset 336914(0x52412)
23:08:11.737  WORLD     (E): Unknown keyword/data 'm_bShowDebugShapesInWorkbench' at offset 338531(0x52a63)
23:08:11.739  RESOURCES (E): Wrong GUID/name for resource @"{0000000000000000}(null)" in property "m_sWPToSpawn"
23:08:11.739  RESOURCES (E): Wrong GUID/name for resource @"{0000000000000000}(null)" in property "m_sWPToSpawn"
23:08:12.340 ANIMATION    : AnimSetInstanceImpl load @"{E6D3AC3088E43C3E}Assets/Weapons/Explosives/workspace/TSh400g.asi"
23:08:12.340  RESOURCES (E): Wrong GUID/name for resource @"{C4244C677F019957}Assets/Weapons/Explosives/DemoBlock_TSh400g/anims/p_M112_IK.anm" in property "IkPose"
23:08:12.371 RESOURCES    : Particle effect load @"Particles/Weapon/Explosion_TM62M_AT_Mine_LOD1.ptc"
23:08:12.371  RESOURCES (E): Wrong GUID/name for resource @"{29FBEC1991810EEF}system/wbdata/ParticleEditor/defaultPrefab.et" in property "Prefab"
23:08:12.371 RESOURCES    : Particle effect load @"Particles/Weapon/Explosion_TM62M_AT_Mine.ptc"
23:08:12.371  RESOURCES (E): Wrong GUID/name for resource @"{29FBEC1991810EEF}system/wbdata/ParticleEditor/defaultPrefab.et" in property "Prefab"
23:08:12.372 RESOURCES    : Particle effect load @"Particles/Weapon/Explosion_TM62M_AT_Mine_LOD2.ptc"
23:08:12.372  RESOURCES (E): Wrong GUID/name for resource @"{29FBEC1991810EEF}system/wbdata/ParticleEditor/defaultPrefab.et" in property "Prefab"
23:08:12.437 RESOURCES    : GetResourceObject @"{C4244C677F019957}Assets/Weapons/Explosives/DemoBlock_TSh400g/anims/p_M112_IK.anm"
23:08:12.437  RESOURCES (E): Failed to open
23:08:14.799 MATERIAL     : Material load @"{63F10E1A366AE509}Assets/Structures/BuildingsParts/Electrical/SpeakerAddon_E_01/Data/Speaker_Addon_E_01_grate.emat"
23:08:14.799  MATERIAL     : Material load @"{63F10E1A366AE509}Assets/Structures/BuildingsParts/Electrical/SpeakerAddon_E_01/Data/Speaker_Addon_E_01_grate.emat"
23:08:14.799   MATERIAL  (E): Unknown keyword/data 'ClutterThresholdAngle' at offset 64(0x40)
23:08:16.163 WORLD        : Game::LoadEntities
23:08:16.163  WORLD        : CreateEntities
23:08:16.163   WORLD        : CreateEntities
23:08:16.163    ENTITY       : Create entity @"ENTITY:1" ('world', GenericWorldEntity) at <0.000000 0.000000 0.000000>
23:08:16.163     RESOURCES (E):   Failed to decompress memory image data. Data is not DXT.
23:08:16.163     WORLD     (E): Shore map CPU data creation failed - decompression of DF near atlas texture failed.
23:08:16.163     WORLD     (E): Loading of shore map failed - creation of CPU data failed
23:08:16.163     WORLD     (E): Loading of shore map failed - post load checks failed
23:08:19.935    ENTITY       : Create entity @"ENTITY:47511" ('PreloadManager1', BasePreloadManager) at <0.033000 0.000000 -0.021000> @"{104F8505FD1871EF}Prefabs/World/Game/PreloadManager.et"
23:08:19.935     ENTITY       : SpawnEntityPrefab @"{6058AB54781A0C52}Prefabs/Characters/Factions/BLUFOR/US_Army/Character_US_AMG.et"
23:08:19.935      WORLD        : InitEntities 'PreloadWorld'
23:08:19.935       ENTITY       : Init entity @"ENTITY:1" ('SCR_ChimeraCharacter','Assets/Characters/Basebody/Basebody_Male_01.xob') at <0.000000 0.000000 0.000000> @"{6058AB54781A0C52}Prefabs/Characters/Factions/BLUFOR/US_Army/Character_US_AMG.et"
23:08:19.936        INVENTORY (E): Couldn't insert item @"ENTITY:55" ('GenericEntity','Assets/Weapons/Magazines/STANAG/Magazine_30rnd_STANAG.xob') at <0.000000 0.000000 0.000000> @"{D8F2CA92583B23D3}Prefabs/Weapons/Magazines/Magazine_556x45_STANAG_30rnd_M855_M856_Last_5Tracer.et" into storage @"ENTITY:22" ('GenericEntity','Assets/Items/Equipment/Accessories/Pouch_ALICE_30rnd_STANAG/Pouch_ALICE_30rnd_STANAG.xob') at <-0.144399 1.162750 0.105744> @"{E3154E0EAC48D67B}Prefabs/Items/Equipment/Accessories/Pouch_ALICE_30rnd_STANAG/Pouch_ALICE_30rnd_STANAG.et" while spawning initial items inside the storage.
23:08:19.936        NETWORK   (W): Replication: RplComponent on entity @"ENTITY:55" ('GenericEntity','Assets/Weapons/Magazines/STANAG/Magazine_30rnd_STANAG.xob') at <0.000000 0.000000 0.000000> @"{D8F2CA92583B23D3}Prefabs/Weapons/Magazines/Magazine_556x45_STANAG_30rnd_M855_M856_Last_5Tracer.et" destroyed during loading of the world. This might cause issues with startup sync!
23:08:19.936        INVENTORY (E): Couldn't insert item @"ENTITY:56" ('GenericEntity','Assets/Weapons/Magazines/STANAG/Magazine_30rnd_STANAG.xob') at <0.000000 0.000000 0.000000> @"{D8F2CA92583B23D3}Prefabs/Weapons/Magazines/Magazine_556x45_STANAG_30rnd_M855_M856_Last_5Tracer.et" into storage @"ENTITY:22" ('GenericEntity','Assets/Items/Equipment/Accessories/Pouch_ALICE_30rnd_STANAG/Pouch_ALICE_30rnd_STANAG.xob') at <-0.144399 1.162750 0.105744> @"{E3154E0EAC48D67B}Prefabs/Items/Equipment/Accessories/Pouch_ALICE_30rnd_STANAG/Pouch_ALICE_30rnd_STANAG.et" while spawning initial items inside the storage.
23:08:19.936        NETWORK   (W): Replication: RplComponent on entity @"ENTITY:56" ('GenericEntity','Assets/Weapons/Magazines/STANAG/Magazine_30rnd_STANAG.xob') at <0.000000 0.000000 0.000000> @"{D8F2CA92583B23D3}Prefabs/Weapons/Magazines/Magazine_556x45_STANAG_30rnd_M855_M856_Last_5Tracer.et" destroyed during loading of the world. This might cause issues with startup sync!
23:08:19.936        INVENTORY (E): Couldn't insert item @"ENTITY:57" ('GenericEntity','Assets/Weapons/Magazines/STANAG/Magazine_30rnd_STANAG.xob') at <0.000000 0.000000 0.000000> @"{D8F2CA92583B23D3}Prefabs/Weapons/Magazines/Magazine_556x45_STANAG_30rnd_M855_M856_Last_5Tracer.et" into storage @"ENTITY:22" ('GenericEntity','Assets/Items/Equipment/Accessories/Pouch_ALICE_30rnd_STANAG/Pouch_ALICE_30rnd_STANAG.xob') at <-0.144399 1.162750 0.105744> @"{E3154E0EAC48D67B}Prefabs/Items/Equipment/Accessories/Pouch_ALICE_30rnd_STANAG/Pouch_ALICE_30rnd_STANAG.et" while spawning initial items inside the storage.
23:08:19.936        NETWORK   (W): Replication: RplComponent on entity @"ENTITY:57" ('GenericEntity','Assets/Weapons/Magazines/STANAG/Magazine_30rnd_STANAG.xob') at <0.000000 0.000000 0.000000> @"{D8F2CA92583B23D3}Prefabs/Weapons/Magazines/Magazine_556x45_STANAG_30rnd_M855_M856_Last_5Tracer.et" destroyed during loading of the world. This might cause issues with startup sync!
23:08:19.975     ENTITY       : SpawnEntityPrefab @"{5B1996C05B1E51A4}Prefabs/Characters/Factions/BLUFOR/US_Army/Character_US_AR.et"
23:08:19.975      WORLD        : InitEntities 'PreloadWorld'
23:08:19.975       ENTITY       : Init entity @"ENTITY:61" ('SCR_ChimeraCharacter','Assets/Characters/Basebody/Basebody_Male_01.xob') at <0.000000 0.000000 0.000000> @"{5B1996C05B1E51A4}Prefabs/Characters/Factions/BLUFOR/US_Army/Character_US_AR.et"
23:08:19.975        INVENTORY (E): Couldn't insert item @"ENTITY:103" ('GenericEntity','Assets/Weapons/Magazines/M249/Magazine_200rnd_M249_item.xob') at <0.000000 0.000000 0.000000> @"{06D722FC2666EB83}Prefabs/Weapons/Magazines/Box_556x45_M249_200rnd_4Ball_1Tracer.et" into storage @"ENTITY:78" ('GenericEntity','Assets/Items/Equipment/Accessories/Pouch_ALICE_200rnd_M249/Pouch_ALICE_200rnd_M249.xob') at <-0.160200 1.020957 0.135574> @"{4F018E3CF74D8636}Prefabs/Items/Equipment/Accessories/Pouch_ALICE_200rnd_M249/Pouch_ALICE_200rnd_M249.et" while spawning initial items inside the storage.
23:08:19.975        NETWORK   (W): Replication: RplComponent on entity @"ENTITY:103" ('GenericEntity','Assets/Weapons/Magazines/M249/Magazine_200rnd_M249_item.xob') at <0.000000 0.000000 0.000000> @"{06D722FC2666EB83}Prefabs/Weapons/Magazines/Box_556x45_M249_200rnd_4Ball_1Tracer.et" destroyed during loading of the world. This might cause issues with startup sync!
23:08:19.990     ENTITY       : SpawnEntityPrefab @"{84029128FA6F6BB9}Prefabs/Characters/Factions/BLUFOR/US_Army/Character_US_GL.et"
23:08:19.990      WORLD        : InitEntities 'PreloadWorld'
23:08:19.990       ENTITY       : Init entity @"ENTITY:105" ('SCR_ChimeraCharacter','Assets/Characters/Basebody/Basebody_Male_01.xob') at <0.000000 0.000000 0.000000> @"{84029128FA6F6BB9}Prefabs/Characters/Factions/BLUFOR/US_Army/Character_US_GL.et"
23:08:19.990        INVENTORY (E): Couldn't insert item @"ENTITY:153" ('GenericEntity','Assets/Weapons/Magazines/STANAG/Magazine_30rnd_STANAG.xob') at <0.000000 0.000000 0.000000> @"{D8F2CA92583B23D3}Prefabs/Weapons/Magazines/Magazine_556x45_STANAG_30rnd_M855_M856_Last_5Tracer.et" into storage @"ENTITY:124" ('GenericEntity','Assets/Items/Equipment/Accessories/Pouch_ALICE_30rnd_STANAG/Pouch_ALICE_30rnd_STANAG.xob') at <-0.105000 1.129537 0.050875> @"{0B0D67BC8F43A052}Prefabs/Items/Equipment/Accessories/Pouch_ALICE_30rnd_STANAG/Pouch_ALICE_30rnd_STANAG_base.et" while spawning initial items inside the storage.
23:08:19.990        NETWORK   (W): Replication: RplComponent on entity @"ENTITY:153" ('GenericEntity','Assets/Weapons/Magazines/STANAG/Magazine_30rnd_STANAG.xob') at <0.000000 0.000000 0.000000> @"{D8F2CA92583B23D3}Prefabs/Weapons/Magazines/Magazine_556x45_STANAG_30rnd_M855_M856_Last_5Tracer.et" destroyed during loading of the world. This might cause issues with startup sync!
23:08:19.990        INVENTORY (E): Couldn't insert item @"ENTITY:154" ('GenericEntity','Assets/Weapons/Magazines/STANAG/Magazine_30rnd_STANAG.xob') at <0.000000 0.000000 0.000000> @"{D8F2CA92583B23D3}Prefabs/Weapons/Magazines/Magazine_556x45_STANAG_30rnd_M855_M856_Last_5Tracer.et" into storage @"ENTITY:124" ('GenericEntity','Assets/Items/Equipment/Accessories/Pouch_ALICE_30rnd_STANAG/Pouch_ALICE_30rnd_STANAG.xob') at <-0.105000 1.129537 0.050875> @"{0B0D67BC8F43A052}Prefabs/Items/Equipment/Accessories/Pouch_ALICE_30rnd_STANAG/Pouch_ALICE_30rnd_STANAG_base.et" while spawning initial items inside the storage.
23:08:19.990        NETWORK   (W): Replication: RplComponent on entity @"ENTITY:154" ('GenericEntity','Assets/Weapons/Magazines/STANAG/Magazine_30rnd_STANAG.xob') at <0.000000 0.000000 0.000000> @"{D8F2CA92583B23D3}Prefabs/Weapons/Magazines/Magazine_556x45_STANAG_30rnd_M855_M856_Last_5Tracer.et" destroyed during loading of the world. This might cause issues with startup sync!
23:08:19.991        INVENTORY (E): Couldn't insert item @"ENTITY:155" ('GenericEntity','Assets/Weapons/Grenades/M67/Grenade_M67.xob') at <0.000000 0.000000 0.000000> @"{E8F00BF730225B00}Prefabs/Weapons/Grenades/Grenade_M67.et" into storage @"ENTITY:124" ('GenericEntity','Assets/Items/Equipment/Accessories/Pouch_ALICE_30rnd_STANAG/Pouch_ALICE_30rnd_STANAG.xob') at <-0.105000 1.129537 0.050875> @"{0B0D67BC8F43A052}Prefabs/Items/Equipment/Accessories/Pouch_ALICE_30rnd_STANAG/Pouch_ALICE_30rnd_STANAG_base.et" while spawning initial items inside the storage.
23:08:19.991        NETWORK   (W): Replication: RplComponent on entity @"ENTITY:155" ('GenericEntity','Assets/Weapons/Grenades/M67/Grenade_M67.xob') at <0.000000 0.000000 0.000000> @"{E8F00BF730225B00}Prefabs/Weapons/Grenades/Grenade_M67.et" destroyed during loading of the world. This might cause issues with startup sync!
23:08:19.991        INVENTORY (E): Couldn't insert item @"ENTITY:156" ('GenericEntity','Assets/Weapons/Grenades/M67/Grenade_M67.xob') at <0.000000 0.000000 0.000000> @"{E8F00BF730225B00}Prefabs/Weapons/Grenades/Grenade_M67.et" into storage @"ENTITY:124" ('GenericEntity','Assets/Items/Equipment/Accessories/Pouch_ALICE_30rnd_STANAG/Pouch_ALICE_30rnd_STANAG.xob') at <-0.105000 1.129537 0.050875> @"{0B0D67BC8F43A052}Prefabs/Items/Equipment/Accessories/Pouch_ALICE_30rnd_STANAG/Pouch_ALICE_30rnd_STANAG_base.et" while spawning initial items inside the storage.
23:08:19.991        NETWORK   (W): Replication: RplComponent on entity @"ENTITY:156" ('GenericEntity','Assets/Weapons/Grenades/M67/Grenade_M67.xob') at <0.000000 0.000000 0.000000> @"{E8F00BF730225B00}Prefabs/Weapons/Grenades/Grenade_M67.et" destroyed during loading of the world. This might cause issues with startup sync!
23:08:19.991        INVENTORY (E): Couldn't insert item @"ENTITY:157" ('GenericEntity','Assets/Weapons/Grenades/M67/Grenade_M67.xob') at <0.000000 0.000000 0.000000> @"{E8F00BF730225B00}Prefabs/Weapons/Grenades/Grenade_M67.et" into storage @"ENTITY:124" ('GenericEntity','Assets/Items/Equipment/Accessories/Pouch_ALICE_30rnd_STANAG/Pouch_ALICE_30rnd_STANAG.xob') at <-0.105000 1.129537 0.050875> @"{0B0D67BC8F43A052}Prefabs/Items/Equipment/Accessories/Pouch_ALICE_30rnd_STANAG/Pouch_ALICE_30rnd_STANAG_base.et" while spawning initial items inside the storage.
23:08:19.991        NETWORK   (W): Replication: RplComponent on entity @"ENTITY:157" ('GenericEntity','Assets/Weapons/Grenades/M67/Grenade_M67.xob') at <0.000000 0.000000 0.000000> @"{E8F00BF730225B00}Prefabs/Weapons/Grenades/Grenade_M67.et" destroyed during loading of the world. This might cause issues with startup sync!
23:08:20.004     ENTITY       : SpawnEntityPrefab @"{27BF1FF235DD6036}Prefabs/Characters/Factions/BLUFOR/US_Army/Character_US_LAT.et"
23:08:20.004      WORLD        : InitEntities 'PreloadWorld'
23:08:20.004       ENTITY       : Init entity @"ENTITY:178" ('SCR_ChimeraCharacter','Assets/Characters/Basebody/Basebody_Male_01.xob') at <0.000000 0.000000 0.000000> @"{27BF1FF235DD6036}Prefabs/Characters/Factions/BLUFOR/US_Army/Character_US_LAT.et"
23:08:20.004        INVENTORY (E): Couldn't insert item @"ENTITY:228" ('GenericEntity','Assets/Weapons/Magazines/STANAG/Magazine_30rnd_STANAG.xob') at <0.000000 0.000000 0.000000> @"{D8F2CA92583B23D3}Prefabs/Weapons/Magazines/Magazine_556x45_STANAG_30rnd_M855_M856_Last_5Tracer.et" into storage @"ENTITY:199" ('GenericEntity','Assets/Items/Equipment/Accessories/Pouch_ALICE_30rnd_STANAG/Pouch_ALICE_30rnd_STANAG.xob') at <-0.144399 1.162750 0.105744> @"{E3154E0EAC48D67B}Prefabs/Items/Equipment/Accessories/Pouch_ALICE_30rnd_STANAG/Pouch_ALICE_30rnd_STANAG.et" while spawning initial items inside the storage.
23:08:20.004        NETWORK   (W): Replication: RplComponent on entity @"ENTITY:228" ('GenericEntity','Assets/Weapons/Magazines/STANAG/Magazine_30rnd_STANAG.xob') at <0.000000 0.000000 0.000000> @"{D8F2CA92583B23D3}Prefabs/Weapons/Magazines/Magazine_556x45_STANAG_30rnd_M855_M856_Last_5Tracer.et" destroyed during loading of the world. This might cause issues with startup sync!
23:08:20.004        INVENTORY (E): Couldn't insert item @"ENTITY:229" ('GenericEntity','Assets/Weapons/Magazines/STANAG/Magazine_30rnd_STANAG.xob') at <0.000000 0.000000 0.000000> @"{D8F2CA92583B23D3}Prefabs/Weapons/Magazines/Magazine_556x45_STANAG_30rnd_M855_M856_Last_5Tracer.et" into storage @"ENTITY:199" ('GenericEntity','Assets/Items/Equipment/Accessories/Pouch_ALICE_30rnd_STANAG/Pouch_ALICE_30rnd_STANAG.xob') at <-0.144399 1.162750 0.105744> @"{E3154E0EAC48D67B}Prefabs/Items/Equipment/Accessories/Pouch_ALICE_30rnd_STANAG/Pouch_ALICE_30rnd_STANAG.et" while spawning initial items inside the storage.
23:08:20.004        NETWORK   (W): Replication: RplComponent on entity @"ENTITY:229" ('GenericEntity','Assets/Weapons/Magazines/STANAG/Magazine_30rnd_STANAG.xob') at <0.000000 0.000000 0.000000> @"{D8F2CA92583B23D3}Prefabs/Weapons/Magazines/Magazine_556x45_STANAG_30rnd_M855_M856_Last_5Tracer.et" destroyed during loading of the world. This might cause issues with startup sync!
23:08:20.005        INVENTORY (E): Couldn't insert item @"ENTITY:230" ('GenericEntity','Assets/Weapons/Magazines/STANAG/Magazine_30rnd_STANAG.xob') at <0.000000 0.000000 0.000000> @"{D8F2CA92583B23D3}Prefabs/Weapons/Magazines/Magazine_556x45_STANAG_30rnd_M855_M856_Last_5Tracer.et" into storage @"ENTITY:199" ('GenericEntity','Assets/Items/Equipment/Accessories/Pouch_ALICE_30rnd_STANAG/Pouch_ALICE_30rnd_STANAG.xob') at <-0.144399 1.162750 0.105744> @"{E3154E0EAC48D67B}Prefabs/Items/Equipment/Accessories/Pouch_ALICE_30rnd_STANAG/Pouch_ALICE_30rnd_STANAG.et" while spawning initial items inside the storage.
23:08:20.005        NETWORK   (W): Replication: RplComponent on entity @"ENTITY:230" ('GenericEntity','Assets/Weapons/Magazines/STANAG/Magazine_30rnd_STANAG.xob') at <0.000000 0.000000 0.000000> @"{D8F2CA92583B23D3}Prefabs/Weapons/Magazines/Magazine_556x45_STANAG_30rnd_M855_M856_Last_5Tracer.et" destroyed during loading of the world. This might cause issues with startup sync!
23:08:20.020     ENTITY       : SpawnEntityPrefab @"{C9E4FEAF5AAC8D8C}Prefabs/Characters/Factions/BLUFOR/US_Army/Character_US_Medic.et"
23:08:20.020      WORLD        : InitEntities 'PreloadWorld'
23:08:20.020       ENTITY       : Init entity @"ENTITY:234" ('SCR_ChimeraCharacter','Assets/Characters/Basebody/Basebody_Male_01.xob') at <0.000000 0.000000 0.000000> @"{C9E4FEAF5AAC8D8C}Prefabs/Characters/Factions/BLUFOR/US_Army/Character_US_Medic.et"
23:08:20.020        INVENTORY (E): Couldn't insert item @"ENTITY:307" ('GenericEntity','Assets/Weapons/Magazines/STANAG/Magazine_30rnd_STANAG.xob') at <0.000000 0.000000 0.000000> @"{D8F2CA92583B23D3}Prefabs/Weapons/Magazines/Magazine_556x45_STANAG_30rnd_M855_M856_Last_5Tracer.et" into storage @"ENTITY:255" ('GenericEntity','Assets/Items/Equipment/Accessories/Pouch_ALICE_30rnd_STANAG/Pouch_ALICE_30rnd_STANAG.xob') at <-0.144399 1.162750 0.105744> @"{E3154E0EAC48D67B}Prefabs/Items/Equipment/Accessories/Pouch_ALICE_30rnd_STANAG/Pouch_ALICE_30rnd_STANAG.et" while spawning initial items inside the storage.
23:08:20.020        NETWORK   (W): Replication: RplComponent on entity @"ENTITY:307" ('GenericEntity','Assets/Weapons/Magazines/STANAG/Magazine_30rnd_STANAG.xob') at <0.000000 0.000000 0.000000> @"{D8F2CA92583B23D3}Prefabs/Weapons/Magazines/Magazine_556x45_STANAG_30rnd_M855_M856_Last_5Tracer.et" destroyed during loading of the world. This might cause issues with startup sync!
23:08:20.020        INVENTORY (E): Couldn't insert item @"ENTITY:308" ('GenericEntity','Assets/Weapons/Magazines/STANAG/Magazine_30rnd_STANAG.xob') at <0.000000 0.000000 0.000000> @"{D8F2CA92583B23D3}Prefabs/Weapons/Magazines/Magazine_556x45_STANAG_30rnd_M855_M856_Last_5Tracer.et" into storage @"ENTITY:255" ('GenericEntity','Assets/Items/Equipment/Accessories/Pouch_ALICE_30rnd_STANAG/Pouch_ALICE_30rnd_STANAG.xob') at <-0.144399 1.162750 0.105744> @"{E3154E0EAC48D67B}Prefabs/Items/Equipment/Accessories/Pouch_ALICE_30rnd_STANAG/Pouch_ALICE_30rnd_STANAG.et" while spawning initial items inside the storage.
23:08:20.020        NETWORK   (W): Replication: RplComponent on entity @"ENTITY:308" ('GenericEntity','Assets/Weapons/Magazines/STANAG/Magazine_30rnd_STANAG.xob') at <0.000000 0.000000 0.000000> @"{D8F2CA92583B23D3}Prefabs/Weapons/Magazines/Magazine_556x45_STANAG_30rnd_M855_M856_Last_5Tracer.et" destroyed during loading of the world. This might cause issues with startup sync!
23:08:20.044     ENTITY       : SpawnEntityPrefab @"{26A9756790131354}Prefabs/Characters/Factions/BLUFOR/US_Army/Character_US_Rifleman.et"
23:08:20.044      WORLD        : InitEntities 'PreloadWorld'
23:08:20.044       ENTITY       : Init entity @"ENTITY:357" ('SCR_ChimeraCharacter','Assets/Characters/Basebody/Basebody_Male_01.xob') at <0.000000 0.000000 0.000000> @"{26A9756790131354}Prefabs/Characters/Factions/BLUFOR/US_Army/Character_US_Rifleman.et"
23:08:20.044        INVENTORY (E): Couldn't insert item @"ENTITY:405" ('GenericEntity','Assets/Weapons/Magazines/STANAG/Magazine_30rnd_STANAG.xob') at <0.000000 0.000000 0.000000> @"{D8F2CA92583B23D3}Prefabs/Weapons/Magazines/Magazine_556x45_STANAG_30rnd_M855_M856_Last_5Tracer.et" into storage @"ENTITY:376" ('GenericEntity','Assets/Items/Equipment/Accessories/Pouch_ALICE_30rnd_STANAG/Pouch_ALICE_30rnd_STANAG.xob') at <-0.144399 1.162750 0.105744> @"{E3154E0EAC48D67B}Prefabs/Items/Equipment/Accessories/Pouch_ALICE_30rnd_STANAG/Pouch_ALICE_30rnd_STANAG.et" while spawning initial items inside the storage.
23:08:20.044        NETWORK   (W): Replication: RplComponent on entity @"ENTITY:405" ('GenericEntity','Assets/Weapons/Magazines/STANAG/Magazine_30rnd_STANAG.xob') at <0.000000 0.000000 0.000000> @"{D8F2CA92583B23D3}Prefabs/Weapons/Magazines/Magazine_556x45_STANAG_30rnd_M855_M856_Last_5Tracer.et" destroyed during loading of the world. This might cause issues with startup sync!
23:08:20.044        INVENTORY (E): Couldn't insert item @"ENTITY:406" ('GenericEntity','Assets/Weapons/Magazines/STANAG/Magazine_30rnd_STANAG.xob') at <0.000000 0.000000 0.000000> @"{D8F2CA92583B23D3}Prefabs/Weapons/Magazines/Magazine_556x45_STANAG_30rnd_M855_M856_Last_5Tracer.et" into storage @"ENTITY:376" ('GenericEntity','Assets/Items/Equipment/Accessories/Pouch_ALICE_30rnd_STANAG/Pouch_ALICE_30rnd_STANAG.xob') at <-0.144399 1.162750 0.105744> @"{E3154E0EAC48D67B}Prefabs/Items/Equipment/Accessories/Pouch_ALICE_30rnd_STANAG/Pouch_ALICE_30rnd_STANAG.et" while spawning initial items inside the storage.
23:08:20.044        NETWORK   (W): Replication: RplComponent on entity @"ENTITY:406" ('GenericEntity','Assets/Weapons/Magazines/STANAG/Magazine_30rnd_STANAG.xob') at <0.000000 0.000000 0.000000> @"{D8F2CA92583B23D3}Prefabs/Weapons/Magazines/Magazine_556x45_STANAG_30rnd_M855_M856_Last_5Tracer.et" destroyed during loading of the world. This might cause issues with startup sync!
23:08:20.044        INVENTORY (E): Couldn't insert item @"ENTITY:407" ('GenericEntity','Assets/Weapons/Magazines/STANAG/Magazine_30rnd_STANAG.xob') at <0.000000 0.000000 0.000000> @"{D8F2CA92583B23D3}Prefabs/Weapons/Magazines/Magazine_556x45_STANAG_30rnd_M855_M856_Last_5Tracer.et" into storage @"ENTITY:376" ('GenericEntity','Assets/Items/Equipment/Accessories/Pouch_ALICE_30rnd_STANAG/Pouch_ALICE_30rnd_STANAG.xob') at <-0.144399 1.162750 0.105744> @"{E3154E0EAC48D67B}Prefabs/Items/Equipment/Accessories/Pouch_ALICE_30rnd_STANAG/Pouch_ALICE_30rnd_STANAG.et" while spawning initial items inside the storage.
23:08:20.044        NETWORK   (W): Replication: RplComponent on entity @"ENTITY:407" ('GenericEntity','Assets/Weapons/Magazines/STANAG/Magazine_30rnd_STANAG.xob') at <0.000000 0.000000 0.000000> @"{D8F2CA92583B23D3}Prefabs/Weapons/Magazines/Magazine_556x45_STANAG_30rnd_M855_M856_Last_5Tracer.et" destroyed during loading of the world. This might cause issues with startup sync!
23:08:20.053     ENTITY       : SpawnEntityPrefab @"{1CA3D30464EE4674}Prefabs/Characters/Factions/BLUFOR/US_Army/Character_US_Spotter.et"
23:08:20.053      WORLD        : InitEntities 'PreloadWorld'
23:08:20.053       ENTITY       : Init entity @"ENTITY:411" ('SCR_ChimeraCharacter','Assets/Characters/Basebody/Basebody_Male_01.xob') at <0.000000 0.000000 0.000000> @"{1CA3D30464EE4674}Prefabs/Characters/Factions/BLUFOR/US_Army/Character_US_Spotter.et"
23:08:20.053        INVENTORY (E): Couldn't insert item @"ENTITY:461" ('GenericEntity','Assets/Weapons/Magazines/STANAG/Magazine_30rnd_STANAG.xob') at <0.000000 0.000000 0.000000> @"{D8F2CA92583B23D3}Prefabs/Weapons/Magazines/Magazine_556x45_STANAG_30rnd_M855_M856_Last_5Tracer.et" into storage @"ENTITY:432" ('GenericEntity','Assets/Items/Equipment/Accessories/Pouch_ALICE_30rnd_STANAG/Pouch_ALICE_30rnd_STANAG.xob') at <-0.105000 1.129537 0.050875> @"{0B0D67BC8F43A052}Prefabs/Items/Equipment/Accessories/Pouch_ALICE_30rnd_STANAG/Pouch_ALICE_30rnd_STANAG_base.et" while spawning initial items inside the storage.
23:08:20.053        NETWORK   (W): Replication: RplComponent on entity @"ENTITY:461" ('GenericEntity','Assets/Weapons/Magazines/STANAG/Magazine_30rnd_STANAG.xob') at <0.000000 0.000000 0.000000> @"{D8F2CA92583B23D3}Prefabs/Weapons/Magazines/Magazine_556x45_STANAG_30rnd_M855_M856_Last_5Tracer.et" destroyed during loading of the world. This might cause issues with startup sync!
23:08:20.053        INVENTORY (E): Couldn't insert item @"ENTITY:462" ('GenericEntity','Assets/Weapons/Magazines/STANAG/Magazine_30rnd_STANAG.xob') at <0.000000 0.000000 0.000000> @"{D8F2CA92583B23D3}Prefabs/Weapons/Magazines/Magazine_556x45_STANAG_30rnd_M855_M856_Last_5Tracer.et" into storage @"ENTITY:432" ('GenericEntity','Assets/Items/Equipment/Accessories/Pouch_ALICE_30rnd_STANAG/Pouch_ALICE_30rnd_STANAG.xob') at <-0.105000 1.129537 0.050875> @"{0B0D67BC8F43A052}Prefabs/Items/Equipment/Accessories/Pouch_ALICE_30rnd_STANAG/Pouch_ALICE_30rnd_STANAG_base.et" while spawning initial items inside the storage.
23:08:20.053        NETWORK   (W): Replication: RplComponent on entity @"ENTITY:462" ('GenericEntity','Assets/Weapons/Magazines/STANAG/Magazine_30rnd_STANAG.xob') at <0.000000 0.000000 0.000000> @"{D8F2CA92583B23D3}Prefabs/Weapons/Magazines/Magazine_556x45_STANAG_30rnd_M855_M856_Last_5Tracer.et" destroyed during loading of the world. This might cause issues with startup sync!
23:08:20.053        INVENTORY (E): Couldn't insert item @"ENTITY:463" ('GenericEntity','Assets/Weapons/Grenades/M67/Grenade_M67.xob') at <0.000000 0.000000 0.000000> @"{E8F00BF730225B00}Prefabs/Weapons/Grenades/Grenade_M67.et" into storage @"ENTITY:432" ('GenericEntity','Assets/Items/Equipment/Accessories/Pouch_ALICE_30rnd_STANAG/Pouch_ALICE_30rnd_STANAG.xob') at <-0.105000 1.129537 0.050875> @"{0B0D67BC8F43A052}Prefabs/Items/Equipment/Accessories/Pouch_ALICE_30rnd_STANAG/Pouch_ALICE_30rnd_STANAG_base.et" while spawning initial items inside the storage.
23:08:20.053        NETWORK   (W): Replication: RplComponent on entity @"ENTITY:463" ('GenericEntity','Assets/Weapons/Grenades/M67/Grenade_M67.xob') at <0.000000 0.000000 0.000000> @"{E8F00BF730225B00}Prefabs/Weapons/Grenades/Grenade_M67.et" destroyed during loading of the world. This might cause issues with startup sync!
23:08:20.053        INVENTORY (E): Couldn't insert item @"ENTITY:464" ('GenericEntity','Assets/Weapons/Grenades/M67/Grenade_M67.xob') at <0.000000 0.000000 0.000000> @"{E8F00BF730225B00}Prefabs/Weapons/Grenades/Grenade_M67.et" into storage @"ENTITY:432" ('GenericEntity','Assets/Items/Equipment/Accessories/Pouch_ALICE_30rnd_STANAG/Pouch_ALICE_30rnd_STANAG.xob') at <-0.105000 1.129537 0.050875> @"{0B0D67BC8F43A052}Prefabs/Items/Equipment/Accessories/Pouch_ALICE_30rnd_STANAG/Pouch_ALICE_30rnd_STANAG_base.et" while spawning initial items inside the storage.
23:08:20.053        NETWORK   (W): Replication: RplComponent on entity @"ENTITY:464" ('GenericEntity','Assets/Weapons/Grenades/M67/Grenade_M67.xob') at <0.000000 0.000000 0.000000> @"{E8F00BF730225B00}Prefabs/Weapons/Grenades/Grenade_M67.et" destroyed during loading of the world. This might cause issues with startup sync!
23:08:20.053        INVENTORY (E): Couldn't insert item @"ENTITY:465" ('GenericEntity','Assets/Weapons/Grenades/M67/Grenade_M67.xob') at <0.000000 0.000000 0.000000> @"{E8F00BF730225B00}Prefabs/Weapons/Grenades/Grenade_M67.et" into storage @"ENTITY:432" ('GenericEntity','Assets/Items/Equipment/Accessories/Pouch_ALICE_30rnd_STANAG/Pouch_ALICE_30rnd_STANAG.xob') at <-0.105000 1.129537 0.050875> @"{0B0D67BC8F43A052}Prefabs/Items/Equipment/Accessories/Pouch_ALICE_30rnd_STANAG/Pouch_ALICE_30rnd_STANAG_base.et" while spawning initial items inside the storage.
23:08:20.053        NETWORK   (W): Replication: RplComponent on entity @"ENTITY:465" ('GenericEntity','Assets/Weapons/Grenades/M67/Grenade_M67.xob') at <0.000000 0.000000 0.000000> @"{E8F00BF730225B00}Prefabs/Weapons/Grenades/Grenade_M67.et" destroyed during loading of the world. This might cause issues with startup sync!
23:08:20.111     ENTITY       : SpawnEntityPrefab @"{23ADBBC31B6A3DC6}Prefabs/Characters/Factions/OPFOR/USSR_Army/Character_USSR_AR.et"
23:08:20.111      WORLD        : InitEntities 'PreloadWorld'
23:08:20.111       ENTITY       : Init entity @"ENTITY:533" ('SCR_ChimeraCharacter','Assets/Characters/Basebody/Basebody_Male_01.xob') at <0.000000 0.000000 0.000000> @"{23ADBBC31B6A3DC6}Prefabs/Characters/Factions/OPFOR/USSR_Army/Character_USSR_AR.et"
23:08:20.111        INVENTORY (E): Couldn't insert item @"ENTITY:573" ('GenericEntity','Assets/Weapons/Magazines/RPK74/Magazine_45rnd_RPK74.xob') at <0.000000 0.000000 0.000000> @"{D78C667F59829717}Prefabs/Weapons/Magazines/Magazine_545x39_RPK_45rnd_4Ball_1Tracer.et" into storage @"ENTITY:550" ('GenericEntity','Assets/Items/Equipment/Accessories/Pouch_Soviet_45rnd_RPK74/Pouch_Soviet_45rnd_RPK74.xob') at <-0.128100 1.112072 0.103191> @"{B6EEF03975F21E4E}Prefabs/Items/Equipment/Accessories/Pouch_Soviet_45rnd_RPK74/Pouch_Soviet_45rnd_RPK74.et" while spawning initial items inside the storage.
23:08:20.111        NETWORK   (W): Replication: RplComponent on entity @"ENTITY:573" ('GenericEntity','Assets/Weapons/Magazines/RPK74/Magazine_45rnd_RPK74.xob') at <0.000000 0.000000 0.000000> @"{D78C667F59829717}Prefabs/Weapons/Magazines/Magazine_545x39_RPK_45rnd_4Ball_1Tracer.et" destroyed during loading of the world. This might cause issues with startup sync!
23:08:20.111        INVENTORY (E): Couldn't insert item @"ENTITY:574" ('GenericEntity','Assets/Weapons/Magazines/RPK74/Magazine_45rnd_RPK74.xob') at <0.000000 0.000000 0.000000> @"{D78C667F59829717}Prefabs/Weapons/Magazines/Magazine_545x39_RPK_45rnd_4Ball_1Tracer.et" into storage @"ENTITY:550" ('GenericEntity','Assets/Items/Equipment/Accessories/Pouch_Soviet_45rnd_RPK74/Pouch_Soviet_45rnd_RPK74.xob') at <-0.128100 1.112072 0.103191> @"{B6EEF03975F21E4E}Prefabs/Items/Equipment/Accessories/Pouch_Soviet_45rnd_RPK74/Pouch_Soviet_45rnd_RPK74.et" while spawning initial items inside the storage.
23:08:20.111        NETWORK   (W): Replication: RplComponent on entity @"ENTITY:574" ('GenericEntity','Assets/Weapons/Magazines/RPK74/Magazine_45rnd_RPK74.xob') at <0.000000 0.000000 0.000000> @"{D78C667F59829717}Prefabs/Weapons/Magazines/Magazine_545x39_RPK_45rnd_4Ball_1Tracer.et" destroyed during loading of the world. This might cause issues with startup sync!
23:08:20.111        INVENTORY (E): Couldn't insert item @"ENTITY:575" ('GenericEntity','Assets/Weapons/Magazines/RPK74/Magazine_45rnd_RPK74.xob') at <0.000000 0.000000 0.000000> @"{D78C667F59829717}Prefabs/Weapons/Magazines/Magazine_545x39_RPK_45rnd_4Ball_1Tracer.et" into storage @"ENTITY:550" ('GenericEntity','Assets/Items/Equipment/Accessories/Pouch_Soviet_45rnd_RPK74/Pouch_Soviet_45rnd_RPK74.xob') at <-0.128100 1.112072 0.103191> @"{B6EEF03975F21E4E}Prefabs/Items/Equipment/Accessories/Pouch_Soviet_45rnd_RPK74/Pouch_Soviet_45rnd_RPK74.et" while spawning initial items inside the storage.
23:08:20.111        NETWORK   (W): Replication: RplComponent on entity @"ENTITY:575" ('GenericEntity','Assets/Weapons/Magazines/RPK74/Magazine_45rnd_RPK74.xob') at <0.000000 0.000000 0.000000> @"{D78C667F59829717}Prefabs/Weapons/Magazines/Magazine_545x39_RPK_45rnd_4Ball_1Tracer.et" destroyed during loading of the world. This might cause issues with startup sync!
23:08:20.111        INVENTORY (E): Couldn't insert item @"ENTITY:576" ('GenericEntity','Assets/Weapons/Magazines/RPK74/Magazine_45rnd_RPK74.xob') at <0.000000 0.000000 0.000000> @"{D78C667F59829717}Prefabs/Weapons/Magazines/Magazine_545x39_RPK_45rnd_4Ball_1Tracer.et" into storage @"ENTITY:550" ('GenericEntity','Assets/Items/Equipment/Accessories/Pouch_Soviet_45rnd_RPK74/Pouch_Soviet_45rnd_RPK74.xob') at <-0.128100 1.112072 0.103191> @"{B6EEF03975F21E4E}Prefabs/Items/Equipment/Accessories/Pouch_Soviet_45rnd_RPK74/Pouch_Soviet_45rnd_RPK74.et" while spawning initial items inside the storage.
23:08:20.111        NETWORK   (W): Replication: RplComponent on entity @"ENTITY:576" ('GenericEntity','Assets/Weapons/Magazines/RPK74/Magazine_45rnd_RPK74.xob') at <0.000000 0.000000 0.000000> @"{D78C667F59829717}Prefabs/Weapons/Magazines/Magazine_545x39_RPK_45rnd_4Ball_1Tracer.et" destroyed during loading of the world. This might cause issues with startup sync!
23:08:24.857    ENTITY       : Create entity @"ENTITY:611109" ('StaticModelEntity','Assets/Structures/Infrastructure/Towers/TransmitterTower_01/TransmitterTower_01_small.xob') at <1931.796021 81.777000 5138.725098> @"{6A004A8F0571D456}Prefabs/Structures/Infrastructure/Towers/TransmitterTower_01/TransmitterTower_01_small.et"
23:08:24.857     DEFAULT   (W): World doesn't contain RadioManagerEntity to support any BaseRadioComponent.
23:08:29.833    ENTITY       : Create entity @"ENTITY:1102567" ('StaticModelEntity') at <8831.291016 95.934265 2673.487061>
23:08:29.834     MATERIAL     : Material load @"{45ECF6B1797D3CD9}system/wbdata/PreviewWindow/TransparentMat.emat"
23:08:29.834      MATERIAL  (E): Material file not found
23:08:29.834     MATERIAL  (E): Object @"Assets/Structures/Cultural/Calvaries/CalvaryLarge_01/CalvaryLarge_01.xob" - cannot load material @"system/wbdata/PreviewWindow/TransparentMat.emat", creating default one (class MatPBRBasic)
23:08:35.577    ENTITY       : Create entity @"ENTITY:2305843009213693956" ('FactionManager', SCR_FactionManager) at <3885.617920 120.857002 5868.787109> @"{4A188E44289B9A50}Prefabs/MP/Managers/Factions/FactionManager_Editor.et"
23:08:35.577     RESOURCES    : GetResourceObject @"{DDDD9B51F1234DF3}Prefabs/Vehicles/Helicopters/UH1H/UH1H_armed.et"
23:08:35.577      WORLD        : Entity prefab load @"{DDDD9B51F1234DF3}Prefabs/Vehicles/Helicopters/UH1H/UH1H_armed.et"
23:08:35.577       RESOURCES    : GetResourceObject @"{70BAEEFC2D3FEE64}Prefabs/Vehicles/Helicopters/UH1H/UH1H.et"
23:08:35.577        WORLD        : Entity prefab load @"{70BAEEFC2D3FEE64}Prefabs/Vehicles/Helicopters/UH1H/UH1H.et"
23:08:35.577         RESOURCES    : GetResourceObject @"{D03C0F6044DB5208}Prefabs/Vehicles/Helicopters/UH1H/UH1H_base.et"
23:08:35.577          WORLD        : Entity prefab load @"{D03C0F6044DB5208}Prefabs/Vehicles/Helicopters/UH1H/UH1H_base.et"
23:08:35.577           RESOURCES    : GetResourceObject @"{CBD8C2393BE87581}Prefabs/Vehicles/Core/Helicopter_Base.et"
23:08:35.577            WORLD        : Entity prefab load @"{CBD8C2393BE87581}Prefabs/Vehicles/Core/Helicopter_Base.et"
23:08:35.577             RESOURCES    : GetResourceObject @"{FA11A8598F401058}Prefabs/Vehicles/Core/Configs/PilotCompartment_Base.conf"
23:08:35.577              DEFAULT      : Config load @"{FA11A8598F401058}Prefabs/Vehicles/Core/Configs/PilotCompartment_Base.conf"
23:08:35.577               DEFAULT   (E): Unknown keyword/data 'BrakeEffect' at offset 2202(0x89a)
23:08:35.577               DEFAULT   (E): Unknown keyword/data 'BrakeEffectReverse' at offset 2375(0x947)
23:08:35.578           WORLD     (E): Unknown keyword/data 'm_bShowEffectInWB' at offset 17107(0x42d3)
23:08:35.629     RESOURCES    : GetResourceObject @"{EC13D4E934B2ADD8}Prefabs/Items/Demining/MineFlags/MineFlag_US.et"
23:08:35.629      WORLD        : Entity prefab load @"{EC13D4E934B2ADD8}Prefabs/Items/Demining/MineFlags/MineFlag_US.et"
23:08:35.629       RESOURCES    : GetResourceObject @"{37535B53F57D1632}Prefabs/Items/Demining/MineFlags/MineFlag_base.et"
23:08:35.629        WORLD        : Entity prefab load @"{37535B53F57D1632}Prefabs/Items/Demining/MineFlags/MineFlag_base.et"
23:08:35.629         RESOURCES (E): Wrong GUID/name for resource @"{A65C460102F07AF5}Assets/Items/Medicine/PressureBandage_01/PressureBandage_01.xob" in property "Object"
23:08:35.692     RESOURCES    : GetResourceObject @"{7BD282AF716ED639}Prefabs/Vehicles/Helicopters/Mi8MT/Mi8MT_armed.et"
23:08:35.693      WORLD        : Entity prefab load @"{7BD282AF716ED639}Prefabs/Vehicles/Helicopters/Mi8MT/Mi8MT_armed.et"
23:08:35.693       RESOURCES    : GetResourceObject @"{20C37D5090E4E0E6}Prefabs/Vehicles/Helicopters/Mi8MT/Mi8MT_armed_base.et"
23:08:35.693        WORLD        : Entity prefab load @"{20C37D5090E4E0E6}Prefabs/Vehicles/Helicopters/Mi8MT/Mi8MT_armed_base.et"
23:08:35.693         RESOURCES    : GetResourceObject @"{AFF6067A5CE8A853}Prefabs/Vehicles/Helicopters/Mi8MT/Mi8MT_base.et"
23:08:35.693          WORLD        : Entity prefab load @"{AFF6067A5CE8A853}Prefabs/Vehicles/Helicopters/Mi8MT/Mi8MT_base.et"
23:08:35.693           RESOURCES    : GetResourceObject @"{AFF6067A5CE8A852}Prefabs/Vehicles/Helicopters/Mi8MT/Mi8_base.et"
23:08:35.693            WORLD        : Entity prefab load @"{AFF6067A5CE8A852}Prefabs/Vehicles/Helicopters/Mi8MT/Mi8_base.et"
23:08:35.693             WORLD     (E): Unknown keyword/data 'm_bShowEffectInWB' at offset 19174(0x4ae6)
23:08:35.790    ENTITY       : Create entity @"ENTITY:2305843009213695166" ('WeaponsCrate', GenericEntity) at <6734.744141 89.670998 5674.044922>
23:08:35.790     SCRIPT    (W): SCR_SaveArsenalLoadout is attached to an entity that does not have an arsenal on self or parent (if m_bAllowGetArsenalFromParent is true)!
23:08:35.790    ENTITY       : Create entity @"ENTITY:2305843009213695167" ('MedsCrate', GenericEntity) at <8779.837891 195.431000 3855.528076>
23:08:35.790     SCRIPT    (W): SCR_SaveArsenalLoadout is attached to an entity that does not have an arsenal on self or parent (if m_bAllowGetArsenalFromParent is true)!
23:08:35.791    ENTITY       : Create entity @"ENTITY:2305843009213695168" ('MagazinesCrate', GenericEntity) at <9529.912109 236.759003 2800.261963>
23:08:35.791     SCRIPT    (W): SCR_SaveArsenalLoadout is attached to an entity that does not have an arsenal on self or parent (if m_bAllowGetArsenalFromParent is true)!
23:08:35.791    ENTITY       : Create entity @"ENTITY:2305843009213695169" ('DocumentsCrate', GenericEntity) at <2850.600098 91.014000 4857.995117>
23:08:35.791     SCRIPT    (W): SCR_SaveArsenalLoadout is attached to an entity that does not have an arsenal on self or parent (if m_bAllowGetArsenalFromParent is true)!
23:08:35.811    ENTITY       : Create entity @"ENTITY:2305843009213695710" ('GenericEntity') at <7816.783203 143.425003 5068.500000>
23:08:35.811     NETWORK   (W): Replication: RplComponent on entity @"ENTITY:3" ('GenericEntity','Assets/Props/Civilian/Notebook_01/Notebook_01_Single.xob') at <0.000000 0.000000 0.000000> @"{04EEB10214E177B3}Prefabs/Props/Civilian/Notebook_01_Single_MarbleBlack.et" destroyed during loading of the world. This might cause issues with startup sync!
23:08:35.946    ENTITY       : Create entity @"ENTITY:2305843009213702437" ('GenericEntity','Assets/Props/Industrial/BarrelFuel_01/BarrelFuel_01_closed.xob') at <4983.840820 2.188000 3881.947021> @"{E2B42E634BC002F4}worlds/ScenarioFramework/CustomPrefabs/Barrel.et"
23:08:35.946     INVENTORY (W): @"ENTITY:2305843009213702437" ('GenericEntity','Assets/Props/Industrial/BarrelFuel_01/BarrelFuel_01_closed.xob') at <4983.840820 2.188000 3881.947021> @"{E2B42E634BC002F4}worlds/ScenarioFramework/CustomPrefabs/Barrel.et" "Parent Node From Parent Entity" property on RplComponent of the item is set to true. It should be set to false.
23:08:35.946    ENTITY       : Create entity @"ENTITY:2305843009213702438" ('GenericEntity','Assets/Props/Industrial/BarrelFuel_01/BarrelFuel_01_closed.xob') at <4988.200195 2.181000 3875.201904> @"{E2B42E634BC002F4}worlds/ScenarioFramework/CustomPrefabs/Barrel.et"
23:08:35.946     INVENTORY (W): @"ENTITY:2305843009213702438" ('GenericEntity','Assets/Props/Industrial/BarrelFuel_01/BarrelFuel_01_closed.xob') at <4988.200195 2.181000 3875.201904> @"{E2B42E634BC002F4}worlds/ScenarioFramework/CustomPrefabs/Barrel.et" "Parent Node From Parent Entity" property on RplComponent of the item is set to true. It should be set to false.
23:08:35.946    ENTITY       : Create entity @"ENTITY:2305843009213702439" ('GenericEntity','Assets/Props/Industrial/BarrelFuel_01/BarrelFuel_01_closed.xob') at <7537.892090 165.035995 4369.854980> @"{E2B42E634BC002F4}worlds/ScenarioFramework/CustomPrefabs/Barrel.et"
23:08:35.946     INVENTORY (W): @"ENTITY:2305843009213702439" ('GenericEntity','Assets/Props/Industrial/BarrelFuel_01/BarrelFuel_01_closed.xob') at <7537.892090 165.035995 4369.854980> @"{E2B42E634BC002F4}worlds/ScenarioFramework/CustomPrefabs/Barrel.et" "Parent Node From Parent Entity" property on RplComponent of the item is set to true. It should be set to false.
23:08:35.946    ENTITY       : Create entity @"ENTITY:2305843009213702440" ('GenericEntity','Assets/Props/Industrial/BarrelFuel_01/BarrelFuel_01_closed.xob') at <9966.659180 2.531000 1557.114014> @"{E2B42E634BC002F4}worlds/ScenarioFramework/CustomPrefabs/Barrel.et"
23:08:35.946     INVENTORY (W): @"ENTITY:2305843009213702440" ('GenericEntity','Assets/Props/Industrial/BarrelFuel_01/BarrelFuel_01_closed.xob') at <9966.659180 2.531000 1557.114014> @"{E2B42E634BC002F4}worlds/ScenarioFramework/CustomPrefabs/Barrel.et" "Parent Node From Parent Entity" property on RplComponent of the item is set to true. It should be set to false.
23:08:35.946    ENTITY       : Create entity @"ENTITY:2305843009213702441" ('GenericEntity','Assets/Props/Industrial/BarrelFuel_01/BarrelFuel_01_closed.xob') at <9964.501953 2.531000 1552.994019> @"{E2B42E634BC002F4}worlds/ScenarioFramework/CustomPrefabs/Barrel.et"
23:08:35.946     INVENTORY (W): @"ENTITY:2305843009213702441" ('GenericEntity','Assets/Props/Industrial/BarrelFuel_01/BarrelFuel_01_closed.xob') at <9964.501953 2.531000 1552.994019> @"{E2B42E634BC002F4}worlds/ScenarioFramework/CustomPrefabs/Barrel.et" "Parent Node From Parent Entity" property on RplComponent of the item is set to true. It should be set to false.
23:08:35.946    ENTITY       : Create entity @"ENTITY:2305843009213702442" ('GenericEntity','Assets/Props/Industrial/BarrelFuel_01/BarrelFuel_01_closed.xob') at <7535.254883 166.992996 4317.500000> @"{E2B42E634BC002F4}worlds/ScenarioFramework/CustomPrefabs/Barrel.et"
23:08:35.946     INVENTORY (W): @"ENTITY:2305843009213702442" ('GenericEntity','Assets/Props/Industrial/BarrelFuel_01/BarrelFuel_01_closed.xob') at <7535.254883 166.992996 4317.500000> @"{E2B42E634BC002F4}worlds/ScenarioFramework/CustomPrefabs/Barrel.et" "Parent Node From Parent Entity" property on RplComponent of the item is set to true. It should be set to false.
23:08:35.946    ENTITY       : Create entity @"ENTITY:2305843009213702443" ('GenericEntity','Assets/Props/Industrial/BarrelFuel_01/BarrelFuel_01_closed.xob') at <7591.505859 166.145996 4234.476074> @"{E2B42E634BC002F4}worlds/ScenarioFramework/CustomPrefabs/Barrel.et"
23:08:35.946     INVENTORY (W): @"ENTITY:2305843009213702443" ('GenericEntity','Assets/Props/Industrial/BarrelFuel_01/BarrelFuel_01_closed.xob') at <7591.505859 166.145996 4234.476074> @"{E2B42E634BC002F4}worlds/ScenarioFramework/CustomPrefabs/Barrel.et" "Parent Node From Parent Entity" property on RplComponent of the item is set to true. It should be set to false.
23:08:35.946    ENTITY       : Create entity @"ENTITY:2305843009213702444" ('GenericEntity','Assets/Props/Industrial/BarrelFuel_01/BarrelFuel_01_closed.xob') at <7391.101074 125.813004 5051.333008> @"{E2B42E634BC002F4}worlds/ScenarioFramework/CustomPrefabs/Barrel.et"
23:08:35.947     INVENTORY (W): @"ENTITY:2305843009213702444" ('GenericEntity','Assets/Props/Industrial/BarrelFuel_01/BarrelFuel_01_closed.xob') at <7391.101074 125.813004 5051.333008> @"{E2B42E634BC002F4}worlds/ScenarioFramework/CustomPrefabs/Barrel.et" "Parent Node From Parent Entity" property on RplComponent of the item is set to true. It should be set to false.
23:08:36.478    WORLD        : InitEntities 'world'
23:08:36.478     ENTITY       : Init entity @"ENTITY:3" ('SCR_MapEntity1', SCR_MapEntity) at <6400.000000 0.000000 6400.000000> @"{E1B88C66BF6CA1F9}Prefabs/World/Game/MapEntity_Everon.et"
23:08:36.478      SCRIPT    (W): SCR_MapEntity: Cannot get the size from terrain. Using default.
23:08:37.759     ENTITY       : Init entity @"ENTITY:2305843009213696429" ('SCR_BaseTaskManager') at <3888.538086 49.557999 5886.870117> @"{87208DAD6F3C0DE2}Prefabs/MP/Managers/Tasks/TaskManager_Editor.et"
23:08:37.759      SCRIPT    (E): No data found for keyboard:KC_ESCAPE !! Check 'chimeraMapping.conf' and add data if necessary! Provided Actioname: TasksClose.
23:08:40.875 SCRIPT    (W): SCR_SaveManagerCore: -loadSessionSave CLI param set to load the latest save, but none was defined for the mission 'DFAC5FABD11F2390'!
23:08:43.799 WORLD        : UpdateEntities
23:08:43.799  WORLD        : FixedFrame
23:08:43.799   ENTITY       : SpawnEntityPrefab @"{1BABF6B33DA0AEB6}Prefabs/Vehicles/Wheeled/Ural4320/Ural4320_command.et"
23:08:43.799    ENTITY       : Create entity @"ENTITY:4611686018427388973" ('Vehicle','Assets/Vehicles/Wheeled/Ural4320/Ural_4320_base.xob') at <5127.761719 52.839001 5491.432129> @"{1BABF6B33DA0AEB6}Prefabs/Vehicles/Wheeled/Ural4320/Ural4320_command.et"
23:08:43.799     ENTITY       : SpawnEntityPrefab @"{8A239DEA19509B1B}Prefabs/Vehicles/Core/VirtualSlots/Radio_VirtualArsenalSlot.et"
23:08:43.800      WORLD        : InitEntities 'world'
23:08:43.800       ENTITY       : Init entity @"ENTITY:4611686018427389014" ('GenericEntity') at <5127.761719 52.839001 5491.432129> @"{8A239DEA19509B1B}Prefabs/Vehicles/Core/VirtualSlots/Radio_VirtualArsenalSlot.et"
23:08:43.800        RPL       (E): RpcError: Calling a RPC from an unregistered item! itemType='script::Game::SCR_ArsenalComponent', rpc='SetArsenalEnabledBroadcast'
23:08:43.870 WORLD        : UpdateEntities
23:08:43.870  WORLD        : FixedFrame
23:08:43.870   ENTITY       : SpawnEntityPrefab @"{23ADBBC31B6A3DC6}Prefabs/Characters/Factions/OPFOR/USSR_Army/Character_USSR_AR.et"
23:08:43.870    WORLD        : InitEntities 'world'
23:08:43.870     ENTITY       : Init entity @"ENTITY:4611686018427389030" ('SCR_ChimeraCharacter','Assets/Characters/Basebody/Basebody_Male_01.xob') at <7492.521973 165.689011 4330.719727> @"{23ADBBC31B6A3DC6}Prefabs/Characters/Factions/OPFOR/USSR_Army/Character_USSR_AR.et"
23:08:43.870      INVENTORY (E): Couldn't insert item @"ENTITY:4611686018427389071" ('GenericEntity','Assets/Weapons/Magazines/RPK74/Magazine_45rnd_RPK74.xob') at <0.000000 0.000000 0.000000> @"{D78C667F59829717}Prefabs/Weapons/Magazines/Magazine_545x39_RPK_45rnd_4Ball_1Tracer.et" into storage @"ENTITY:4611686018427389048" ('GenericEntity','Assets/Items/Equipment/Accessories/Pouch_Soviet_45rnd_RPK74/Pouch_Soviet_45rnd_RPK74.xob') at <7492.639648 166.801086 4330.604980> @"{B6EEF03975F21E4E}Prefabs/Items/Equipment/Accessories/Pouch_Soviet_45rnd_RPK74/Pouch_Soviet_45rnd_RPK74.et" while spawning initial items inside the storage.
23:08:43.870      INVENTORY (E): Couldn't insert item @"ENTITY:4611686018427389072" ('GenericEntity','Assets/Weapons/Magazines/RPK74/Magazine_45rnd_RPK74.xob') at <0.000000 0.000000 0.000000> @"{D78C667F59829717}Prefabs/Weapons/Magazines/Magazine_545x39_RPK_45rnd_4Ball_1Tracer.et" into storage @"ENTITY:4611686018427389048" ('GenericEntity','Assets/Items/Equipment/Accessories/Pouch_Soviet_45rnd_RPK74/Pouch_Soviet_45rnd_RPK74.xob') at <7492.639648 166.801086 4330.604980> @"{B6EEF03975F21E4E}Prefabs/Items/Equipment/Accessories/Pouch_Soviet_45rnd_RPK74/Pouch_Soviet_45rnd_RPK74.et" while spawning initial items inside the storage.
23:08:43.870      INVENTORY (E): Couldn't insert item @"ENTITY:4611686018427389073" ('GenericEntity','Assets/Weapons/Magazines/RPK74/Magazine_45rnd_RPK74.xob') at <0.000000 0.000000 0.000000> @"{D78C667F59829717}Prefabs/Weapons/Magazines/Magazine_545x39_RPK_45rnd_4Ball_1Tracer.et" into storage @"ENTITY:4611686018427389048" ('GenericEntity','Assets/Items/Equipment/Accessories/Pouch_Soviet_45rnd_RPK74/Pouch_Soviet_45rnd_RPK74.xob') at <7492.639648 166.801086 4330.604980> @"{B6EEF03975F21E4E}Prefabs/Items/Equipment/Accessories/Pouch_Soviet_45rnd_RPK74/Pouch_Soviet_45rnd_RPK74.et" while spawning initial items inside the storage.
23:08:43.870      INVENTORY (E): Couldn't insert item @"ENTITY:4611686018427389074" ('GenericEntity','Assets/Weapons/Magazines/RPK74/Magazine_45rnd_RPK74.xob') at <0.000000 0.000000 0.000000> @"{D78C667F59829717}Prefabs/Weapons/Magazines/Magazine_545x39_RPK_45rnd_4Ball_1Tracer.et" into storage @"ENTITY:4611686018427389048" ('GenericEntity','Assets/Items/Equipment/Accessories/Pouch_Soviet_45rnd_RPK74/Pouch_Soviet_45rnd_RPK74.xob') at <7492.639648 166.801086 4330.604980> @"{B6EEF03975F21E4E}Prefabs/Items/Equipment/Accessories/Pouch_Soviet_45rnd_RPK74/Pouch_Soviet_45rnd_RPK74.et" while spawning initial items inside the storage.
23:08:43.904   SCRIPT    (E): Can't spawn object Predefined_Doc_Position - the slot has 0 activation type set instead of 1
23:08:43.908 BACKEND   (E): [RestApi] ID:[6] TYPE:[EBREQ_LOBBY_RoomsAcceptPlayerS2S] Error Code:400 - Bad Request, apiCode="InvalidSessionTicket", uid="278eb5ce-2af6-4d4f-800a-34479f877c27", message="Invalid ticket"
23:08:43.952 WORLD        : UpdateEntities
23:08:43.952  WORLD        : FixedFrame
23:08:43.952   ENTITY       : SpawnEntityPrefab @"{16C1F16C9B053801}Prefabs/Vehicles/Wheeled/Ural4320/Ural4320_transport.et"
23:08:43.952    ENTITY       : Create entity @"ENTITY:4611686018427389084" ('Vehicle') at <4993.942383 54.462002 5451.066406> @"{16C1F16C9B053801}Prefabs/Vehicles/Wheeled/Ural4320/Ural4320_transport.et"
23:08:43.952     DEFAULT   (W): BaseRadioComponent does not have any transceiver. (Entity: @"ENTITY:4611686018427389084" ('Vehicle') at <4993.942383 54.462002 5451.066406> @"{16C1F16C9B053801}Prefabs/Vehicles/Wheeled/Ural4320/Ural4320_transport.et"). Only printing this message once. There're possibly more nodes with this requirement.
23:09:23.557 WORLD        : UpdateEntities
23:09:23.557  WORLD        : FixedFrame
23:09:23.557   ENTITY       : SpawnEntityPrefab @"{43C4AF1EEBD001CE}Prefabs/Vehicles/Wheeled/UAZ452/UAZ452_ambulance.et"
23:09:23.557    ENTITY       : Create entity @"ENTITY:4611686018427389437" ('Vehicle','Assets/Vehicles/Wheeled/UAZ452/UAZ452_base.xob') at <4935.385254 2.174000 3898.871094> @"{43C4AF1EEBD001CE}Prefabs/Vehicles/Wheeled/UAZ452/UAZ452_ambulance.et"
23:09:23.557     ENTITY       : SpawnEntityPrefab @"{65F17676960CBF58}Prefabs/Vehicles/Core/VirtualSlots/Ambulance_VirtualArsenalSlot.et"
23:09:23.557      WORLD        : InitEntities 'world'
23:09:23.557       ENTITY       : Init entity @"ENTITY:4611686018427389480" ('GenericEntity') at <4935.385254 2.174000 3898.871094> @"{65F17676960CBF58}Prefabs/Vehicles/Core/VirtualSlots/Ambulance_VirtualArsenalSlot.et"
23:09:23.557        RPL       (E): RpcError: Calling a RPC from an unregistered item! itemType='script::Game::SCR_ArsenalComponent', rpc='SetArsenalEnabledBroadcast'
23:09:25.793 WORLD        : UpdateEntities
23:09:25.793  WORLD        : Frame
23:09:25.793   AI        (W): Vehicle door obstructed, probably won't be able to enter.
23:12:10.853 WORLD        : UpdateEntities
23:12:10.853  WORLD        : Frame
23:12:10.853   AI        (W): Vehicle door obstructed, probably won't be able to enter.
23:12:18.469 WORLD        : UpdateEntities
23:12:18.469  WORLD        : Frame
23:12:18.469   AI        (W): Stuck trying to get into vehicle. Reseting.. 
23:15:15.819 WORLD        : UpdateEntities
23:15:15.819  WORLD        : Frame
23:15:15.819   ENTITY       : SpawnEntityPrefab @"{23ADBBC31B6A3DC6}Prefabs/Characters/Factions/OPFOR/USSR_Army/Character_USSR_AR.et"
23:15:15.819    WORLD        : InitEntities 'world'
23:15:15.819     ENTITY       : Init entity @"ENTITY:4611686018427391359" ('SCR_ChimeraCharacter','Assets/Characters/Basebody/Basebody_Male_01.xob') at <5124.257812 58.373081 5404.009277> @"{23ADBBC31B6A3DC6}Prefabs/Characters/Factions/OPFOR/USSR_Army/Character_USSR_AR.et"
23:15:15.819      INVENTORY (E): Couldn't insert item @"ENTITY:4611686018427391400" ('GenericEntity','Assets/Weapons/Magazines/RPK74/Magazine_45rnd_RPK74.xob') at <0.000000 0.000000 0.000000> @"{D78C667F59829717}Prefabs/Weapons/Magazines/Magazine_545x39_RPK_45rnd_4Ball_1Tracer.et" into storage @"ENTITY:4611686018427391377" ('GenericEntity','Assets/Items/Equipment/Accessories/Pouch_Soviet_45rnd_RPK74/Pouch_Soviet_45rnd_RPK74.xob') at <5124.129883 59.485153 5404.112305> @"{B6EEF03975F21E4E}Prefabs/Items/Equipment/Accessories/Pouch_Soviet_45rnd_RPK74/Pouch_Soviet_45rnd_RPK74.et" while spawning initial items inside the storage.
23:15:15.819      INVENTORY (E): Couldn't insert item @"ENTITY:4611686018427391401" ('GenericEntity','Assets/Weapons/Magazines/RPK74/Magazine_45rnd_RPK74.xob') at <0.000000 0.000000 0.000000> @"{D78C667F59829717}Prefabs/Weapons/Magazines/Magazine_545x39_RPK_45rnd_4Ball_1Tracer.et" into storage @"ENTITY:4611686018427391377" ('GenericEntity','Assets/Items/Equipment/Accessories/Pouch_Soviet_45rnd_RPK74/Pouch_Soviet_45rnd_RPK74.xob') at <5124.129883 59.485153 5404.112305> @"{B6EEF03975F21E4E}Prefabs/Items/Equipment/Accessories/Pouch_Soviet_45rnd_RPK74/Pouch_Soviet_45rnd_RPK74.et" while spawning initial items inside the storage.
23:15:15.820      INVENTORY (E): Couldn't insert item @"ENTITY:4611686018427391402" ('GenericEntity','Assets/Weapons/Magazines/RPK74/Magazine_45rnd_RPK74.xob') at <0.000000 0.000000 0.000000> @"{D78C667F59829717}Prefabs/Weapons/Magazines/Magazine_545x39_RPK_45rnd_4Ball_1Tracer.et" into storage @"ENTITY:4611686018427391377" ('GenericEntity','Assets/Items/Equipment/Accessories/Pouch_Soviet_45rnd_RPK74/Pouch_Soviet_45rnd_RPK74.xob') at <5124.129883 59.485153 5404.112305> @"{B6EEF03975F21E4E}Prefabs/Items/Equipment/Accessories/Pouch_Soviet_45rnd_RPK74/Pouch_Soviet_45rnd_RPK74.et" while spawning initial items inside the storage.
23:15:15.820      INVENTORY (E): Couldn't insert item @"ENTITY:4611686018427391403" ('GenericEntity','Assets/Weapons/Magazines/RPK74/Magazine_45rnd_RPK74.xob') at <0.000000 0.000000 0.000000> @"{D78C667F59829717}Prefabs/Weapons/Magazines/Magazine_545x39_RPK_45rnd_4Ball_1Tracer.et" into storage @"ENTITY:4611686018427391377" ('GenericEntity','Assets/Items/Equipment/Accessories/Pouch_Soviet_45rnd_RPK74/Pouch_Soviet_45rnd_RPK74.xob') at <5124.129883 59.485153 5404.112305> @"{B6EEF03975F21E4E}Prefabs/Items/Equipment/Accessories/Pouch_Soviet_45rnd_RPK74/Pouch_Soviet_45rnd_RPK74.et" while spawning initial items inside the storage.
23:15:15.827   ENTITY       : SpawnEntityPrefab @"{23ADBBC31B6A3DC6}Prefabs/Characters/Factions/OPFOR/USSR_Army/Character_USSR_AR.et"
23:15:15.827    WORLD        : InitEntities 'world'
23:15:15.827     ENTITY       : Init entity @"ENTITY:4611686018427391408" ('SCR_ChimeraCharacter','Assets/Characters/Basebody/Basebody_Male_01.xob') at <5082.783691 54.493805 5440.947266> @"{23ADBBC31B6A3DC6}Prefabs/Characters/Factions/OPFOR/USSR_Army/Character_USSR_AR.et"
23:15:15.827      INVENTORY (E): Couldn't insert item @"ENTITY:4611686018427391449" ('GenericEntity','Assets/Weapons/Magazines/RPK74/Magazine_45rnd_RPK74.xob') at <0.000000 0.000000 0.000000> @"{D78C667F59829717}Prefabs/Weapons/Magazines/Magazine_545x39_RPK_45rnd_4Ball_1Tracer.et" into storage @"ENTITY:4611686018427391426" ('GenericEntity','Assets/Items/Equipment/Accessories/Pouch_Soviet_45rnd_RPK74/Pouch_Soviet_45rnd_RPK74.xob') at <5082.655762 55.605877 5441.050293> @"{B6EEF03975F21E4E}Prefabs/Items/Equipment/Accessories/Pouch_Soviet_45rnd_RPK74/Pouch_Soviet_45rnd_RPK74.et" while spawning initial items inside the storage.
23:15:15.828      INVENTORY (E): Couldn't insert item @"ENTITY:4611686018427391450" ('GenericEntity','Assets/Weapons/Magazines/RPK74/Magazine_45rnd_RPK74.xob') at <0.000000 0.000000 0.000000> @"{D78C667F59829717}Prefabs/Weapons/Magazines/Magazine_545x39_RPK_45rnd_4Ball_1Tracer.et" into storage @"ENTITY:4611686018427391426" ('GenericEntity','Assets/Items/Equipment/Accessories/Pouch_Soviet_45rnd_RPK74/Pouch_Soviet_45rnd_RPK74.xob') at <5082.655762 55.605877 5441.050293> @"{B6EEF03975F21E4E}Prefabs/Items/Equipment/Accessories/Pouch_Soviet_45rnd_RPK74/Pouch_Soviet_45rnd_RPK74.et" while spawning initial items inside the storage.
23:15:15.828      INVENTORY (E): Couldn't insert item @"ENTITY:4611686018427391451" ('GenericEntity','Assets/Weapons/Magazines/RPK74/Magazine_45rnd_RPK74.xob') at <0.000000 0.000000 0.000000> @"{D78C667F59829717}Prefabs/Weapons/Magazines/Magazine_545x39_RPK_45rnd_4Ball_1Tracer.et" into storage @"ENTITY:4611686018427391426" ('GenericEntity','Assets/Items/Equipment/Accessories/Pouch_Soviet_45rnd_RPK74/Pouch_Soviet_45rnd_RPK74.xob') at <5082.655762 55.605877 5441.050293> @"{B6EEF03975F21E4E}Prefabs/Items/Equipment/Accessories/Pouch_Soviet_45rnd_RPK74/Pouch_Soviet_45rnd_RPK74.et" while spawning initial items inside the storage.
23:15:15.828      INVENTORY (E): Couldn't insert item @"ENTITY:4611686018427391452" ('GenericEntity','Assets/Weapons/Magazines/RPK74/Magazine_45rnd_RPK74.xob') at <0.000000 0.000000 0.000000> @"{D78C667F59829717}Prefabs/Weapons/Magazines/Magazine_545x39_RPK_45rnd_4Ball_1Tracer.et" into storage @"ENTITY:4611686018427391426" ('GenericEntity','Assets/Items/Equipment/Accessories/Pouch_Soviet_45rnd_RPK74/Pouch_Soviet_45rnd_RPK74.xob') at <5082.655762 55.605877 5441.050293> @"{B6EEF03975F21E4E}Prefabs/Items/Equipment/Accessories/Pouch_Soviet_45rnd_RPK74/Pouch_Soviet_45rnd_RPK74.et" while spawning initial items inside the storage.
23:15:15.896  WORLD        : FixedFrame
23:15:15.896   ENTITY       : SpawnEntityPrefab @"{1BABF6B33DA0AEB6}Prefabs/Vehicles/Wheeled/Ural4320/Ural4320_command.et"
23:15:15.896    ENTITY       : Create entity @"ENTITY:4611686018427391570" ('Vehicle','Assets/Vehicles/Wheeled/Ural4320/Ural_4320_base.xob') at <5127.761719 52.839001 5491.432129> @"{1BABF6B33DA0AEB6}Prefabs/Vehicles/Wheeled/Ural4320/Ural4320_command.et"
23:15:15.896     ENTITY       : SpawnEntityPrefab @"{8A239DEA19509B1B}Prefabs/Vehicles/Core/VirtualSlots/Radio_VirtualArsenalSlot.et"
23:15:15.896      WORLD        : InitEntities 'world'
23:15:15.896       ENTITY       : Init entity @"ENTITY:4611686018427391611" ('GenericEntity') at <5127.761719 52.839001 5491.432129> @"{8A239DEA19509B1B}Prefabs/Vehicles/Core/VirtualSlots/Radio_VirtualArsenalSlot.et"
23:15:15.896        RPL       (E): RpcError: Calling a RPC from an unregistered item! itemType='script::Game::SCR_ArsenalComponent', rpc='SetArsenalEnabledBroadcast'
23:15:16.136 WORLD        : UpdateEntities
23:15:16.136  WORLD        : FixedFrame
23:15:16.136   SCRIPT    (E): ScenarioFramework: Object GenericEntity<0x00007F3A51273BB0> @"ENTITY:4611686018427389230" ('GenericEntity','Assets/Props/Civilian/Photos/Photo_02.xob') at <7021.383789 102.721008 8392.514648> @"{FB7B837BB0F11443}Prefabs/Props/Civilian/Photos/CombatOps_Polaroid_02.et" already exists and won't be spawned for Slot241, exiting...
23:15:16.349 WORLD        : UpdateEntities
23:15:16.349  WORLD        : FixedFrame
23:15:16.349   SCRIPT    (E): ScenarioFramework: Object GenericEntity<0x00007F3A51273DD0> @"ENTITY:4611686018427389232" ('GenericEntity','Assets/Props/Civilian/Photos/Photo_02.xob') at <4823.916992 87.959000 4436.767578> @"{FB7B837BB0F11443}Prefabs/Props/Civilian/Photos/CombatOps_Polaroid_02.et" already exists and won't be spawned for Slot242, exiting...
23:15:17.657 WORLD        : UpdateEntities
23:15:17.657  WORLD        : FixedFrame
23:15:17.657   ENTITY       : SpawnEntityPrefab @"{43C4AF1EEBD001CE}Prefabs/Vehicles/Wheeled/UAZ452/UAZ452_ambulance.et"
23:15:17.657    ENTITY       : Create entity @"ENTITY:4611686018427392192" ('Vehicle','Assets/Vehicles/Wheeled/UAZ452/UAZ452_base.xob') at <5094.291016 53.661003 5469.510254> @"{43C4AF1EEBD001CE}Prefabs/Vehicles/Wheeled/UAZ452/UAZ452_ambulance.et"
23:15:17.657     ENTITY       : SpawnEntityPrefab @"{65F17676960CBF58}Prefabs/Vehicles/Core/VirtualSlots/Ambulance_VirtualArsenalSlot.et"
23:15:17.657      WORLD        : InitEntities 'world'
23:15:17.657       ENTITY       : Init entity @"ENTITY:4611686018427392235" ('GenericEntity') at <5094.291016 53.661003 5469.510254> @"{65F17676960CBF58}Prefabs/Vehicles/Core/VirtualSlots/Ambulance_VirtualArsenalSlot.et"
23:15:17.657        RPL       (E): RpcError: Calling a RPC from an unregistered item! itemType='script::Game::SCR_ArsenalComponent', rpc='SetArsenalEnabledBroadcast'
23:15:23.637 WORLD        : UpdateEntities
23:15:23.638  WORLD        : Frame
23:15:23.638   ENTITY       : SpawnEntityPrefab @"{23ADBBC31B6A3DC6}Prefabs/Characters/Factions/OPFOR/USSR_Army/Character_USSR_AR.et"
23:15:23.638    WORLD        : InitEntities 'world'
23:15:23.638     ENTITY       : Init entity @"ENTITY:4611686018427392373" ('SCR_ChimeraCharacter','Assets/Characters/Basebody/Basebody_Male_01.xob') at <5269.009766 64.716812 5303.646973> @"{23ADBBC31B6A3DC6}Prefabs/Characters/Factions/OPFOR/USSR_Army/Character_USSR_AR.et"
23:15:23.638      INVENTORY (E): Couldn't insert item @"ENTITY:4611686018427392414" ('GenericEntity','Assets/Weapons/Magazines/RPK74/Magazine_45rnd_RPK74.xob') at <0.000000 0.000000 0.000000> @"{D78C667F59829717}Prefabs/Weapons/Magazines/Magazine_545x39_RPK_45rnd_4Ball_1Tracer.et" into storage @"ENTITY:4611686018427392391" ('GenericEntity','Assets/Items/Equipment/Accessories/Pouch_Soviet_45rnd_RPK74/Pouch_Soviet_45rnd_RPK74.xob') at <5268.881836 65.828880 5303.750000> @"{B6EEF03975F21E4E}Prefabs/Items/Equipment/Accessories/Pouch_Soviet_45rnd_RPK74/Pouch_Soviet_45rnd_RPK74.et" while spawning initial items inside the storage.
23:15:23.638      INVENTORY (E): Couldn't insert item @"ENTITY:4611686018427392415" ('GenericEntity','Assets/Weapons/Magazines/RPK74/Magazine_45rnd_RPK74.xob') at <0.000000 0.000000 0.000000> @"{D78C667F59829717}Prefabs/Weapons/Magazines/Magazine_545x39_RPK_45rnd_4Ball_1Tracer.et" into storage @"ENTITY:4611686018427392391" ('GenericEntity','Assets/Items/Equipment/Accessories/Pouch_Soviet_45rnd_RPK74/Pouch_Soviet_45rnd_RPK74.xob') at <5268.881836 65.828880 5303.750000> @"{B6EEF03975F21E4E}Prefabs/Items/Equipment/Accessories/Pouch_Soviet_45rnd_RPK74/Pouch_Soviet_45rnd_RPK74.et" while spawning initial items inside the storage.
23:15:23.638      INVENTORY (E): Couldn't insert item @"ENTITY:4611686018427392416" ('GenericEntity','Assets/Weapons/Magazines/RPK74/Magazine_45rnd_RPK74.xob') at <0.000000 0.000000 0.000000> @"{D78C667F59829717}Prefabs/Weapons/Magazines/Magazine_545x39_RPK_45rnd_4Ball_1Tracer.et" into storage @"ENTITY:4611686018427392391" ('GenericEntity','Assets/Items/Equipment/Accessories/Pouch_Soviet_45rnd_RPK74/Pouch_Soviet_45rnd_RPK74.xob') at <5268.881836 65.828880 5303.750000> @"{B6EEF03975F21E4E}Prefabs/Items/Equipment/Accessories/Pouch_Soviet_45rnd_RPK74/Pouch_Soviet_45rnd_RPK74.et" while spawning initial items inside the storage.
23:15:23.638      INVENTORY (E): Couldn't insert item @"ENTITY:4611686018427392417" ('GenericEntity','Assets/Weapons/Magazines/RPK74/Magazine_45rnd_RPK74.xob') at <0.000000 0.000000 0.000000> @"{D78C667F59829717}Prefabs/Weapons/Magazines/Magazine_545x39_RPK_45rnd_4Ball_1Tracer.et" into storage @"ENTITY:4611686018427392391" ('GenericEntity','Assets/Items/Equipment/Accessories/Pouch_Soviet_45rnd_RPK74/Pouch_Soviet_45rnd_RPK74.xob') at <5268.881836 65.828880 5303.750000> @"{B6EEF03975F21E4E}Prefabs/Items/Equipment/Accessories/Pouch_Soviet_45rnd_RPK74/Pouch_Soviet_45rnd_RPK74.et" while spawning initial items inside the storage.
23:18:58.123 PATHFINDING(W): Failed to create instance of custom link! Tile: [220, 222], link_idx: 2
23:19:29.604 PATHFINDING(W): Failed to create instance of custom link! Tile: [220, 222], link_idx: 2
23:20:22.436 PATHFINDING(W): Failed to create instance of custom link! Tile: [219, 220], link_idx: 15
23:20:34.701 PATHFINDING(W): Failed to create instance of custom link! Tile: [219, 220], link_idx: 15
23:20:43.818 WORLD        : UpdateEntities
23:20:43.818  WORLD        : Frame
23:20:43.819   SCRIPT    (W): Trying to allocate same component twice!
23:20:51.167 PATHFINDING(W): Failed to create instance of custom link! Tile: [219, 220], link_idx: 15
23:20:51.514 WORLD        : UpdateEntities
23:20:51.514  WORLD        : FixedFrame
23:20:51.514   ENTITY       : SpawnEntityPrefab @"{43C4AF1EEBD001CE}Prefabs/Vehicles/Wheeled/UAZ452/UAZ452_ambulance.et"
23:20:51.514    ENTITY       : Create entity @"ENTITY:4611686018427394473" ('Vehicle','Assets/Vehicles/Wheeled/UAZ452/UAZ452_base.xob') at <4935.385254 2.174000 3898.871094> @"{43C4AF1EEBD001CE}Prefabs/Vehicles/Wheeled/UAZ452/UAZ452_ambulance.et"
23:20:51.514     ENTITY       : SpawnEntityPrefab @"{65F17676960CBF58}Prefabs/Vehicles/Core/VirtualSlots/Ambulance_VirtualArsenalSlot.et"
23:20:51.514      WORLD        : InitEntities 'world'
23:20:51.514       ENTITY       : Init entity @"ENTITY:4611686018427394516" ('GenericEntity') at <4935.385254 2.174000 3898.871094> @"{65F17676960CBF58}Prefabs/Vehicles/Core/VirtualSlots/Ambulance_VirtualArsenalSlot.et"
23:20:51.514        RPL       (E): RpcError: Calling a RPC from an unregistered item! itemType='script::Game::SCR_ArsenalComponent', rpc='SetArsenalEnabledBroadcast'
23:20:55.365 WORLD        : UpdateEntities
23:20:55.365  WORLD        : Frame
23:20:55.365   AI        (W): Vehicle door obstructed, probably won't be able to enter.
23:21:02.600 PATHFINDING(W): Failed to create instance of custom link! Tile: [219, 220], link_idx: 15
23:21:03.233 WORLD        : UpdateEntities
23:21:03.233  WORLD        : Frame
23:21:03.233   AI        (W): Stuck trying to get into vehicle. Reseting.. 
23:23:03.525 WORLD        : UpdateEntities
23:23:03.525  WORLD        : FixedFrame
23:23:03.525   ENTITY       : SpawnEntityPrefab @"{43C4AF1EEBD001CE}Prefabs/Vehicles/Wheeled/UAZ452/UAZ452_ambulance.et"
23:23:03.525    ENTITY       : Create entity @"ENTITY:4611686018427396784" ('Vehicle','Assets/Vehicles/Wheeled/UAZ452/UAZ452_base.xob') at <4935.385254 2.174000 3898.871094> @"{43C4AF1EEBD001CE}Prefabs/Vehicles/Wheeled/UAZ452/UAZ452_ambulance.et"
23:23:03.525     ENTITY       : SpawnEntityPrefab @"{65F17676960CBF58}Prefabs/Vehicles/Core/VirtualSlots/Ambulance_VirtualArsenalSlot.et"
23:23:03.525      WORLD        : InitEntities 'world'
23:23:03.525       ENTITY       : Init entity @"ENTITY:4611686018427396827" ('GenericEntity') at <4935.385254 2.174000 3898.871094> @"{65F17676960CBF58}Prefabs/Vehicles/Core/VirtualSlots/Ambulance_VirtualArsenalSlot.et"
23:23:03.525        RPL       (E): RpcError: Calling a RPC from an unregistered item! itemType='script::Game::SCR_ArsenalComponent', rpc='SetArsenalEnabledBroadcast'
23:23:06.844 WORLD        : UpdateEntities
23:23:06.844  WORLD        : Frame
23:23:06.844   AI        (W): Vehicle door obstructed, probably won't be able to enter.
23:23:14.809 WORLD        : UpdateEntities
23:23:14.809  WORLD        : Frame
23:23:14.809   AI        (W): Stuck trying to get into vehicle. Reseting.. 
23:31:15.308 WORLD        : UpdateEntities
23:31:15.308  WORLD        : Frame
23:31:15.308   SCRIPT    (W): Trying to allocate same component twice!
23:32:46.866 WORLD        : UpdateEntities
23:32:46.866  WORLD        : Frame
23:32:46.866   ENTITY       : SpawnEntityPrefab @"{23ADBBC31B6A3DC6}Prefabs/Characters/Factions/OPFOR/USSR_Army/Character_USSR_AR.et"
23:32:46.866    WORLD        : InitEntities 'world'
23:32:46.866     ENTITY       : Init entity @"ENTITY:4611686018427400137" ('SCR_ChimeraCharacter','Assets/Characters/Basebody/Basebody_Male_01.xob') at <5429.867676 93.295189 5058.571777> @"{23ADBBC31B6A3DC6}Prefabs/Characters/Factions/OPFOR/USSR_Army/Character_USSR_AR.et"
23:32:46.866      INVENTORY (E): Couldn't insert item @"ENTITY:4611686018427400178" ('GenericEntity','Assets/Weapons/Magazines/RPK74/Magazine_45rnd_RPK74.xob') at <0.000000 0.000000 0.000000> @"{D78C667F59829717}Prefabs/Weapons/Magazines/Magazine_545x39_RPK_45rnd_4Ball_1Tracer.et" into storage @"ENTITY:4611686018427400155" ('GenericEntity','Assets/Items/Equipment/Accessories/Pouch_Soviet_45rnd_RPK74/Pouch_Soviet_45rnd_RPK74.xob') at <5429.703613 94.407257 5058.558105> @"{B6EEF03975F21E4E}Prefabs/Items/Equipment/Accessories/Pouch_Soviet_45rnd_RPK74/Pouch_Soviet_45rnd_RPK74.et" while spawning initial items inside the storage.
23:32:46.866      INVENTORY (E): Couldn't insert item @"ENTITY:4611686018427400179" ('GenericEntity','Assets/Weapons/Magazines/RPK74/Magazine_45rnd_RPK74.xob') at <0.000000 0.000000 0.000000> @"{D78C667F59829717}Prefabs/Weapons/Magazines/Magazine_545x39_RPK_45rnd_4Ball_1Tracer.et" into storage @"ENTITY:4611686018427400155" ('GenericEntity','Assets/Items/Equipment/Accessories/Pouch_Soviet_45rnd_RPK74/Pouch_Soviet_45rnd_RPK74.xob') at <5429.703613 94.407257 5058.558105> @"{B6EEF03975F21E4E}Prefabs/Items/Equipment/Accessories/Pouch_Soviet_45rnd_RPK74/Pouch_Soviet_45rnd_RPK74.et" while spawning initial items inside the storage.
23:32:46.866      INVENTORY (E): Couldn't insert item @"ENTITY:4611686018427400180" ('GenericEntity','Assets/Weapons/Magazines/RPK74/Magazine_45rnd_RPK74.xob') at <0.000000 0.000000 0.000000> @"{D78C667F59829717}Prefabs/Weapons/Magazines/Magazine_545x39_RPK_45rnd_4Ball_1Tracer.et" into storage @"ENTITY:4611686018427400155" ('GenericEntity','Assets/Items/Equipment/Accessories/Pouch_Soviet_45rnd_RPK74/Pouch_Soviet_45rnd_RPK74.xob') at <5429.703613 94.407257 5058.558105> @"{B6EEF03975F21E4E}Prefabs/Items/Equipment/Accessories/Pouch_Soviet_45rnd_RPK74/Pouch_Soviet_45rnd_RPK74.et" while spawning initial items inside the storage.
23:32:46.867      INVENTORY (E): Couldn't insert item @"ENTITY:4611686018427400181" ('GenericEntity','Assets/Weapons/Magazines/RPK74/Magazine_45rnd_RPK74.xob') at <0.000000 0.000000 0.000000> @"{D78C667F59829717}Prefabs/Weapons/Magazines/Magazine_545x39_RPK_45rnd_4Ball_1Tracer.et" into storage @"ENTITY:4611686018427400155" ('GenericEntity','Assets/Items/Equipment/Accessories/Pouch_Soviet_45rnd_RPK74/Pouch_Soviet_45rnd_RPK74.xob') at <5429.703613 94.407257 5058.558105> @"{B6EEF03975F21E4E}Prefabs/Items/Equipment/Accessories/Pouch_Soviet_45rnd_RPK74/Pouch_Soviet_45rnd_RPK74.et" while spawning initial items inside the storage.
23:34:14.100 WORLD        : UpdateEntities
23:34:14.100  WORLD        : Frame
23:34:14.100   SCRIPT    (W): Trying to allocate same component twice!
23:34:14.100   SCRIPT    (W): Trying to allocate same component twice!
23:34:58.286 WORLD        : UpdateEntities
23:34:58.286  WORLD        : Frame
23:34:58.286   ENTITY       : SpawnEntityPrefab @"{23ADBBC31B6A3DC6}Prefabs/Characters/Factions/OPFOR/USSR_Army/Character_USSR_AR.et"
23:34:58.286    WORLD        : InitEntities 'world'
23:34:58.286     ENTITY       : Init entity @"ENTITY:4611686018427400847" ('SCR_ChimeraCharacter','Assets/Characters/Basebody/Basebody_Male_01.xob') at <4739.851562 54.977940 5701.277832> @"{23ADBBC31B6A3DC6}Prefabs/Characters/Factions/OPFOR/USSR_Army/Character_USSR_AR.et"
23:34:58.286      INVENTORY (E): Couldn't insert item @"ENTITY:4611686018427400888" ('GenericEntity','Assets/Weapons/Magazines/RPK74/Magazine_45rnd_RPK74.xob') at <0.000000 0.000000 0.000000> @"{D78C667F59829717}Prefabs/Weapons/Magazines/Magazine_545x39_RPK_45rnd_4Ball_1Tracer.et" into storage @"ENTITY:4611686018427400865" ('GenericEntity','Assets/Items/Equipment/Accessories/Pouch_Soviet_45rnd_RPK74/Pouch_Soviet_45rnd_RPK74.xob') at <4739.991211 56.090012 5701.365234> @"{B6EEF03975F21E4E}Prefabs/Items/Equipment/Accessories/Pouch_Soviet_45rnd_RPK74/Pouch_Soviet_45rnd_RPK74.et" while spawning initial items inside the storage.
23:34:58.286      INVENTORY (E): Couldn't insert item @"ENTITY:4611686018427400889" ('GenericEntity','Assets/Weapons/Magazines/RPK74/Magazine_45rnd_RPK74.xob') at <0.000000 0.000000 0.000000> @"{D78C667F59829717}Prefabs/Weapons/Magazines/Magazine_545x39_RPK_45rnd_4Ball_1Tracer.et" into storage @"ENTITY:4611686018427400865" ('GenericEntity','Assets/Items/Equipment/Accessories/Pouch_Soviet_45rnd_RPK74/Pouch_Soviet_45rnd_RPK74.xob') at <4739.991211 56.090012 5701.365234> @"{B6EEF03975F21E4E}Prefabs/Items/Equipment/Accessories/Pouch_Soviet_45rnd_RPK74/Pouch_Soviet_45rnd_RPK74.et" while spawning initial items inside the storage.
23:34:58.286      INVENTORY (E): Couldn't insert item @"ENTITY:4611686018427400890" ('GenericEntity','Assets/Weapons/Magazines/RPK74/Magazine_45rnd_RPK74.xob') at <0.000000 0.000000 0.000000> @"{D78C667F59829717}Prefabs/Weapons/Magazines/Magazine_545x39_RPK_45rnd_4Ball_1Tracer.et" into storage @"ENTITY:4611686018427400865" ('GenericEntity','Assets/Items/Equipment/Accessories/Pouch_Soviet_45rnd_RPK74/Pouch_Soviet_45rnd_RPK74.xob') at <4739.991211 56.090012 5701.365234> @"{B6EEF03975F21E4E}Prefabs/Items/Equipment/Accessories/Pouch_Soviet_45rnd_RPK74/Pouch_Soviet_45rnd_RPK74.et" while spawning initial items inside the storage.
23:34:58.286      INVENTORY (E): Couldn't insert item @"ENTITY:4611686018427400891" ('GenericEntity','Assets/Weapons/Magazines/RPK74/Magazine_45rnd_RPK74.xob') at <0.000000 0.000000 0.000000> @"{D78C667F59829717}Prefabs/Weapons/Magazines/Magazine_545x39_RPK_45rnd_4Ball_1Tracer.et" into storage @"ENTITY:4611686018427400865" ('GenericEntity','Assets/Items/Equipment/Accessories/Pouch_Soviet_45rnd_RPK74/Pouch_Soviet_45rnd_RPK74.xob') at <4739.991211 56.090012 5701.365234> @"{B6EEF03975F21E4E}Prefabs/Items/Equipment/Accessories/Pouch_Soviet_45rnd_RPK74/Pouch_Soviet_45rnd_RPK74.et" while spawning initial items inside the storage.
23:34:58.295   ENTITY       : SpawnEntityPrefab @"{23ADBBC31B6A3DC6}Prefabs/Characters/Factions/OPFOR/USSR_Army/Character_USSR_AR.et"
23:34:58.295    WORLD        : InitEntities 'world'
23:34:58.295     ENTITY       : Init entity @"ENTITY:4611686018427400896" ('SCR_ChimeraCharacter','Assets/Characters/Basebody/Basebody_Male_01.xob') at <4739.851562 54.977940 5701.277832> @"{23ADBBC31B6A3DC6}Prefabs/Characters/Factions/OPFOR/USSR_Army/Character_USSR_AR.et"
23:34:58.295      INVENTORY (E): Couldn't insert item @"ENTITY:4611686018427400937" ('GenericEntity','Assets/Weapons/Magazines/RPK74/Magazine_45rnd_RPK74.xob') at <0.000000 0.000000 0.000000> @"{D78C667F59829717}Prefabs/Weapons/Magazines/Magazine_545x39_RPK_45rnd_4Ball_1Tracer.et" into storage @"ENTITY:4611686018427400914" ('GenericEntity','Assets/Items/Equipment/Accessories/Pouch_Soviet_45rnd_RPK74/Pouch_Soviet_45rnd_RPK74.xob') at <4739.991211 56.090012 5701.365234> @"{B6EEF03975F21E4E}Prefabs/Items/Equipment/Accessories/Pouch_Soviet_45rnd_RPK74/Pouch_Soviet_45rnd_RPK74.et" while spawning initial items inside the storage.
23:34:58.295      INVENTORY (E): Couldn't insert item @"ENTITY:4611686018427400938" ('GenericEntity','Assets/Weapons/Magazines/RPK74/Magazine_45rnd_RPK74.xob') at <0.000000 0.000000 0.000000> @"{D78C667F59829717}Prefabs/Weapons/Magazines/Magazine_545x39_RPK_45rnd_4Ball_1Tracer.et" into storage @"ENTITY:4611686018427400914" ('GenericEntity','Assets/Items/Equipment/Accessories/Pouch_Soviet_45rnd_RPK74/Pouch_Soviet_45rnd_RPK74.xob') at <4739.991211 56.090012 5701.365234> @"{B6EEF03975F21E4E}Prefabs/Items/Equipment/Accessories/Pouch_Soviet_45rnd_RPK74/Pouch_Soviet_45rnd_RPK74.et" while spawning initial items inside the storage.
23:34:58.295      INVENTORY (E): Couldn't insert item @"ENTITY:4611686018427400939" ('GenericEntity','Assets/Weapons/Magazines/RPK74/Magazine_45rnd_RPK74.xob') at <0.000000 0.000000 0.000000> @"{D78C667F59829717}Prefabs/Weapons/Magazines/Magazine_545x39_RPK_45rnd_4Ball_1Tracer.et" into storage @"ENTITY:4611686018427400914" ('GenericEntity','Assets/Items/Equipment/Accessories/Pouch_Soviet_45rnd_RPK74/Pouch_Soviet_45rnd_RPK74.xob') at <4739.991211 56.090012 5701.365234> @"{B6EEF03975F21E4E}Prefabs/Items/Equipment/Accessories/Pouch_Soviet_45rnd_RPK74/Pouch_Soviet_45rnd_RPK74.et" while spawning initial items inside the storage.
23:34:58.295      INVENTORY (E): Couldn't insert item @"ENTITY:4611686018427400940" ('GenericEntity','Assets/Weapons/Magazines/RPK74/Magazine_45rnd_RPK74.xob') at <0.000000 0.000000 0.000000> @"{D78C667F59829717}Prefabs/Weapons/Magazines/Magazine_545x39_RPK_45rnd_4Ball_1Tracer.et" into storage @"ENTITY:4611686018427400914" ('GenericEntity','Assets/Items/Equipment/Accessories/Pouch_Soviet_45rnd_RPK74/Pouch_Soviet_45rnd_RPK74.xob') at <4739.991211 56.090012 5701.365234> @"{B6EEF03975F21E4E}Prefabs/Items/Equipment/Accessories/Pouch_Soviet_45rnd_RPK74/Pouch_Soviet_45rnd_RPK74.et" while spawning initial items inside the storage.
23:35:35.859 WORLD        : UpdateEntities
23:35:35.859  WORLD        : FixedFrame
23:35:35.859   SCRIPT    (E): ScenarioFramework Action: SlotAI not found for Action SCR_ScenarioFrameworkActionAI<0x00007F398A1D2B00>.
23:35:36.018 WORLD        : UpdateEntities
23:35:36.018  WORLD        : FixedFrame
23:35:36.018   SCRIPT    (E): ScenarioFramework Action: SlotAI not found for Action SCR_ScenarioFrameworkActionAI<0x00007F398A1D2B50>.
23:35:55.038 WORLD        : UpdateEntities
23:35:55.038  RPL          : rpl::Pip::ProcessNetToGame
23:35:55.038   RESOURCES    : GetResourceObject @"{59EF8ECAE1DCD417}Prefabs/Editor/Modes/EditorModeEdit.et"
23:35:55.038    WORLD        : Entity prefab load @"{59EF8ECAE1DCD417}Prefabs/Editor/Modes/EditorModeEdit.et"
23:35:55.038     RESOURCES    : GetResourceObject @"{28ACD0C845BE4967}Configs/Editor/PlaceableEntities/Objects/Structures_Military.conf"
23:35:55.038      DEFAULT      : Config load @"{28ACD0C845BE4967}Configs/Editor/PlaceableEntities/Objects/Structures_Military.conf"
23:35:55.038       RESOURCES (E): Wrong GUID/name for resource @"{57708D2841D05A01}PrefabsEditable/Auto/Structures/Military/Training/E_TargetVehicleBase_01.et" in property "m_Prefabs"
23:35:56.764 WORLD        : UpdateEntities
23:35:56.764  RPL          : rpl::Pip::ProcessNetToGame
23:35:56.764   SCRIPT    (E): Virtual Machine Exception

Reason: NULL pointer to instance. Variable 'from'

Class:      'SCR_EditorSettingsEntity'
Entity id:0

Function: 'GetSkipStreamingRules'
Stack trace:
scripts/Game/Editor/Entities/SCR_EditorSettingsEntity.c:134 Function GetSkipStreamingRules
scripts/Game/Editor/Components/Editor/SCR_DynamicSimulationEditorComponent.c:56 Function EnableStreamingForEntity
scripts/Game/Editor/Components/Editor/SCR_DynamicSimulationEditorComponent.c:42 Function EnableStreaming
scripts/Game/Editor/Components/Editor/SCR_DynamicSimulationEditorComponent.c:90 Function EOnEditorActivateServer
scripts/Game/Editor/Entities/SCR_EditorModeEntity.c:156 Function ActivateModeServer
scripts/Game/Editor/Entities/SCR_EditorManagerEntity.c:182 Function ToggleServer
23:37:11.393 WORLD        : UpdateEntities
23:37:11.393  WORLD        : Frame
23:37:11.393   SCRIPT    (W): Trying to allocate same component twice!
23:39:35.551 WORLD        : UpdateEntities
23:39:35.551  WORLD        : FixedFrame
23:39:35.551   ENTITY       : SpawnEntityPrefab @"{43C4AF1EEBD001CE}Prefabs/Vehicles/Wheeled/UAZ452/UAZ452_ambulance.et"
23:39:35.551    ENTITY       : Create entity @"ENTITY:4611686018427404473" ('Vehicle','Assets/Vehicles/Wheeled/UAZ452/UAZ452_base.xob') at <4935.385254 2.174000 3898.871094> @"{43C4AF1EEBD001CE}Prefabs/Vehicles/Wheeled/UAZ452/UAZ452_ambulance.et"
23:39:35.551     ENTITY       : SpawnEntityPrefab @"{65F17676960CBF58}Prefabs/Vehicles/Core/VirtualSlots/Ambulance_VirtualArsenalSlot.et"
23:39:35.551      WORLD        : InitEntities 'world'
23:39:35.551       ENTITY       : Init entity @"ENTITY:4611686018427404516" ('GenericEntity') at <4935.385254 2.174000 3898.871094> @"{65F17676960CBF58}Prefabs/Vehicles/Core/VirtualSlots/Ambulance_VirtualArsenalSlot.et"
23:39:35.551        RPL       (E): RpcError: Calling a RPC from an unregistered item! itemType='script::Game::SCR_ArsenalComponent', rpc='SetArsenalEnabledBroadcast'
23:39:38.938 WORLD        : UpdateEntities
23:39:38.938  WORLD        : Frame
23:39:38.938   AI        (W): Vehicle door obstructed, probably won't be able to enter.
23:39:50.769 WORLD        : UpdateEntities
23:39:50.769  WORLD        : Frame
23:39:50.769   AI        (W): Stuck trying to get into vehicle. Reseting.. 
23:45:21.758 WORLD        : UpdateEntities
23:45:21.758  WORLD        : Frame
23:45:21.758   ENTITY       : SpawnEntityPrefab @"{23ADBBC31B6A3DC6}Prefabs/Characters/Factions/OPFOR/USSR_Army/Character_USSR_AR.et"
23:45:21.758    WORLD        : InitEntities 'world'
23:45:21.758     ENTITY       : Init entity @"ENTITY:4611686018427410968" ('SCR_ChimeraCharacter','Assets/Characters/Basebody/Basebody_Male_01.xob') at <6351.747070 5.730487 9645.432617> @"{23ADBBC31B6A3DC6}Prefabs/Characters/Factions/OPFOR/USSR_Army/Character_USSR_AR.et"
23:45:21.758      INVENTORY (E): Couldn't insert item @"ENTITY:4611686018427411009" ('GenericEntity','Assets/Weapons/Magazines/RPK74/Magazine_45rnd_RPK74.xob') at <0.000000 0.000000 0.000000> @"{D78C667F59829717}Prefabs/Weapons/Magazines/Magazine_545x39_RPK_45rnd_4Ball_1Tracer.et" into storage @"ENTITY:4611686018427410986" ('GenericEntity','Assets/Items/Equipment/Accessories/Pouch_Soviet_45rnd_RPK74/Pouch_Soviet_45rnd_RPK74.xob') at <6351.819336 6.842559 9645.285156> @"{B6EEF03975F21E4E}Prefabs/Items/Equipment/Accessories/Pouch_Soviet_45rnd_RPK74/Pouch_Soviet_45rnd_RPK74.et" while spawning initial items inside the storage.
23:45:21.758      INVENTORY (E): Couldn't insert item @"ENTITY:4611686018427411010" ('GenericEntity','Assets/Weapons/Magazines/RPK74/Magazine_45rnd_RPK74.xob') at <0.000000 0.000000 0.000000> @"{D78C667F59829717}Prefabs/Weapons/Magazines/Magazine_545x39_RPK_45rnd_4Ball_1Tracer.et" into storage @"ENTITY:4611686018427410986" ('GenericEntity','Assets/Items/Equipment/Accessories/Pouch_Soviet_45rnd_RPK74/Pouch_Soviet_45rnd_RPK74.xob') at <6351.819336 6.842559 9645.285156> @"{B6EEF03975F21E4E}Prefabs/Items/Equipment/Accessories/Pouch_Soviet_45rnd_RPK74/Pouch_Soviet_45rnd_RPK74.et" while spawning initial items inside the storage.
23:45:21.758      INVENTORY (E): Couldn't insert item @"ENTITY:4611686018427411011" ('GenericEntity','Assets/Weapons/Magazines/RPK74/Magazine_45rnd_RPK74.xob') at <0.000000 0.000000 0.000000> @"{D78C667F59829717}Prefabs/Weapons/Magazines/Magazine_545x39_RPK_45rnd_4Ball_1Tracer.et" into storage @"ENTITY:4611686018427410986" ('GenericEntity','Assets/Items/Equipment/Accessories/Pouch_Soviet_45rnd_RPK74/Pouch_Soviet_45rnd_RPK74.xob') at <6351.819336 6.842559 9645.285156> @"{B6EEF03975F21E4E}Prefabs/Items/Equipment/Accessories/Pouch_Soviet_45rnd_RPK74/Pouch_Soviet_45rnd_RPK74.et" while spawning initial items inside the storage.
23:45:21.758      INVENTORY (E): Couldn't insert item @"ENTITY:4611686018427411012" ('GenericEntity','Assets/Weapons/Magazines/RPK74/Magazine_45rnd_RPK74.xob') at <0.000000 0.000000 0.000000> @"{D78C667F59829717}Prefabs/Weapons/Magazines/Magazine_545x39_RPK_45rnd_4Ball_1Tracer.et" into storage @"ENTITY:4611686018427410986" ('GenericEntity','Assets/Items/Equipment/Accessories/Pouch_Soviet_45rnd_RPK74/Pouch_Soviet_45rnd_RPK74.xob') at <6351.819336 6.842559 9645.285156> @"{B6EEF03975F21E4E}Prefabs/Items/Equipment/Accessories/Pouch_Soviet_45rnd_RPK74/Pouch_Soviet_45rnd_RPK74.et" while spawning initial items inside the storage.
23:45:21.928 WORLD        : UpdateEntities
23:45:21.928  WORLD        : Frame
23:45:21.928   ENTITY       : SpawnEntityPrefab @"{23ADBBC31B6A3DC6}Prefabs/Characters/Factions/OPFOR/USSR_Army/Character_USSR_AR.et"
23:45:21.928    WORLD        : InitEntities 'world'
23:45:21.928     ENTITY       : Init entity @"ENTITY:4611686018427411285" ('SCR_ChimeraCharacter','Assets/Characters/Basebody/Basebody_Male_01.xob') at <6336.449219 5.457939 9651.960938> @"{23ADBBC31B6A3DC6}Prefabs/Characters/Factions/OPFOR/USSR_Army/Character_USSR_AR.et"
23:45:21.928      INVENTORY (E): Couldn't insert item @"ENTITY:4611686018427411326" ('GenericEntity','Assets/Weapons/Magazines/RPK74/Magazine_45rnd_RPK74.xob') at <0.000000 0.000000 0.000000> @"{D78C667F59829717}Prefabs/Weapons/Magazines/Magazine_545x39_RPK_45rnd_4Ball_1Tracer.et" into storage @"ENTITY:4611686018427411303" ('GenericEntity','Assets/Items/Equipment/Accessories/Pouch_Soviet_45rnd_RPK74/Pouch_Soviet_45rnd_RPK74.xob') at <6336.597656 6.570011 9652.032227> @"{B6EEF03975F21E4E}Prefabs/Items/Equipment/Accessories/Pouch_Soviet_45rnd_RPK74/Pouch_Soviet_45rnd_RPK74.et" while spawning initial items inside the storage.
23:45:21.928      INVENTORY (E): Couldn't insert item @"ENTITY:4611686018427411327" ('GenericEntity','Assets/Weapons/Magazines/RPK74/Magazine_45rnd_RPK74.xob') at <0.000000 0.000000 0.000000> @"{D78C667F59829717}Prefabs/Weapons/Magazines/Magazine_545x39_RPK_45rnd_4Ball_1Tracer.et" into storage @"ENTITY:4611686018427411303" ('GenericEntity','Assets/Items/Equipment/Accessories/Pouch_Soviet_45rnd_RPK74/Pouch_Soviet_45rnd_RPK74.xob') at <6336.597656 6.570011 9652.032227> @"{B6EEF03975F21E4E}Prefabs/Items/Equipment/Accessories/Pouch_Soviet_45rnd_RPK74/Pouch_Soviet_45rnd_RPK74.et" while spawning initial items inside the storage.
23:45:21.928      INVENTORY (E): Couldn't insert item @"ENTITY:4611686018427411328" ('GenericEntity','Assets/Weapons/Magazines/RPK74/Magazine_45rnd_RPK74.xob') at <0.000000 0.000000 0.000000> @"{D78C667F59829717}Prefabs/Weapons/Magazines/Magazine_545x39_RPK_45rnd_4Ball_1Tracer.et" into storage @"ENTITY:4611686018427411303" ('GenericEntity','Assets/Items/Equipment/Accessories/Pouch_Soviet_45rnd_RPK74/Pouch_Soviet_45rnd_RPK74.xob') at <6336.597656 6.570011 9652.032227> @"{B6EEF03975F21E4E}Prefabs/Items/Equipment/Accessories/Pouch_Soviet_45rnd_RPK74/Pouch_Soviet_45rnd_RPK74.et" while spawning initial items inside the storage.
23:45:21.929      INVENTORY (E): Couldn't insert item @"ENTITY:4611686018427411329" ('GenericEntity','Assets/Weapons/Magazines/RPK74/Magazine_45rnd_RPK74.xob') at <0.000000 0.000000 0.000000> @"{D78C667F59829717}Prefabs/Weapons/Magazines/Magazine_545x39_RPK_45rnd_4Ball_1Tracer.et" into storage @"ENTITY:4611686018427411303" ('GenericEntity','Assets/Items/Equipment/Accessories/Pouch_Soviet_45rnd_RPK74/Pouch_Soviet_45rnd_RPK74.xob') at <6336.597656 6.570011 9652.032227> @"{B6EEF03975F21E4E}Prefabs/Items/Equipment/Accessories/Pouch_Soviet_45rnd_RPK74/Pouch_Soviet_45rnd_RPK74.et" while spawning initial items inside the storage.
23:58:43.629 WORLD        : UpdateEntities
23:58:43.629  WORLD        : FixedFrame
23:58:43.629   SCRIPT    (E): SCR_InstigatorContextData: instigatorType: 'INSTIGATOR_OTHER' is not supported!
23:58:43.792 WORLD        : UpdateEntities
23:58:43.792  WORLD        : FixedFrame
23:58:43.792   SCRIPT    (E): SCR_InstigatorContextData: instigatorType: 'INSTIGATOR_OTHER' is not supported!
23:58:43.995 WORLD        : UpdateEntities
23:58:43.995  WORLD        : FixedFrame
23:58:43.995   SCRIPT    (E): SCR_InstigatorContextData: instigatorType: 'INSTIGATOR_OTHER' is not supported!
23:58:44.189 WORLD        : UpdateEntities
23:58:44.189  WORLD        : FixedFrame
23:58:44.189   ENTITY       : SpawnEntityPrefab @"{862E3B66D0316F0A}Prefabs/Characters/Factions/OPFOR/USSR_Army/KLMK/Character_USSR_AR_KLMK.et"
23:58:44.189    WORLD        : InitEntities 'world'
23:58:44.189     ENTITY       : Init entity @"ENTITY:4611686018427413454" ('SCR_ChimeraCharacter','Assets/Characters/Basebody/Basebody_Male_01.xob') at <3781.805908 141.207001 5621.157715> @"{862E3B66D0316F0A}Prefabs/Characters/Factions/OPFOR/USSR_Army/KLMK/Character_USSR_AR_KLMK.et"
23:58:44.189      INVENTORY (E): Couldn't insert item @"ENTITY:4611686018427413492" ('GenericEntity','Assets/Weapons/Magazines/RPK74/Magazine_45rnd_RPK74.xob') at <0.000000 0.000000 0.000000> @"{D78C667F59829717}Prefabs/Weapons/Magazines/Magazine_545x39_RPK_45rnd_4Ball_1Tracer.et" into storage @"ENTITY:4611686018427413469" ('GenericEntity','Assets/Items/Equipment/Accessories/Pouch_Soviet_45rnd_RPK74/Pouch_Soviet_45rnd_RPK74.xob') at <3781.901855 142.319077 5621.024414> @"{B6EEF03975F21E4E}Prefabs/Items/Equipment/Accessories/Pouch_Soviet_45rnd_RPK74/Pouch_Soviet_45rnd_RPK74.et" while spawning initial items inside the storage.
23:58:44.190      INVENTORY (E): Couldn't insert item @"ENTITY:4611686018427413493" ('GenericEntity','Assets/Weapons/Magazines/RPK74/Magazine_45rnd_RPK74.xob') at <0.000000 0.000000 0.000000> @"{D78C667F59829717}Prefabs/Weapons/Magazines/Magazine_545x39_RPK_45rnd_4Ball_1Tracer.et" into storage @"ENTITY:4611686018427413469" ('GenericEntity','Assets/Items/Equipment/Accessories/Pouch_Soviet_45rnd_RPK74/Pouch_Soviet_45rnd_RPK74.xob') at <3781.901855 142.319077 5621.024414> @"{B6EEF03975F21E4E}Prefabs/Items/Equipment/Accessories/Pouch_Soviet_45rnd_RPK74/Pouch_Soviet_45rnd_RPK74.et" while spawning initial items inside the storage.
23:58:44.190      INVENTORY (E): Couldn't insert item @"ENTITY:4611686018427413494" ('GenericEntity','Assets/Weapons/Magazines/RPK74/Magazine_45rnd_RPK74.xob') at <0.000000 0.000000 0.000000> @"{D78C667F59829717}Prefabs/Weapons/Magazines/Magazine_545x39_RPK_45rnd_4Ball_1Tracer.et" into storage @"ENTITY:4611686018427413469" ('GenericEntity','Assets/Items/Equipment/Accessories/Pouch_Soviet_45rnd_RPK74/Pouch_Soviet_45rnd_RPK74.xob') at <3781.901855 142.319077 5621.024414> @"{B6EEF03975F21E4E}Prefabs/Items/Equipment/Accessories/Pouch_Soviet_45rnd_RPK74/Pouch_Soviet_45rnd_RPK74.et" while spawning initial items inside the storage.
23:58:44.190      INVENTORY (E): Couldn't insert item @"ENTITY:4611686018427413495" ('GenericEntity','Assets/Weapons/Magazines/RPK74/Magazine_45rnd_RPK74.xob') at <0.000000 0.000000 0.000000> @"{D78C667F59829717}Prefabs/Weapons/Magazines/Magazine_545x39_RPK_45rnd_4Ball_1Tracer.et" into storage @"ENTITY:4611686018427413469" ('GenericEntity','Assets/Items/Equipment/Accessories/Pouch_Soviet_45rnd_RPK74/Pouch_Soviet_45rnd_RPK74.xob') at <3781.901855 142.319077 5621.024414> @"{B6EEF03975F21E4E}Prefabs/Items/Equipment/Accessories/Pouch_Soviet_45rnd_RPK74/Pouch_Soviet_45rnd_RPK74.et" while spawning initial items inside the storage.
23:58:44.193   SCRIPT    (E): SCR_InstigatorContextData: instigatorType: 'INSTIGATOR_OTHER' is not supported!
23:58:44.198   SCRIPT    (E): ScenarioFramework Action: Entity not found for Action SCR_ScenarioFrameworkActionKillEntity<0x00007F398A1D18E0> attached on Slot471.
23:58:44.393 WORLD        : UpdateEntities
23:58:44.393  WORLD        : FixedFrame
23:58:44.393   ENTITY       : SpawnEntityPrefab @"{0B8AC0C3C447F90E}Prefabs/Characters/Factions/OPFOR/USSR_Army/Spetsnaz/Character_USSR_SF_LMG.et"
23:58:44.393    WORLD        : InitEntities 'world'
23:58:44.393     ENTITY       : Init entity @"ENTITY:4611686018427413504" ('SCR_ChimeraCharacter','Assets/Characters/Basebody/Basebody_Male_01.xob') at <3747.839355 149.217010 5639.669434> @"{0B8AC0C3C447F90E}Prefabs/Characters/Factions/OPFOR/USSR_Army/Spetsnaz/Character_USSR_SF_LMG.et"
23:58:44.393      INVENTORY (E): Couldn't insert item @"ENTITY:4611686018427413545" ('GenericEntity','Assets/Weapons/Magazines/RPK74/Magazine_45rnd_RPK74.xob') at <0.000000 0.000000 0.000000> @"{D78C667F59829717}Prefabs/Weapons/Magazines/Magazine_545x39_RPK_45rnd_4Ball_1Tracer.et" into storage @"ENTITY:4611686018427413521" ('GenericEntity','Assets/Items/Equipment/Accessories/Pouch_Soviet_45rnd_RPK74/Pouch_Soviet_45rnd_RPK74.xob') at <3747.910645 150.281067 5639.785156> @"{B6EEF03975F21E4E}Prefabs/Items/Equipment/Accessories/Pouch_Soviet_45rnd_RPK74/Pouch_Soviet_45rnd_RPK74.et" while spawning initial items inside the storage.
23:58:44.393      INVENTORY (E): Couldn't insert item @"ENTITY:4611686018427413546" ('GenericEntity','Assets/Weapons/Magazines/RPK74/Magazine_45rnd_RPK74.xob') at <0.000000 0.000000 0.000000> @"{D78C667F59829717}Prefabs/Weapons/Magazines/Magazine_545x39_RPK_45rnd_4Ball_1Tracer.et" into storage @"ENTITY:4611686018427413521" ('GenericEntity','Assets/Items/Equipment/Accessories/Pouch_Soviet_45rnd_RPK74/Pouch_Soviet_45rnd_RPK74.xob') at <3747.910645 150.281067 5639.785156> @"{B6EEF03975F21E4E}Prefabs/Items/Equipment/Accessories/Pouch_Soviet_45rnd_RPK74/Pouch_Soviet_45rnd_RPK74.et" while spawning initial items inside the storage.
23:58:44.394      INVENTORY (E): Couldn't insert item @"ENTITY:4611686018427413547" ('GenericEntity','Assets/Weapons/Magazines/RPK74/Magazine_45rnd_RPK74.xob') at <0.000000 0.000000 0.000000> @"{D78C667F59829717}Prefabs/Weapons/Magazines/Magazine_545x39_RPK_45rnd_4Ball_1Tracer.et" into storage @"ENTITY:4611686018427413521" ('GenericEntity','Assets/Items/Equipment/Accessories/Pouch_Soviet_45rnd_RPK74/Pouch_Soviet_45rnd_RPK74.xob') at <3747.910645 150.281067 5639.785156> @"{B6EEF03975F21E4E}Prefabs/Items/Equipment/Accessories/Pouch_Soviet_45rnd_RPK74/Pouch_Soviet_45rnd_RPK74.et" while spawning initial items inside the storage.
23:58:44.394      INVENTORY (E): Couldn't insert item @"ENTITY:4611686018427413548" ('GenericEntity','Assets/Weapons/Magazines/RPK74/Magazine_45rnd_RPK74.xob') at <0.000000 0.000000 0.000000> @"{D78C667F59829717}Prefabs/Weapons/Magazines/Magazine_545x39_RPK_45rnd_4Ball_1Tracer.et" into storage @"ENTITY:4611686018427413521" ('GenericEntity','Assets/Items/Equipment/Accessories/Pouch_Soviet_45rnd_RPK74/Pouch_Soviet_45rnd_RPK74.xob') at <3747.910645 150.281067 5639.785156> @"{B6EEF03975F21E4E}Prefabs/Items/Equipment/Accessories/Pouch_Soviet_45rnd_RPK74/Pouch_Soviet_45rnd_RPK74.et" while spawning initial items inside the storage.
23:58:44.397   SCRIPT    (E): SCR_InstigatorContextData: instigatorType: 'INSTIGATOR_OTHER' is not supported!
23:58:44.591 WORLD        : UpdateEntities
23:58:44.591  WORLD        : FixedFrame
23:58:44.591   SCRIPT    (E): SCR_InstigatorContextData: instigatorType: 'INSTIGATOR_OTHER' is not supported!
23:58:44.791 WORLD        : UpdateEntities
23:58:44.791  WORLD        : FixedFrame
23:58:44.791   SCRIPT    (E): SCR_InstigatorContextData: instigatorType: 'INSTIGATOR_OTHER' is not supported!
23:59:00.026 WORLD        : UpdateEntities
23:59:00.026  WORLD        : Frame
23:59:00.026   ENTITY       : SpawnEntityPrefab @"{23ADBBC31B6A3DC6}Prefabs/Characters/Factions/OPFOR/USSR_Army/Character_USSR_AR.et"
23:59:00.026    WORLD        : InitEntities 'world'
23:59:00.026     ENTITY       : Init entity @"ENTITY:4611686018427413811" ('SCR_ChimeraCharacter','Assets/Characters/Basebody/Basebody_Male_01.xob') at <3835.938477 122.337265 4855.328125> @"{23ADBBC31B6A3DC6}Prefabs/Characters/Factions/OPFOR/USSR_Army/Character_USSR_AR.et"
23:59:00.026      INVENTORY (E): Couldn't insert item @"ENTITY:4611686018427413852" ('GenericEntity','Assets/Weapons/Magazines/RPK74/Magazine_45rnd_RPK74.xob') at <0.000000 0.000000 0.000000> @"{D78C667F59829717}Prefabs/Weapons/Magazines/Magazine_545x39_RPK_45rnd_4Ball_1Tracer.et" into storage @"ENTITY:4611686018427413829" ('GenericEntity','Assets/Items/Equipment/Accessories/Pouch_Soviet_45rnd_RPK74/Pouch_Soviet_45rnd_RPK74.xob') at <3835.776367 123.449333 4855.355957> @"{B6EEF03975F21E4E}Prefabs/Items/Equipment/Accessories/Pouch_Soviet_45rnd_RPK74/Pouch_Soviet_45rnd_RPK74.et" while spawning initial items inside the storage.
23:59:00.026      INVENTORY (E): Couldn't insert item @"ENTITY:4611686018427413853" ('GenericEntity','Assets/Weapons/Magazines/RPK74/Magazine_45rnd_RPK74.xob') at <0.000000 0.000000 0.000000> @"{D78C667F59829717}Prefabs/Weapons/Magazines/Magazine_545x39_RPK_45rnd_4Ball_1Tracer.et" into storage @"ENTITY:4611686018427413829" ('GenericEntity','Assets/Items/Equipment/Accessories/Pouch_Soviet_45rnd_RPK74/Pouch_Soviet_45rnd_RPK74.xob') at <3835.776367 123.449333 4855.355957> @"{B6EEF03975F21E4E}Prefabs/Items/Equipment/Accessories/Pouch_Soviet_45rnd_RPK74/Pouch_Soviet_45rnd_RPK74.et" while spawning initial items inside the storage.
23:59:00.026      INVENTORY (E): Couldn't insert item @"ENTITY:4611686018427413854" ('GenericEntity','Assets/Weapons/Magazines/RPK74/Magazine_45rnd_RPK74.xob') at <0.000000 0.000000 0.000000> @"{D78C667F59829717}Prefabs/Weapons/Magazines/Magazine_545x39_RPK_45rnd_4Ball_1Tracer.et" into storage @"ENTITY:4611686018427413829" ('GenericEntity','Assets/Items/Equipment/Accessories/Pouch_Soviet_45rnd_RPK74/Pouch_Soviet_45rnd_RPK74.xob') at <3835.776367 123.449333 4855.355957> @"{B6EEF03975F21E4E}Prefabs/Items/Equipment/Accessories/Pouch_Soviet_45rnd_RPK74/Pouch_Soviet_45rnd_RPK74.et" while spawning initial items inside the storage.
23:59:00.027      INVENTORY (E): Couldn't insert item @"ENTITY:4611686018427413855" ('GenericEntity','Assets/Weapons/Magazines/RPK74/Magazine_45rnd_RPK74.xob') at <0.000000 0.000000 0.000000> @"{D78C667F59829717}Prefabs/Weapons/Magazines/Magazine_545x39_RPK_45rnd_4Ball_1Tracer.et" into storage @"ENTITY:4611686018427413829" ('GenericEntity','Assets/Items/Equipment/Accessories/Pouch_Soviet_45rnd_RPK74/Pouch_Soviet_45rnd_RPK74.xob') at <3835.776367 123.449333 4855.355957> @"{B6EEF03975F21E4E}Prefabs/Items/Equipment/Accessories/Pouch_Soviet_45rnd_RPK74/Pouch_Soviet_45rnd_RPK74.et" while spawning initial items inside the storage.
00:00:24.577 WORLD        : UpdateEntities
00:00:24.578  WORLD        : Frame
00:00:24.578   SCRIPT    (W): SCR_InstigatorContextData: No instigator type is set on Character death. It is likely that the KillerVictimRelation will be set to OTHER_DEATH which will not punish the victim for suicice.
00:00:43.606 WORLD        : UpdateEntities
00:00:43.606  WORLD        : FixedFrame
00:00:43.606   SCRIPT    (E): ScenarioFramework: Object SCR_SpawnPoint<0x0000000046CBABB0> @"ENTITY:4611686018427413080" ('SCR_SpawnPoint') at <4562.170898 54.011002 5434.766113> @"{72713ED566A531F3}PrefabsEditable/SpawnPoints/E_SpawnPoint_FIA.et" already exists and won't be spawned for spawn, exiting...
00:00:43.772 WORLD        : UpdateEntities
00:00:43.772  WORLD        : FixedFrame
00:00:43.772   SCRIPT    (E): ScenarioFramework: Object GenericEntity<0x00007F3A9DBA2670> @"ENTITY:4611686018427413081" ('GenericEntity','Assets/Items/Fuel/Jerrycan_01/Jerrycan_01.xob') at <3072.425781 122.134315 5342.852051> @"{12D5AD21E383B768}Prefabs/Items/Fuel/Jerrycan_01/Jerrycan_01_item.et" already exists and won't be spawned for Slot1404, exiting...
00:00:43.872 WORLD        : UpdateEntities
00:00:43.873  WORLD        : FixedFrame
00:00:43.873   SCRIPT    (E): ScenarioFramework: Object GenericEntity<0x00007F3A9DBA0BE0> @"ENTITY:4611686018427413082" ('GenericEntity','Assets/Weapons/Rifles/M16A2/M16A2_carbine_body.xob') at <3072.259277 122.401718 5342.649414> @"{E57DBDA5C50F07FF}Prefabs/Weapons/Rifles/M16/Rifle_M16A2_carbine_4x20.et" already exists and won't be spawned for Slot_437, exiting...
00:00:44.040 WORLD        : UpdateEntities
00:00:44.040  WORLD        : FixedFrame
00:00:44.040   SCRIPT    (E): ScenarioFramework: Object GenericEntity<0x00007F3A9DBA1130> @"ENTITY:4611686018427413088" ('GenericEntity','Assets/Weapons/Magazines/STANAG/Magazine_30rnd_STANAG.xob') at <3072.425781 122.134315 5342.852051> @"{D8F2CA92583B23D3}Prefabs/Weapons/Magazines/Magazine_556x45_STANAG_30rnd_M855_M856_Last_5Tracer.et" already exists and won't be spawned for Slot_438, exiting...
00:00:44.239 WORLD        : UpdateEntities
00:00:44.239  WORLD        : FixedFrame
00:00:44.240   SCRIPT    (E): ScenarioFramework: Object GenericEntity<0x00007F3A9DBA1240> @"ENTITY:4611686018427413089" ('GenericEntity','Assets/Weapons/Magazines/STANAG/Magazine_30rnd_STANAG.xob') at <3072.425781 122.134315 5342.852051> @"{D8F2CA92583B23D3}Prefabs/Weapons/Magazines/Magazine_556x45_STANAG_30rnd_M855_M856_Last_5Tracer.et" already exists and won't be spawned for Slot_439, exiting...
00:00:44.440 WORLD        : UpdateEntities
00:00:44.440  WORLD        : FixedFrame
00:00:44.440   SCRIPT    (E): ScenarioFramework: Object GenericEntity<0x00007F3A9DBA1350> @"ENTITY:4611686018427413090" ('GenericEntity','Assets/Weapons/Magazines/STANAG/Magazine_30rnd_STANAG.xob') at <3072.425781 122.134315 5342.852051> @"{D8F2CA92583B23D3}Prefabs/Weapons/Magazines/Magazine_556x45_STANAG_30rnd_M855_M856_Last_5Tracer.et" already exists and won't be spawned for Slot_440, exiting...
00:00:44.640 WORLD        : UpdateEntities
00:00:44.640  WORLD        : FixedFrame
00:00:44.640   SCRIPT    (E): ScenarioFramework: Object GenericEntity<0x00007F3A9DBA1460> @"ENTITY:4611686018427413091" ('GenericEntity','Assets/Weapons/Magazines/STANAG/Magazine_30rnd_STANAG.xob') at <3072.425781 122.134315 5342.852051> @"{D8F2CA92583B23D3}Prefabs/Weapons/Magazines/Magazine_556x45_STANAG_30rnd_M855_M856_Last_5Tracer.et" already exists and won't be spawned for Slot_441, exiting...
00:00:44.840 WORLD        : UpdateEntities
00:00:44.840  WORLD        : FixedFrame
00:00:44.840   SCRIPT    (E): ScenarioFramework: Object GenericEntity<0x00007F3A9DBA1570> @"ENTITY:4611686018427413092" ('GenericEntity','Assets/Weapons/MachineGuns/M249/M249_body.xob') at <3072.164795 122.273979 5342.944824> @"{D2B48DEBEF38D7D7}Prefabs/Weapons/MachineGuns/M249/MG_M249.et" already exists and won't be spawned for Slot_453, exiting...
00:00:45.255 WORLD        : UpdateEntities
00:00:45.255  WORLD        : PostFrame
00:00:45.255   SCRIPT    (E): ScenarioFramework Action: Maximum number of activations reached for Action SCR_ScenarioFrameworkActionWaitAndExecute<0x00007F398AF6C4A8> attached on . Action won't do anything.
00:10:28.450 WORLD        : UpdateEntities
00:10:28.450  WORLD        : PostFrame
00:10:28.450   NETWORK   (W): Did not find id = 0x8000BB82 item = @"ENTITY:4611686018427413088" ('GenericEntity','Assets/Weapons/Magazines/STANAG/Magazine_30rnd_STANAG.xob') at <3072.425781 122.134315 5342.852051> @"{D8F2CA92583B23D3}Prefabs/Weapons/Magazines/Magazine_556x45_STANAG_30rnd_M855_M856_Last_5Tracer.et" in Spatial Map at <   3;   5> 
00:10:28.468 WORLD        : UpdateEntities
00:10:28.468  WORLD        : PostFrame
00:10:28.468   NETWORK   (W): Did not find id = 0x80003171 item = @"ENTITY:4611686018427391528" ('GenericEntity','Assets/Characters/Vests/Vest_SovietHarness/Vest_SovietHarness_Belt_item.xob') at <3072.425781 122.134315 5342.852051> @"{F928D90B6E4B9166}Prefabs/Characters/Vests/Vest_SovietHarness/Vest_SovietHarness_belt_dummy.et" in Spatial Map at <   3;   5> 
00:10:29.246 WORLD        : UpdateEntities
00:10:29.246  WORLD        : Frame
00:10:29.246   SCRIPT    (W): DataCollectorDriverModule:Update: this context's player or vehicle is null. Player ID: 2. Seems wrong
00:10:29.246   SCRIPT    (W): DataCollectorDriverModule:Update: this context's player or vehicle is null. Player ID: 3. Seems wrong
00:10:38.700 WORLD        : UpdateEntities
00:10:38.700  RPL          : rpl::Pip::ProcessNetToGame
00:10:38.700   RESOURCES    : GetResourceObject @"{C6B534F64C60C583}PrefabsEditable/Auto/Compositions/Slotted/SlotFlatLarge/E_Helipad_L_US_01.et"
00:10:38.700    WORLD        : Entity prefab load @"{C6B534F64C60C583}PrefabsEditable/Auto/Compositions/Slotted/SlotFlatLarge/E_Helipad_L_US_01.et"
00:10:38.700     RESOURCES    : GetResourceObject @"{A13F6A7F82DF031B}Prefabs/Compositions/Slotted/SlotFlatLarge/Helipad_L_US_01.et"
00:10:38.700      WORLD        : Entity prefab load @"{A13F6A7F82DF031B}Prefabs/Compositions/Slotted/SlotFlatLarge/Helipad_L_US_01.et"
00:10:38.700       RESOURCES    : GetResourceObject @"{472BE7BF1240C1CE}Prefabs/Compositions/Misc/SubCompositions/Utility/Helipad_Lights_US_01.et"
00:10:38.700        WORLD        : Entity prefab load @"{472BE7BF1240C1CE}Prefabs/Compositions/Misc/SubCompositions/Utility/Helipad_Lights_US_01.et"
00:10:38.700         WORLD     (E): Unknown keyword/data 'm_bShowDebugShape' at offset 2491(0x9bb)
00:12:11.924 WORLD        : UpdateEntities
00:12:11.924  WORLD        : FixedFrame
00:12:11.924   ENTITY       : SpawnEntityPrefab @"{1BABF6B33DA0AEB6}Prefabs/Vehicles/Wheeled/Ural4320/Ural4320_command.et"
00:12:11.924    ENTITY       : Create entity @"ENTITY:4611686018427415681" ('Vehicle','Assets/Vehicles/Wheeled/Ural4320/Ural_4320_base.xob') at <5127.761719 52.839001 5491.432129> @"{1BABF6B33DA0AEB6}Prefabs/Vehicles/Wheeled/Ural4320/Ural4320_command.et"
00:12:11.924     ENTITY       : SpawnEntityPrefab @"{8A239DEA19509B1B}Prefabs/Vehicles/Core/VirtualSlots/Radio_VirtualArsenalSlot.et"
00:12:11.924      WORLD        : InitEntities 'world'
00:12:11.924       ENTITY       : Init entity @"ENTITY:4611686018427415722" ('GenericEntity') at <5127.761719 52.839001 5491.432129> @"{8A239DEA19509B1B}Prefabs/Vehicles/Core/VirtualSlots/Radio_VirtualArsenalSlot.et"
00:12:11.924        RPL       (E): RpcError: Calling a RPC from an unregistered item! itemType='script::Game::SCR_ArsenalComponent', rpc='SetArsenalEnabledBroadcast'
00:12:12.283 WORLD        : UpdateEntities
00:12:12.283  WORLD        : FixedFrame
00:12:12.283   SCRIPT    (E): ScenarioFramework: Object GenericEntity<0x00007F3A51273BB0> @"ENTITY:4611686018427389230" ('GenericEntity','Assets/Props/Civilian/Photos/Photo_02.xob') at <7021.383789 102.721008 8392.514648> @"{FB7B837BB0F11443}Prefabs/Props/Civilian/Photos/CombatOps_Polaroid_02.et" already exists and won't be spawned for Slot241, exiting...
00:12:12.495 WORLD        : UpdateEntities
00:12:12.495  WORLD        : FixedFrame
00:12:12.495   SCRIPT    (E): ScenarioFramework: Object GenericEntity<0x00007F3A51273DD0> @"ENTITY:4611686018427389232" ('GenericEntity','Assets/Props/Civilian/Photos/Photo_02.xob') at <4823.916992 87.959000 4436.767578> @"{FB7B837BB0F11443}Prefabs/Props/Civilian/Photos/CombatOps_Polaroid_02.et" already exists and won't be spawned for Slot242, exiting...
00:12:13.839 WORLD        : UpdateEntities
00:12:13.839  WORLD        : FixedFrame
00:12:13.839   ENTITY       : SpawnEntityPrefab @"{43C4AF1EEBD001CE}Prefabs/Vehicles/Wheeled/UAZ452/UAZ452_ambulance.et"
00:12:13.839    ENTITY       : Create entity @"ENTITY:4611686018427416089" ('Vehicle','Assets/Vehicles/Wheeled/UAZ452/UAZ452_base.xob') at <5094.291016 53.661003 5469.510254> @"{43C4AF1EEBD001CE}Prefabs/Vehicles/Wheeled/UAZ452/UAZ452_ambulance.et"
00:12:13.839     ENTITY       : SpawnEntityPrefab @"{65F17676960CBF58}Prefabs/Vehicles/Core/VirtualSlots/Ambulance_VirtualArsenalSlot.et"
00:12:13.839      WORLD        : InitEntities 'world'
00:12:13.839       ENTITY       : Init entity @"ENTITY:4611686018427416132" ('GenericEntity') at <5094.291016 53.661003 5469.510254> @"{65F17676960CBF58}Prefabs/Vehicles/Core/VirtualSlots/Ambulance_VirtualArsenalSlot.et"
00:12:13.839        RPL       (E): RpcError: Calling a RPC from an unregistered item! itemType='script::Game::SCR_ArsenalComponent', rpc='SetArsenalEnabledBroadcast'
00:12:35.937 WORLD        : UpdateEntities
00:12:35.938  WORLD        : Frame
00:12:35.938   ENTITY       : SpawnEntityPrefab @"{23ADBBC31B6A3DC6}Prefabs/Characters/Factions/OPFOR/USSR_Army/Character_USSR_AR.et"
00:12:35.938    WORLD        : InitEntities 'world'
00:12:35.938     ENTITY       : Init entity @"ENTITY:4611686018427416211" ('SCR_ChimeraCharacter','Assets/Characters/Basebody/Basebody_Male_01.xob') at <3833.714111 116.366074 4943.776855> @"{23ADBBC31B6A3DC6}Prefabs/Characters/Factions/OPFOR/USSR_Army/Character_USSR_AR.et"
00:12:35.938      INVENTORY (E): Couldn't insert item @"ENTITY:4611686018427416252" ('GenericEntity','Assets/Weapons/Magazines/RPK74/Magazine_45rnd_RPK74.xob') at <0.000000 0.000000 0.000000> @"{D78C667F59829717}Prefabs/Weapons/Magazines/Magazine_545x39_RPK_45rnd_4Ball_1Tracer.et" into storage @"ENTITY:4611686018427416229" ('GenericEntity','Assets/Items/Equipment/Accessories/Pouch_Soviet_45rnd_RPK74/Pouch_Soviet_45rnd_RPK74.xob') at <3833.552002 117.478142 4943.804688> @"{B6EEF03975F21E4E}Prefabs/Items/Equipment/Accessories/Pouch_Soviet_45rnd_RPK74/Pouch_Soviet_45rnd_RPK74.et" while spawning initial items inside the storage.
00:12:35.938      INVENTORY (E): Couldn't insert item @"ENTITY:4611686018427416253" ('GenericEntity','Assets/Weapons/Magazines/RPK74/Magazine_45rnd_RPK74.xob') at <0.000000 0.000000 0.000000> @"{D78C667F59829717}Prefabs/Weapons/Magazines/Magazine_545x39_RPK_45rnd_4Ball_1Tracer.et" into storage @"ENTITY:4611686018427416229" ('GenericEntity','Assets/Items/Equipment/Accessories/Pouch_Soviet_45rnd_RPK74/Pouch_Soviet_45rnd_RPK74.xob') at <3833.552002 117.478142 4943.804688> @"{B6EEF03975F21E4E}Prefabs/Items/Equipment/Accessories/Pouch_Soviet_45rnd_RPK74/Pouch_Soviet_45rnd_RPK74.et" while spawning initial items inside the storage.
00:12:35.938      INVENTORY (E): Couldn't insert item @"ENTITY:4611686018427416254" ('GenericEntity','Assets/Weapons/Magazines/RPK74/Magazine_45rnd_RPK74.xob') at <0.000000 0.000000 0.000000> @"{D78C667F59829717}Prefabs/Weapons/Magazines/Magazine_545x39_RPK_45rnd_4Ball_1Tracer.et" into storage @"ENTITY:4611686018427416229" ('GenericEntity','Assets/Items/Equipment/Accessories/Pouch_Soviet_45rnd_RPK74/Pouch_Soviet_45rnd_RPK74.xob') at <3833.552002 117.478142 4943.804688> @"{B6EEF03975F21E4E}Prefabs/Items/Equipment/Accessories/Pouch_Soviet_45rnd_RPK74/Pouch_Soviet_45rnd_RPK74.et" while spawning initial items inside the storage.
00:12:35.938      INVENTORY (E): Couldn't insert item @"ENTITY:4611686018427416255" ('GenericEntity','Assets/Weapons/Magazines/RPK74/Magazine_45rnd_RPK74.xob') at <0.000000 0.000000 0.000000> @"{D78C667F59829717}Prefabs/Weapons/Magazines/Magazine_545x39_RPK_45rnd_4Ball_1Tracer.et" into storage @"ENTITY:4611686018427416229" ('GenericEntity','Assets/Items/Equipment/Accessories/Pouch_Soviet_45rnd_RPK74/Pouch_Soviet_45rnd_RPK74.xob') at <3833.552002 117.478142 4943.804688> @"{B6EEF03975F21E4E}Prefabs/Items/Equipment/Accessories/Pouch_Soviet_45rnd_RPK74/Pouch_Soviet_45rnd_RPK74.et" while spawning initial items inside the storage.
00:12:51.937 WORLD        : UpdateEntities
00:12:51.938  WORLD        : Frame
00:12:51.938   ENTITY       : SpawnEntityPrefab @"{23ADBBC31B6A3DC6}Prefabs/Characters/Factions/OPFOR/USSR_Army/Character_USSR_AR.et"
00:12:51.938    WORLD        : InitEntities 'world'
00:12:51.938     ENTITY       : Init entity @"ENTITY:4611686018427416872" ('SCR_ChimeraCharacter','Assets/Characters/Basebody/Basebody_Male_01.xob') at <3956.391602 154.614548 4373.511719> @"{23ADBBC31B6A3DC6}Prefabs/Characters/Factions/OPFOR/USSR_Army/Character_USSR_AR.et"
00:12:51.938      INVENTORY (E): Couldn't insert item @"ENTITY:4611686018427416913" ('GenericEntity','Assets/Weapons/Magazines/RPK74/Magazine_45rnd_RPK74.xob') at <0.000000 0.000000 0.000000> @"{D78C667F59829717}Prefabs/Weapons/Magazines/Magazine_545x39_RPK_45rnd_4Ball_1Tracer.et" into storage @"ENTITY:4611686018427416890" ('GenericEntity','Assets/Items/Equipment/Accessories/Pouch_Soviet_45rnd_RPK74/Pouch_Soviet_45rnd_RPK74.xob') at <3956.232666 155.726624 4373.468750> @"{B6EEF03975F21E4E}Prefabs/Items/Equipment/Accessories/Pouch_Soviet_45rnd_RPK74/Pouch_Soviet_45rnd_RPK74.et" while spawning initial items inside the storage.
00:12:51.938      INVENTORY (E): Couldn't insert item @"ENTITY:4611686018427416914" ('GenericEntity','Assets/Weapons/Magazines/RPK74/Magazine_45rnd_RPK74.xob') at <0.000000 0.000000 0.000000> @"{D78C667F59829717}Prefabs/Weapons/Magazines/Magazine_545x39_RPK_45rnd_4Ball_1Tracer.et" into storage @"ENTITY:4611686018427416890" ('GenericEntity','Assets/Items/Equipment/Accessories/Pouch_Soviet_45rnd_RPK74/Pouch_Soviet_45rnd_RPK74.xob') at <3956.232666 155.726624 4373.468750> @"{B6EEF03975F21E4E}Prefabs/Items/Equipment/Accessories/Pouch_Soviet_45rnd_RPK74/Pouch_Soviet_45rnd_RPK74.et" while spawning initial items inside the storage.
00:12:51.938      INVENTORY (E): Couldn't insert item @"ENTITY:4611686018427416915" ('GenericEntity','Assets/Weapons/Magazines/RPK74/Magazine_45rnd_RPK74.xob') at <0.000000 0.000000 0.000000> @"{D78C667F59829717}Prefabs/Weapons/Magazines/Magazine_545x39_RPK_45rnd_4Ball_1Tracer.et" into storage @"ENTITY:4611686018427416890" ('GenericEntity','Assets/Items/Equipment/Accessories/Pouch_Soviet_45rnd_RPK74/Pouch_Soviet_45rnd_RPK74.xob') at <3956.232666 155.726624 4373.468750> @"{B6EEF03975F21E4E}Prefabs/Items/Equipment/Accessories/Pouch_Soviet_45rnd_RPK74/Pouch_Soviet_45rnd_RPK74.et" while spawning initial items inside the storage.
00:12:51.938      INVENTORY (E): Couldn't insert item @"ENTITY:4611686018427416916" ('GenericEntity','Assets/Weapons/Magazines/RPK74/Magazine_45rnd_RPK74.xob') at <0.000000 0.000000 0.000000> @"{D78C667F59829717}Prefabs/Weapons/Magazines/Magazine_545x39_RPK_45rnd_4Ball_1Tracer.et" into storage @"ENTITY:4611686018427416890" ('GenericEntity','Assets/Items/Equipment/Accessories/Pouch_Soviet_45rnd_RPK74/Pouch_Soviet_45rnd_RPK74.xob') at <3956.232666 155.726624 4373.468750> @"{B6EEF03975F21E4E}Prefabs/Items/Equipment/Accessories/Pouch_Soviet_45rnd_RPK74/Pouch_Soviet_45rnd_RPK74.et" while spawning initial items inside the storage.
00:12:52.056 WORLD        : UpdateEntities
00:12:52.056  WORLD        : Frame
00:12:52.056   ENTITY       : SpawnEntityPrefab @"{23ADBBC31B6A3DC6}Prefabs/Characters/Factions/OPFOR/USSR_Army/Character_USSR_AR.et"
00:12:52.056    WORLD        : InitEntities 'world'
00:12:52.056     ENTITY       : Init entity @"ENTITY:4611686018427417096" ('SCR_ChimeraCharacter','Assets/Characters/Basebody/Basebody_Male_01.xob') at <3929.023926 157.833130 4320.549805> @"{23ADBBC31B6A3DC6}Prefabs/Characters/Factions/OPFOR/USSR_Army/Character_USSR_AR.et"
00:12:52.056      INVENTORY (E): Couldn't insert item @"ENTITY:4611686018427417137" ('GenericEntity','Assets/Weapons/Magazines/RPK74/Magazine_45rnd_RPK74.xob') at <0.000000 0.000000 0.000000> @"{D78C667F59829717}Prefabs/Weapons/Magazines/Magazine_545x39_RPK_45rnd_4Ball_1Tracer.et" into storage @"ENTITY:4611686018427417114" ('GenericEntity','Assets/Items/Equipment/Accessories/Pouch_Soviet_45rnd_RPK74/Pouch_Soviet_45rnd_RPK74.xob') at <3928.908936 158.945206 4320.667480> @"{B6EEF03975F21E4E}Prefabs/Items/Equipment/Accessories/Pouch_Soviet_45rnd_RPK74/Pouch_Soviet_45rnd_RPK74.et" while spawning initial items inside the storage.
00:12:52.057      INVENTORY (E): Couldn't insert item @"ENTITY:4611686018427417138" ('GenericEntity','Assets/Weapons/Magazines/RPK74/Magazine_45rnd_RPK74.xob') at <0.000000 0.000000 0.000000> @"{D78C667F59829717}Prefabs/Weapons/Magazines/Magazine_545x39_RPK_45rnd_4Ball_1Tracer.et" into storage @"ENTITY:4611686018427417114" ('GenericEntity','Assets/Items/Equipment/Accessories/Pouch_Soviet_45rnd_RPK74/Pouch_Soviet_45rnd_RPK74.xob') at <3928.908936 158.945206 4320.667480> @"{B6EEF03975F21E4E}Prefabs/Items/Equipment/Accessories/Pouch_Soviet_45rnd_RPK74/Pouch_Soviet_45rnd_RPK74.et" while spawning initial items inside the storage.
00:12:52.057      INVENTORY (E): Couldn't insert item @"ENTITY:4611686018427417139" ('GenericEntity','Assets/Weapons/Magazines/RPK74/Magazine_45rnd_RPK74.xob') at <0.000000 0.000000 0.000000> @"{D78C667F59829717}Prefabs/Weapons/Magazines/Magazine_545x39_RPK_45rnd_4Ball_1Tracer.et" into storage @"ENTITY:4611686018427417114" ('GenericEntity','Assets/Items/Equipment/Accessories/Pouch_Soviet_45rnd_RPK74/Pouch_Soviet_45rnd_RPK74.xob') at <3928.908936 158.945206 4320.667480> @"{B6EEF03975F21E4E}Prefabs/Items/Equipment/Accessories/Pouch_Soviet_45rnd_RPK74/Pouch_Soviet_45rnd_RPK74.et" while spawning initial items inside the storage.
00:12:52.057      INVENTORY (E): Couldn't insert item @"ENTITY:4611686018427417140" ('GenericEntity','Assets/Weapons/Magazines/RPK74/Magazine_45rnd_RPK74.xob') at <0.000000 0.000000 0.000000> @"{D78C667F59829717}Prefabs/Weapons/Magazines/Magazine_545x39_RPK_45rnd_4Ball_1Tracer.et" into storage @"ENTITY:4611686018427417114" ('GenericEntity','Assets/Items/Equipment/Accessories/Pouch_Soviet_45rnd_RPK74/Pouch_Soviet_45rnd_RPK74.xob') at <3928.908936 158.945206 4320.667480> @"{B6EEF03975F21E4E}Prefabs/Items/Equipment/Accessories/Pouch_Soviet_45rnd_RPK74/Pouch_Soviet_45rnd_RPK74.et" while spawning initial items inside the storage.
00:12:52.265 WORLD        : UpdateEntities
00:12:52.265  WORLD        : FixedFrame
00:12:52.265   ENTITY       : SpawnEntityPrefab @"{E6AEC014D162D686}Prefabs/Vehicles/Wheeled/Ural4320/Ural4320_FIA_command.et"
00:12:52.265    ENTITY       : Create entity @"ENTITY:4611686018427417441" ('Vehicle','Assets/Vehicles/Wheeled/Ural4320/Ural_4320_base.xob') at <3899.589111 154.518005 4500.279785> @"{E6AEC014D162D686}Prefabs/Vehicles/Wheeled/Ural4320/Ural4320_FIA_command.et"
00:12:52.265     ENTITY       : SpawnEntityPrefab @"{8A239DEA19509B1B}Prefabs/Vehicles/Core/VirtualSlots/Radio_VirtualArsenalSlot.et"
00:12:52.265      WORLD        : InitEntities 'world'
00:12:52.265       ENTITY       : Init entity @"ENTITY:4611686018427417482" ('GenericEntity') at <3899.589111 154.518005 4500.279785> @"{8A239DEA19509B1B}Prefabs/Vehicles/Core/VirtualSlots/Radio_VirtualArsenalSlot.et"
00:12:52.265        RPL       (E): RpcError: Calling a RPC from an unregistered item! itemType='script::Game::SCR_ArsenalComponent', rpc='SetArsenalEnabledBroadcast'
00:12:52.571 WORLD        : UpdateEntities
00:12:52.571  WORLD        : Frame
00:12:52.571   ENTITY       : SpawnEntityPrefab @"{23ADBBC31B6A3DC6}Prefabs/Characters/Factions/OPFOR/USSR_Army/Character_USSR_AR.et"
00:12:52.571    WORLD        : InitEntities 'world'
00:12:52.571     ENTITY       : Init entity @"ENTITY:4611686018427417998" ('SCR_ChimeraCharacter','Assets/Characters/Basebody/Basebody_Male_01.xob') at <4011.615479 101.068062 4031.687500> @"{23ADBBC31B6A3DC6}Prefabs/Characters/Factions/OPFOR/USSR_Army/Character_USSR_AR.et"
00:12:52.571      INVENTORY (E): Couldn't insert item @"ENTITY:4611686018427418039" ('GenericEntity','Assets/Weapons/Magazines/RPK74/Magazine_45rnd_RPK74.xob') at <0.000000 0.000000 0.000000> @"{D78C667F59829717}Prefabs/Weapons/Magazines/Magazine_545x39_RPK_45rnd_4Ball_1Tracer.et" into storage @"ENTITY:4611686018427418016" ('GenericEntity','Assets/Items/Equipment/Accessories/Pouch_Soviet_45rnd_RPK74/Pouch_Soviet_45rnd_RPK74.xob') at <4011.453369 102.180130 4031.715576> @"{B6EEF03975F21E4E}Prefabs/Items/Equipment/Accessories/Pouch_Soviet_45rnd_RPK74/Pouch_Soviet_45rnd_RPK74.et" while spawning initial items inside the storage.
00:12:52.571      INVENTORY (E): Couldn't insert item @"ENTITY:4611686018427418040" ('GenericEntity','Assets/Weapons/Magazines/RPK74/Magazine_45rnd_RPK74.xob') at <0.000000 0.000000 0.000000> @"{D78C667F59829717}Prefabs/Weapons/Magazines/Magazine_545x39_RPK_45rnd_4Ball_1Tracer.et" into storage @"ENTITY:4611686018427418016" ('GenericEntity','Assets/Items/Equipment/Accessories/Pouch_Soviet_45rnd_RPK74/Pouch_Soviet_45rnd_RPK74.xob') at <4011.453369 102.180130 4031.715576> @"{B6EEF03975F21E4E}Prefabs/Items/Equipment/Accessories/Pouch_Soviet_45rnd_RPK74/Pouch_Soviet_45rnd_RPK74.et" while spawning initial items inside the storage.
00:12:52.572      INVENTORY (E): Couldn't insert item @"ENTITY:4611686018427418041" ('GenericEntity','Assets/Weapons/Magazines/RPK74/Magazine_45rnd_RPK74.xob') at <0.000000 0.000000 0.000000> @"{D78C667F59829717}Prefabs/Weapons/Magazines/Magazine_545x39_RPK_45rnd_4Ball_1Tracer.et" into storage @"ENTITY:4611686018427418016" ('GenericEntity','Assets/Items/Equipment/Accessories/Pouch_Soviet_45rnd_RPK74/Pouch_Soviet_45rnd_RPK74.xob') at <4011.453369 102.180130 4031.715576> @"{B6EEF03975F21E4E}Prefabs/Items/Equipment/Accessories/Pouch_Soviet_45rnd_RPK74/Pouch_Soviet_45rnd_RPK74.et" while spawning initial items inside the storage.
00:12:52.572      INVENTORY (E): Couldn't insert item @"ENTITY:4611686018427418042" ('GenericEntity','Assets/Weapons/Magazines/RPK74/Magazine_45rnd_RPK74.xob') at <0.000000 0.000000 0.000000> @"{D78C667F59829717}Prefabs/Weapons/Magazines/Magazine_545x39_RPK_45rnd_4Ball_1Tracer.et" into storage @"ENTITY:4611686018427418016" ('GenericEntity','Assets/Items/Equipment/Accessories/Pouch_Soviet_45rnd_RPK74/Pouch_Soviet_45rnd_RPK74.xob') at <4011.453369 102.180130 4031.715576> @"{B6EEF03975F21E4E}Prefabs/Items/Equipment/Accessories/Pouch_Soviet_45rnd_RPK74/Pouch_Soviet_45rnd_RPK74.et" while spawning initial items inside the storage.
00:12:52.625 WORLD        : UpdateEntities
00:12:52.625  WORLD        : FixedFrame
00:12:52.625   SCRIPT    (E): ScenarioFramework Action: Entity not found for Action SCR_ScenarioFrameworkActionKillEntity<0x00007F398A1D1ED0> attached on Slot196.
00:12:52.829 WORLD        : UpdateEntities
00:12:52.829  WORLD        : FixedFrame
00:12:52.829   SCRIPT    (E): ScenarioFramework Action: Entity not found for Action SCR_ScenarioFrameworkActionKillEntity<0x00007F398A1D1F20> attached on Slot198.
00:12:53.037 WORLD        : UpdateEntities
00:12:53.037  WORLD        : FixedFrame
00:12:53.037   SCRIPT    (E): ScenarioFramework Action: Entity not found for Action SCR_ScenarioFrameworkActionKillEntity<0x00007F398A1D1F70> attached on Slot199.
00:14:19.960 WORLD        : UpdateEntities
00:14:19.960  WORLD        : Frame
00:14:19.960   ENTITY       : SpawnEntityPrefab @"{23ADBBC31B6A3DC6}Prefabs/Characters/Factions/OPFOR/USSR_Army/Character_USSR_AR.et"
00:14:19.960    WORLD        : InitEntities 'world'
00:14:19.960     ENTITY       : Init entity @"ENTITY:4611686018427419897" ('SCR_ChimeraCharacter','Assets/Characters/Basebody/Basebody_Male_01.xob') at <3914.407959 158.378082 4378.791016> @"{23ADBBC31B6A3DC6}Prefabs/Characters/Factions/OPFOR/USSR_Army/Character_USSR_AR.et"
00:14:19.960      INVENTORY (E): Couldn't insert item @"ENTITY:4611686018427419938" ('GenericEntity','Assets/Weapons/Magazines/RPK74/Magazine_45rnd_RPK74.xob') at <0.000000 0.000000 0.000000> @"{D78C667F59829717}Prefabs/Weapons/Magazines/Magazine_545x39_RPK_45rnd_4Ball_1Tracer.et" into storage @"ENTITY:4611686018427419915" ('GenericEntity','Assets/Items/Equipment/Accessories/Pouch_Soviet_45rnd_RPK74/Pouch_Soviet_45rnd_RPK74.xob') at <3914.292969 159.490158 4378.908691> @"{B6EEF03975F21E4E}Prefabs/Items/Equipment/Accessories/Pouch_Soviet_45rnd_RPK74/Pouch_Soviet_45rnd_RPK74.et" while spawning initial items inside the storage.
00:14:19.961      INVENTORY (E): Couldn't insert item @"ENTITY:4611686018427419939" ('GenericEntity','Assets/Weapons/Magazines/RPK74/Magazine_45rnd_RPK74.xob') at <0.000000 0.000000 0.000000> @"{D78C667F59829717}Prefabs/Weapons/Magazines/Magazine_545x39_RPK_45rnd_4Ball_1Tracer.et" into storage @"ENTITY:4611686018427419915" ('GenericEntity','Assets/Items/Equipment/Accessories/Pouch_Soviet_45rnd_RPK74/Pouch_Soviet_45rnd_RPK74.xob') at <3914.292969 159.490158 4378.908691> @"{B6EEF03975F21E4E}Prefabs/Items/Equipment/Accessories/Pouch_Soviet_45rnd_RPK74/Pouch_Soviet_45rnd_RPK74.et" while spawning initial items inside the storage.
00:14:19.961      INVENTORY (E): Couldn't insert item @"ENTITY:4611686018427419940" ('GenericEntity','Assets/Weapons/Magazines/RPK74/Magazine_45rnd_RPK74.xob') at <0.000000 0.000000 0.000000> @"{D78C667F59829717}Prefabs/Weapons/Magazines/Magazine_545x39_RPK_45rnd_4Ball_1Tracer.et" into storage @"ENTITY:4611686018427419915" ('GenericEntity','Assets/Items/Equipment/Accessories/Pouch_Soviet_45rnd_RPK74/Pouch_Soviet_45rnd_RPK74.xob') at <3914.292969 159.490158 4378.908691> @"{B6EEF03975F21E4E}Prefabs/Items/Equipment/Accessories/Pouch_Soviet_45rnd_RPK74/Pouch_Soviet_45rnd_RPK74.et" while spawning initial items inside the storage.
00:14:19.961      INVENTORY (E): Couldn't insert item @"ENTITY:4611686018427419941" ('GenericEntity','Assets/Weapons/Magazines/RPK74/Magazine_45rnd_RPK74.xob') at <0.000000 0.000000 0.000000> @"{D78C667F59829717}Prefabs/Weapons/Magazines/Magazine_545x39_RPK_45rnd_4Ball_1Tracer.et" into storage @"ENTITY:4611686018427419915" ('GenericEntity','Assets/Items/Equipment/Accessories/Pouch_Soviet_45rnd_RPK74/Pouch_Soviet_45rnd_RPK74.xob') at <3914.292969 159.490158 4378.908691> @"{B6EEF03975F21E4E}Prefabs/Items/Equipment/Accessories/Pouch_Soviet_45rnd_RPK74/Pouch_Soviet_45rnd_RPK74.et" while spawning initial items inside the storage.
00:14:20.124 WORLD        : UpdateEntities
00:14:20.124  WORLD        : Frame
00:14:20.124   ENTITY       : SpawnEntityPrefab @"{23ADBBC31B6A3DC6}Prefabs/Characters/Factions/OPFOR/USSR_Army/Character_USSR_AR.et"
00:14:20.124    WORLD        : InitEntities 'world'
00:14:20.124     ENTITY       : Init entity @"ENTITY:4611686018427420185" ('SCR_ChimeraCharacter','Assets/Characters/Basebody/Basebody_Male_01.xob') at <3997.362793 130.715302 4127.568848> @"{23ADBBC31B6A3DC6}Prefabs/Characters/Factions/OPFOR/USSR_Army/Character_USSR_AR.et"
00:14:20.124      INVENTORY (E): Couldn't insert item @"ENTITY:4611686018427420226" ('GenericEntity','Assets/Weapons/Magazines/RPK74/Magazine_45rnd_RPK74.xob') at <0.000000 0.000000 0.000000> @"{D78C667F59829717}Prefabs/Weapons/Magazines/Magazine_545x39_RPK_45rnd_4Ball_1Tracer.et" into storage @"ENTITY:4611686018427420203" ('GenericEntity','Assets/Items/Equipment/Accessories/Pouch_Soviet_45rnd_RPK74/Pouch_Soviet_45rnd_RPK74.xob') at <3997.200684 131.827377 4127.596680> @"{B6EEF03975F21E4E}Prefabs/Items/Equipment/Accessories/Pouch_Soviet_45rnd_RPK74/Pouch_Soviet_45rnd_RPK74.et" while spawning initial items inside the storage.
00:14:20.124      INVENTORY (E): Couldn't insert item @"ENTITY:4611686018427420227" ('GenericEntity','Assets/Weapons/Magazines/RPK74/Magazine_45rnd_RPK74.xob') at <0.000000 0.000000 0.000000> @"{D78C667F59829717}Prefabs/Weapons/Magazines/Magazine_545x39_RPK_45rnd_4Ball_1Tracer.et" into storage @"ENTITY:4611686018427420203" ('GenericEntity','Assets/Items/Equipment/Accessories/Pouch_Soviet_45rnd_RPK74/Pouch_Soviet_45rnd_RPK74.xob') at <3997.200684 131.827377 4127.596680> @"{B6EEF03975F21E4E}Prefabs/Items/Equipment/Accessories/Pouch_Soviet_45rnd_RPK74/Pouch_Soviet_45rnd_RPK74.et" while spawning initial items inside the storage.
00:14:20.124      INVENTORY (E): Couldn't insert item @"ENTITY:4611686018427420228" ('GenericEntity','Assets/Weapons/Magazines/RPK74/Magazine_45rnd_RPK74.xob') at <0.000000 0.000000 0.000000> @"{D78C667F59829717}Prefabs/Weapons/Magazines/Magazine_545x39_RPK_45rnd_4Ball_1Tracer.et" into storage @"ENTITY:4611686018427420203" ('GenericEntity','Assets/Items/Equipment/Accessories/Pouch_Soviet_45rnd_RPK74/Pouch_Soviet_45rnd_RPK74.xob') at <3997.200684 131.827377 4127.596680> @"{B6EEF03975F21E4E}Prefabs/Items/Equipment/Accessories/Pouch_Soviet_45rnd_RPK74/Pouch_Soviet_45rnd_RPK74.et" while spawning initial items inside the storage.
00:14:20.124      INVENTORY (E): Couldn't insert item @"ENTITY:4611686018427420229" ('GenericEntity','Assets/Weapons/Magazines/RPK74/Magazine_45rnd_RPK74.xob') at <0.000000 0.000000 0.000000> @"{D78C667F59829717}Prefabs/Weapons/Magazines/Magazine_545x39_RPK_45rnd_4Ball_1Tracer.et" into storage @"ENTITY:4611686018427420203" ('GenericEntity','Assets/Items/Equipment/Accessories/Pouch_Soviet_45rnd_RPK74/Pouch_Soviet_45rnd_RPK74.xob') at <3997.200684 131.827377 4127.596680> @"{B6EEF03975F21E4E}Prefabs/Items/Equipment/Accessories/Pouch_Soviet_45rnd_RPK74/Pouch_Soviet_45rnd_RPK74.et" while spawning initial items inside the storage.
00:14:20.303 WORLD        : UpdateEntities
00:14:20.303  WORLD        : FixedFrame
00:14:20.303   ENTITY       : SpawnEntityPrefab @"{E6AEC014D162D686}Prefabs/Vehicles/Wheeled/Ural4320/Ural4320_FIA_command.et"
00:14:20.303    ENTITY       : Create entity @"ENTITY:4611686018427420558" ('Vehicle','Assets/Vehicles/Wheeled/Ural4320/Ural_4320_base.xob') at <3899.589111 154.518005 4500.279785> @"{E6AEC014D162D686}Prefabs/Vehicles/Wheeled/Ural4320/Ural4320_FIA_command.et"
00:14:20.303     ENTITY       : SpawnEntityPrefab @"{8A239DEA19509B1B}Prefabs/Vehicles/Core/VirtualSlots/Radio_VirtualArsenalSlot.et"
00:14:20.303      WORLD        : InitEntities 'world'
00:14:20.303       ENTITY       : Init entity @"ENTITY:4611686018427420599" ('GenericEntity') at <3899.589111 154.518005 4500.279785> @"{8A239DEA19509B1B}Prefabs/Vehicles/Core/VirtualSlots/Radio_VirtualArsenalSlot.et"
00:14:20.303        RPL       (E): RpcError: Calling a RPC from an unregistered item! itemType='script::Game::SCR_ArsenalComponent', rpc='SetArsenalEnabledBroadcast'
00:14:20.683 WORLD        : UpdateEntities
00:14:20.683  WORLD        : FixedFrame
00:14:20.683   SCRIPT    (E): ScenarioFramework Action: Entity not found for Action SCR_ScenarioFrameworkActionKillEntity<0x00007F398A1D1ED0> attached on Slot196.
00:14:20.879 WORLD        : UpdateEntities
00:14:20.879  WORLD        : FixedFrame
00:14:20.879   SCRIPT    (E): ScenarioFramework Action: Entity not found for Action SCR_ScenarioFrameworkActionKillEntity<0x00007F398A1D1F20> attached on Slot198.
00:14:21.084 WORLD        : UpdateEntities
00:14:21.084  WORLD        : FixedFrame
00:14:21.084   SCRIPT    (E): ScenarioFramework Action: Entity not found for Action SCR_ScenarioFrameworkActionKillEntity<0x00007F398A1D1F70> attached on Slot199.
00:15:31.936 WORLD        : UpdateEntities
00:15:31.936  WORLD        : Frame
00:15:31.936   ENTITY       : SpawnEntityPrefab @"{23ADBBC31B6A3DC6}Prefabs/Characters/Factions/OPFOR/USSR_Army/Character_USSR_AR.et"
00:15:31.936    WORLD        : InitEntities 'world'
00:15:31.936     ENTITY       : Init entity @"ENTITY:4611686018427422230" ('SCR_ChimeraCharacter','Assets/Characters/Basebody/Basebody_Male_01.xob') at <3900.914062 158.866241 4406.921875> @"{23ADBBC31B6A3DC6}Prefabs/Characters/Factions/OPFOR/USSR_Army/Character_USSR_AR.et"
00:15:31.936      INVENTORY (E): Couldn't insert item @"ENTITY:4611686018427422271" ('GenericEntity','Assets/Weapons/Magazines/RPK74/Magazine_45rnd_RPK74.xob') at <0.000000 0.000000 0.000000> @"{D78C667F59829717}Prefabs/Weapons/Magazines/Magazine_545x39_RPK_45rnd_4Ball_1Tracer.et" into storage @"ENTITY:4611686018427422248" ('GenericEntity','Assets/Items/Equipment/Accessories/Pouch_Soviet_45rnd_RPK74/Pouch_Soviet_45rnd_RPK74.xob') at <3900.799072 159.978317 4407.039551> @"{B6EEF03975F21E4E}Prefabs/Items/Equipment/Accessories/Pouch_Soviet_45rnd_RPK74/Pouch_Soviet_45rnd_RPK74.et" while spawning initial items inside the storage.
00:15:31.936      INVENTORY (E): Couldn't insert item @"ENTITY:4611686018427422272" ('GenericEntity','Assets/Weapons/Magazines/RPK74/Magazine_45rnd_RPK74.xob') at <0.000000 0.000000 0.000000> @"{D78C667F59829717}Prefabs/Weapons/Magazines/Magazine_545x39_RPK_45rnd_4Ball_1Tracer.et" into storage @"ENTITY:4611686018427422248" ('GenericEntity','Assets/Items/Equipment/Accessories/Pouch_Soviet_45rnd_RPK74/Pouch_Soviet_45rnd_RPK74.xob') at <3900.799072 159.978317 4407.039551> @"{B6EEF03975F21E4E}Prefabs/Items/Equipment/Accessories/Pouch_Soviet_45rnd_RPK74/Pouch_Soviet_45rnd_RPK74.et" while spawning initial items inside the storage.
00:15:31.937      INVENTORY (E): Couldn't insert item @"ENTITY:4611686018427422273" ('GenericEntity','Assets/Weapons/Magazines/RPK74/Magazine_45rnd_RPK74.xob') at <0.000000 0.000000 0.000000> @"{D78C667F59829717}Prefabs/Weapons/Magazines/Magazine_545x39_RPK_45rnd_4Ball_1Tracer.et" into storage @"ENTITY:4611686018427422248" ('GenericEntity','Assets/Items/Equipment/Accessories/Pouch_Soviet_45rnd_RPK74/Pouch_Soviet_45rnd_RPK74.xob') at <3900.799072 159.978317 4407.039551> @"{B6EEF03975F21E4E}Prefabs/Items/Equipment/Accessories/Pouch_Soviet_45rnd_RPK74/Pouch_Soviet_45rnd_RPK74.et" while spawning initial items inside the storage.
00:15:31.937      INVENTORY (E): Couldn't insert item @"ENTITY:4611686018427422274" ('GenericEntity','Assets/Weapons/Magazines/RPK74/Magazine_45rnd_RPK74.xob') at <0.000000 0.000000 0.000000> @"{D78C667F59829717}Prefabs/Weapons/Magazines/Magazine_545x39_RPK_45rnd_4Ball_1Tracer.et" into storage @"ENTITY:4611686018427422248" ('GenericEntity','Assets/Items/Equipment/Accessories/Pouch_Soviet_45rnd_RPK74/Pouch_Soviet_45rnd_RPK74.xob') at <3900.799072 159.978317 4407.039551> @"{B6EEF03975F21E4E}Prefabs/Items/Equipment/Accessories/Pouch_Soviet_45rnd_RPK74/Pouch_Soviet_45rnd_RPK74.et" while spawning initial items inside the storage.
00:15:32.168 WORLD        : UpdateEntities
00:15:32.168  WORLD        : Frame
00:15:32.168   ENTITY       : SpawnEntityPrefab @"{23ADBBC31B6A3DC6}Prefabs/Characters/Factions/OPFOR/USSR_Army/Character_USSR_AR.et"
00:15:32.168    WORLD        : InitEntities 'world'
00:15:32.168     ENTITY       : Init entity @"ENTITY:4611686018427422523" ('SCR_ChimeraCharacter','Assets/Characters/Basebody/Basebody_Male_01.xob') at <3985.681641 143.545486 4201.473145> @"{23ADBBC31B6A3DC6}Prefabs/Characters/Factions/OPFOR/USSR_Army/Character_USSR_AR.et"
00:15:32.168      INVENTORY (E): Couldn't insert item @"ENTITY:4611686018427422564" ('GenericEntity','Assets/Weapons/Magazines/RPK74/Magazine_45rnd_RPK74.xob') at <0.000000 0.000000 0.000000> @"{D78C667F59829717}Prefabs/Weapons/Magazines/Magazine_545x39_RPK_45rnd_4Ball_1Tracer.et" into storage @"ENTITY:4611686018427422541" ('GenericEntity','Assets/Items/Equipment/Accessories/Pouch_Soviet_45rnd_RPK74/Pouch_Soviet_45rnd_RPK74.xob') at <3985.519531 144.657562 4201.500977> @"{B6EEF03975F21E4E}Prefabs/Items/Equipment/Accessories/Pouch_Soviet_45rnd_RPK74/Pouch_Soviet_45rnd_RPK74.et" while spawning initial items inside the storage.
00:15:32.168      INVENTORY (E): Couldn't insert item @"ENTITY:4611686018427422565" ('GenericEntity','Assets/Weapons/Magazines/RPK74/Magazine_45rnd_RPK74.xob') at <0.000000 0.000000 0.000000> @"{D78C667F59829717}Prefabs/Weapons/Magazines/Magazine_545x39_RPK_45rnd_4Ball_1Tracer.et" into storage @"ENTITY:4611686018427422541" ('GenericEntity','Assets/Items/Equipment/Accessories/Pouch_Soviet_45rnd_RPK74/Pouch_Soviet_45rnd_RPK74.xob') at <3985.519531 144.657562 4201.500977> @"{B6EEF03975F21E4E}Prefabs/Items/Equipment/Accessories/Pouch_Soviet_45rnd_RPK74/Pouch_Soviet_45rnd_RPK74.et" while spawning initial items inside the storage.
00:15:32.168      INVENTORY (E): Couldn't insert item @"ENTITY:4611686018427422566" ('GenericEntity','Assets/Weapons/Magazines/RPK74/Magazine_45rnd_RPK74.xob') at <0.000000 0.000000 0.000000> @"{D78C667F59829717}Prefabs/Weapons/Magazines/Magazine_545x39_RPK_45rnd_4Ball_1Tracer.et" into storage @"ENTITY:4611686018427422541" ('GenericEntity','Assets/Items/Equipment/Accessories/Pouch_Soviet_45rnd_RPK74/Pouch_Soviet_45rnd_RPK74.xob') at <3985.519531 144.657562 4201.500977> @"{B6EEF03975F21E4E}Prefabs/Items/Equipment/Accessories/Pouch_Soviet_45rnd_RPK74/Pouch_Soviet_45rnd_RPK74.et" while spawning initial items inside the storage.
00:15:32.169      INVENTORY (E): Couldn't insert item @"ENTITY:4611686018427422567" ('GenericEntity','Assets/Weapons/Magazines/RPK74/Magazine_45rnd_RPK74.xob') at <0.000000 0.000000 0.000000> @"{D78C667F59829717}Prefabs/Weapons/Magazines/Magazine_545x39_RPK_45rnd_4Ball_1Tracer.et" into storage @"ENTITY:4611686018427422541" ('GenericEntity','Assets/Items/Equipment/Accessories/Pouch_Soviet_45rnd_RPK74/Pouch_Soviet_45rnd_RPK74.xob') at <3985.519531 144.657562 4201.500977> @"{B6EEF03975F21E4E}Prefabs/Items/Equipment/Accessories/Pouch_Soviet_45rnd_RPK74/Pouch_Soviet_45rnd_RPK74.et" while spawning initial items inside the storage.
00:15:32.323 WORLD        : UpdateEntities
00:15:32.324  WORLD        : FixedFrame
00:15:32.324   ENTITY       : SpawnEntityPrefab @"{E6AEC014D162D686}Prefabs/Vehicles/Wheeled/Ural4320/Ural4320_FIA_command.et"
00:15:32.324    ENTITY       : Create entity @"ENTITY:4611686018427422935" ('Vehicle','Assets/Vehicles/Wheeled/Ural4320/Ural_4320_base.xob') at <3899.589111 154.518005 4500.279785> @"{E6AEC014D162D686}Prefabs/Vehicles/Wheeled/Ural4320/Ural4320_FIA_command.et"
00:15:32.324     ENTITY       : SpawnEntityPrefab @"{8A239DEA19509B1B}Prefabs/Vehicles/Core/VirtualSlots/Radio_VirtualArsenalSlot.et"
00:15:32.324      WORLD        : InitEntities 'world'
00:15:32.324       ENTITY       : Init entity @"ENTITY:4611686018427422976" ('GenericEntity') at <3899.589111 154.518005 4500.279785> @"{8A239DEA19509B1B}Prefabs/Vehicles/Core/VirtualSlots/Radio_VirtualArsenalSlot.et"
00:15:32.324        RPL       (E): RpcError: Calling a RPC from an unregistered item! itemType='script::Game::SCR_ArsenalComponent', rpc='SetArsenalEnabledBroadcast'
00:15:32.706 WORLD        : UpdateEntities
00:15:32.706  WORLD        : FixedFrame
00:15:32.706   SCRIPT    (E): ScenarioFramework Action: Entity not found for Action SCR_ScenarioFrameworkActionKillEntity<0x00007F398A1D1ED0> attached on Slot196.
00:15:32.907 WORLD        : UpdateEntities
00:15:32.907  WORLD        : FixedFrame
00:15:32.907   SCRIPT    (E): ScenarioFramework Action: Entity not found for Action SCR_ScenarioFrameworkActionKillEntity<0x00007F398A1D1F20> attached on Slot198.
00:15:33.105 WORLD        : UpdateEntities
00:15:33.106  WORLD        : FixedFrame
00:15:33.106   SCRIPT    (E): ScenarioFramework Action: Entity not found for Action SCR_ScenarioFrameworkActionKillEntity<0x00007F398A1D1F70> attached on Slot199.
00:15:45.736 WORLD        : UpdateEntities
00:15:45.736  WORLD        : FixedFrame
00:15:45.736   NETWORK      : PerformActions
00:15:45.736    ANIMATION (W): Calling invalid command
00:16:39.978 WORLD        : UpdateEntities
00:16:39.978  WORLD        : Frame
00:16:39.978   ENTITY       : SpawnEntityPrefab @"{23ADBBC31B6A3DC6}Prefabs/Characters/Factions/OPFOR/USSR_Army/Character_USSR_AR.et"
00:16:39.978    WORLD        : InitEntities 'world'
00:16:39.978     ENTITY       : Init entity @"ENTITY:4611686018427424300" ('SCR_ChimeraCharacter','Assets/Characters/Basebody/Basebody_Male_01.xob') at <3897.954102 159.946823 4458.925293> @"{23ADBBC31B6A3DC6}Prefabs/Characters/Factions/OPFOR/USSR_Army/Character_USSR_AR.et"
00:16:39.978      INVENTORY (E): Couldn't insert item @"ENTITY:4611686018427424341" ('GenericEntity','Assets/Weapons/Magazines/RPK74/Magazine_45rnd_RPK74.xob') at <0.000000 0.000000 0.000000> @"{D78C667F59829717}Prefabs/Weapons/Magazines/Magazine_545x39_RPK_45rnd_4Ball_1Tracer.et" into storage @"ENTITY:4611686018427424318" ('GenericEntity','Assets/Items/Equipment/Accessories/Pouch_Soviet_45rnd_RPK74/Pouch_Soviet_45rnd_RPK74.xob') at <3897.839111 161.058899 4459.042969> @"{B6EEF03975F21E4E}Prefabs/Items/Equipment/Accessories/Pouch_Soviet_45rnd_RPK74/Pouch_Soviet_45rnd_RPK74.et" while spawning initial items inside the storage.
00:16:39.979      INVENTORY (E): Couldn't insert item @"ENTITY:4611686018427424342" ('GenericEntity','Assets/Weapons/Magazines/RPK74/Magazine_45rnd_RPK74.xob') at <0.000000 0.000000 0.000000> @"{D78C667F59829717}Prefabs/Weapons/Magazines/Magazine_545x39_RPK_45rnd_4Ball_1Tracer.et" into storage @"ENTITY:4611686018427424318" ('GenericEntity','Assets/Items/Equipment/Accessories/Pouch_Soviet_45rnd_RPK74/Pouch_Soviet_45rnd_RPK74.xob') at <3897.839111 161.058899 4459.042969> @"{B6EEF03975F21E4E}Prefabs/Items/Equipment/Accessories/Pouch_Soviet_45rnd_RPK74/Pouch_Soviet_45rnd_RPK74.et" while spawning initial items inside the storage.
00:16:39.979      INVENTORY (E): Couldn't insert item @"ENTITY:4611686018427424343" ('GenericEntity','Assets/Weapons/Magazines/RPK74/Magazine_45rnd_RPK74.xob') at <0.000000 0.000000 0.000000> @"{D78C667F59829717}Prefabs/Weapons/Magazines/Magazine_545x39_RPK_45rnd_4Ball_1Tracer.et" into storage @"ENTITY:4611686018427424318" ('GenericEntity','Assets/Items/Equipment/Accessories/Pouch_Soviet_45rnd_RPK74/Pouch_Soviet_45rnd_RPK74.xob') at <3897.839111 161.058899 4459.042969> @"{B6EEF03975F21E4E}Prefabs/Items/Equipment/Accessories/Pouch_Soviet_45rnd_RPK74/Pouch_Soviet_45rnd_RPK74.et" while spawning initial items inside the storage.
00:16:39.979      INVENTORY (E): Couldn't insert item @"ENTITY:4611686018427424344" ('GenericEntity','Assets/Weapons/Magazines/RPK74/Magazine_45rnd_RPK74.xob') at <0.000000 0.000000 0.000000> @"{D78C667F59829717}Prefabs/Weapons/Magazines/Magazine_545x39_RPK_45rnd_4Ball_1Tracer.et" into storage @"ENTITY:4611686018427424318" ('GenericEntity','Assets/Items/Equipment/Accessories/Pouch_Soviet_45rnd_RPK74/Pouch_Soviet_45rnd_RPK74.xob') at <3897.839111 161.058899 4459.042969> @"{B6EEF03975F21E4E}Prefabs/Items/Equipment/Accessories/Pouch_Soviet_45rnd_RPK74/Pouch_Soviet_45rnd_RPK74.et" while spawning initial items inside the storage.
00:16:40.169 WORLD        : UpdateEntities
00:16:40.169  WORLD        : Frame
00:16:40.169   ENTITY       : SpawnEntityPrefab @"{23ADBBC31B6A3DC6}Prefabs/Characters/Factions/OPFOR/USSR_Army/Character_USSR_AR.et"
00:16:40.169    WORLD        : InitEntities 'world'
00:16:40.169     ENTITY       : Init entity @"ENTITY:4611686018427424559" ('SCR_ChimeraCharacter','Assets/Characters/Basebody/Basebody_Male_01.xob') at <3958.519775 152.997787 4320.645508> @"{23ADBBC31B6A3DC6}Prefabs/Characters/Factions/OPFOR/USSR_Army/Character_USSR_AR.et"
00:16:40.169      INVENTORY (E): Couldn't insert item @"ENTITY:4611686018427424600" ('GenericEntity','Assets/Weapons/Magazines/RPK74/Magazine_45rnd_RPK74.xob') at <0.000000 0.000000 0.000000> @"{D78C667F59829717}Prefabs/Weapons/Magazines/Magazine_545x39_RPK_45rnd_4Ball_1Tracer.et" into storage @"ENTITY:4611686018427424577" ('GenericEntity','Assets/Items/Equipment/Accessories/Pouch_Soviet_45rnd_RPK74/Pouch_Soviet_45rnd_RPK74.xob') at <3958.357666 154.109863 4320.673340> @"{B6EEF03975F21E4E}Prefabs/Items/Equipment/Accessories/Pouch_Soviet_45rnd_RPK74/Pouch_Soviet_45rnd_RPK74.et" while spawning initial items inside the storage.
00:16:40.169      INVENTORY (E): Couldn't insert item @"ENTITY:4611686018427424601" ('GenericEntity','Assets/Weapons/Magazines/RPK74/Magazine_45rnd_RPK74.xob') at <0.000000 0.000000 0.000000> @"{D78C667F59829717}Prefabs/Weapons/Magazines/Magazine_545x39_RPK_45rnd_4Ball_1Tracer.et" into storage @"ENTITY:4611686018427424577" ('GenericEntity','Assets/Items/Equipment/Accessories/Pouch_Soviet_45rnd_RPK74/Pouch_Soviet_45rnd_RPK74.xob') at <3958.357666 154.109863 4320.673340> @"{B6EEF03975F21E4E}Prefabs/Items/Equipment/Accessories/Pouch_Soviet_45rnd_RPK74/Pouch_Soviet_45rnd_RPK74.et" while spawning initial items inside the storage.
00:16:40.169      INVENTORY (E): Couldn't insert item @"ENTITY:4611686018427424602" ('GenericEntity','Assets/Weapons/Magazines/RPK74/Magazine_45rnd_RPK74.xob') at <0.000000 0.000000 0.000000> @"{D78C667F59829717}Prefabs/Weapons/Magazines/Magazine_545x39_RPK_45rnd_4Ball_1Tracer.et" into storage @"ENTITY:4611686018427424577" ('GenericEntity','Assets/Items/Equipment/Accessories/Pouch_Soviet_45rnd_RPK74/Pouch_Soviet_45rnd_RPK74.xob') at <3958.357666 154.109863 4320.673340> @"{B6EEF03975F21E4E}Prefabs/Items/Equipment/Accessories/Pouch_Soviet_45rnd_RPK74/Pouch_Soviet_45rnd_RPK74.et" while spawning initial items inside the storage.
00:16:40.169      INVENTORY (E): Couldn't insert item @"ENTITY:4611686018427424603" ('GenericEntity','Assets/Weapons/Magazines/RPK74/Magazine_45rnd_RPK74.xob') at <0.000000 0.000000 0.000000> @"{D78C667F59829717}Prefabs/Weapons/Magazines/Magazine_545x39_RPK_45rnd_4Ball_1Tracer.et" into storage @"ENTITY:4611686018427424577" ('GenericEntity','Assets/Items/Equipment/Accessories/Pouch_Soviet_45rnd_RPK74/Pouch_Soviet_45rnd_RPK74.xob') at <3958.357666 154.109863 4320.673340> @"{B6EEF03975F21E4E}Prefabs/Items/Equipment/Accessories/Pouch_Soviet_45rnd_RPK74/Pouch_Soviet_45rnd_RPK74.et" while spawning initial items inside the storage.
00:16:40.335 WORLD        : UpdateEntities
00:16:40.335  WORLD        : FixedFrame
00:16:40.335   ENTITY       : SpawnEntityPrefab @"{E6AEC014D162D686}Prefabs/Vehicles/Wheeled/Ural4320/Ural4320_FIA_command.et"
00:16:40.335    ENTITY       : Create entity @"ENTITY:4611686018427425001" ('Vehicle','Assets/Vehicles/Wheeled/Ural4320/Ural_4320_base.xob') at <3899.589111 154.518005 4500.279785> @"{E6AEC014D162D686}Prefabs/Vehicles/Wheeled/Ural4320/Ural4320_FIA_command.et"
00:16:40.335     ENTITY       : SpawnEntityPrefab @"{8A239DEA19509B1B}Prefabs/Vehicles/Core/VirtualSlots/Radio_VirtualArsenalSlot.et"
00:16:40.335      WORLD        : InitEntities 'world'
00:16:40.335       ENTITY       : Init entity @"ENTITY:4611686018427425042" ('GenericEntity') at <3899.589111 154.518005 4500.279785> @"{8A239DEA19509B1B}Prefabs/Vehicles/Core/VirtualSlots/Radio_VirtualArsenalSlot.et"
00:16:40.335        RPL       (E): RpcError: Calling a RPC from an unregistered item! itemType='script::Game::SCR_ArsenalComponent', rpc='SetArsenalEnabledBroadcast'
00:16:40.719 WORLD        : UpdateEntities
00:16:40.719  WORLD        : FixedFrame
00:16:40.719   SCRIPT    (E): ScenarioFramework Action: Entity not found for Action SCR_ScenarioFrameworkActionKillEntity<0x00007F398A1D1ED0> attached on Slot196.
00:16:40.921 WORLD        : UpdateEntities
00:16:40.921  WORLD        : FixedFrame
00:16:40.921   SCRIPT    (E): ScenarioFramework Action: Entity not found for Action SCR_ScenarioFrameworkActionKillEntity<0x00007F398A1D1F20> attached on Slot198.
00:16:41.120 WORLD        : UpdateEntities
00:16:41.120  WORLD        : FixedFrame
00:16:41.120   SCRIPT    (E): ScenarioFramework Action: Entity not found for Action SCR_ScenarioFrameworkActionKillEntity<0x00007F398A1D1F70> attached on Slot199.
00:17:11.959 WORLD        : UpdateEntities
00:17:11.959  WORLD        : Frame
00:17:11.959   ENTITY       : SpawnEntityPrefab @"{23ADBBC31B6A3DC6}Prefabs/Characters/Factions/OPFOR/USSR_Army/Character_USSR_AR.et"
00:17:11.959    WORLD        : InitEntities 'world'
00:17:11.959     ENTITY       : Init entity @"ENTITY:4611686018427425802" ('SCR_ChimeraCharacter','Assets/Characters/Basebody/Basebody_Male_01.xob') at <3897.954102 159.946823 4458.925293> @"{23ADBBC31B6A3DC6}Prefabs/Characters/Factions/OPFOR/USSR_Army/Character_USSR_AR.et"
00:17:11.959      INVENTORY (E): Couldn't insert item @"ENTITY:4611686018427425843" ('GenericEntity','Assets/Weapons/Magazines/RPK74/Magazine_45rnd_RPK74.xob') at <0.000000 0.000000 0.000000> @"{D78C667F59829717}Prefabs/Weapons/Magazines/Magazine_545x39_RPK_45rnd_4Ball_1Tracer.et" into storage @"ENTITY:4611686018427425820" ('GenericEntity','Assets/Items/Equipment/Accessories/Pouch_Soviet_45rnd_RPK74/Pouch_Soviet_45rnd_RPK74.xob') at <3897.839111 161.058899 4459.042969> @"{B6EEF03975F21E4E}Prefabs/Items/Equipment/Accessories/Pouch_Soviet_45rnd_RPK74/Pouch_Soviet_45rnd_RPK74.et" while spawning initial items inside the storage.
00:17:11.959      INVENTORY (E): Couldn't insert item @"ENTITY:4611686018427425844" ('GenericEntity','Assets/Weapons/Magazines/RPK74/Magazine_45rnd_RPK74.xob') at <0.000000 0.000000 0.000000> @"{D78C667F59829717}Prefabs/Weapons/Magazines/Magazine_545x39_RPK_45rnd_4Ball_1Tracer.et" into storage @"ENTITY:4611686018427425820" ('GenericEntity','Assets/Items/Equipment/Accessories/Pouch_Soviet_45rnd_RPK74/Pouch_Soviet_45rnd_RPK74.xob') at <3897.839111 161.058899 4459.042969> @"{B6EEF03975F21E4E}Prefabs/Items/Equipment/Accessories/Pouch_Soviet_45rnd_RPK74/Pouch_Soviet_45rnd_RPK74.et" while spawning initial items inside the storage.
00:17:11.959      INVENTORY (E): Couldn't insert item @"ENTITY:4611686018427425845" ('GenericEntity','Assets/Weapons/Magazines/RPK74/Magazine_45rnd_RPK74.xob') at <0.000000 0.000000 0.000000> @"{D78C667F59829717}Prefabs/Weapons/Magazines/Magazine_545x39_RPK_45rnd_4Ball_1Tracer.et" into storage @"ENTITY:4611686018427425820" ('GenericEntity','Assets/Items/Equipment/Accessories/Pouch_Soviet_45rnd_RPK74/Pouch_Soviet_45rnd_RPK74.xob') at <3897.839111 161.058899 4459.042969> @"{B6EEF03975F21E4E}Prefabs/Items/Equipment/Accessories/Pouch_Soviet_45rnd_RPK74/Pouch_Soviet_45rnd_RPK74.et" while spawning initial items inside the storage.
00:17:11.959      INVENTORY (E): Couldn't insert item @"ENTITY:4611686018427425846" ('GenericEntity','Assets/Weapons/Magazines/RPK74/Magazine_45rnd_RPK74.xob') at <0.000000 0.000000 0.000000> @"{D78C667F59829717}Prefabs/Weapons/Magazines/Magazine_545x39_RPK_45rnd_4Ball_1Tracer.et" into storage @"ENTITY:4611686018427425820" ('GenericEntity','Assets/Items/Equipment/Accessories/Pouch_Soviet_45rnd_RPK74/Pouch_Soviet_45rnd_RPK74.xob') at <3897.839111 161.058899 4459.042969> @"{B6EEF03975F21E4E}Prefabs/Items/Equipment/Accessories/Pouch_Soviet_45rnd_RPK74/Pouch_Soviet_45rnd_RPK74.et" while spawning initial items inside the storage.
00:17:12.194 WORLD        : UpdateEntities
00:17:12.194  WORLD        : Frame
00:17:12.194   ENTITY       : SpawnEntityPrefab @"{23ADBBC31B6A3DC6}Prefabs/Characters/Factions/OPFOR/USSR_Army/Character_USSR_AR.et"
00:17:12.194    WORLD        : InitEntities 'world'
00:17:12.194     ENTITY       : Init entity @"ENTITY:4611686018427426057" ('SCR_ChimeraCharacter','Assets/Characters/Basebody/Basebody_Male_01.xob') at <3958.052979 154.009094 4361.487793> @"{23ADBBC31B6A3DC6}Prefabs/Characters/Factions/OPFOR/USSR_Army/Character_USSR_AR.et"
00:17:12.194      INVENTORY (E): Couldn't insert item @"ENTITY:4611686018427426098" ('GenericEntity','Assets/Weapons/Magazines/RPK74/Magazine_45rnd_RPK74.xob') at <0.000000 0.000000 0.000000> @"{D78C667F59829717}Prefabs/Weapons/Magazines/Magazine_545x39_RPK_45rnd_4Ball_1Tracer.et" into storage @"ENTITY:4611686018427426075" ('GenericEntity','Assets/Items/Equipment/Accessories/Pouch_Soviet_45rnd_RPK74/Pouch_Soviet_45rnd_RPK74.xob') at <3957.890869 155.121170 4361.515625> @"{B6EEF03975F21E4E}Prefabs/Items/Equipment/Accessories/Pouch_Soviet_45rnd_RPK74/Pouch_Soviet_45rnd_RPK74.et" while spawning initial items inside the storage.
00:17:12.195      INVENTORY (E): Couldn't insert item @"ENTITY:4611686018427426099" ('GenericEntity','Assets/Weapons/Magazines/RPK74/Magazine_45rnd_RPK74.xob') at <0.000000 0.000000 0.000000> @"{D78C667F59829717}Prefabs/Weapons/Magazines/Magazine_545x39_RPK_45rnd_4Ball_1Tracer.et" into storage @"ENTITY:4611686018427426075" ('GenericEntity','Assets/Items/Equipment/Accessories/Pouch_Soviet_45rnd_RPK74/Pouch_Soviet_45rnd_RPK74.xob') at <3957.890869 155.121170 4361.515625> @"{B6EEF03975F21E4E}Prefabs/Items/Equipment/Accessories/Pouch_Soviet_45rnd_RPK74/Pouch_Soviet_45rnd_RPK74.et" while spawning initial items inside the storage.
00:17:12.195      INVENTORY (E): Couldn't insert item @"ENTITY:4611686018427426100" ('GenericEntity','Assets/Weapons/Magazines/RPK74/Magazine_45rnd_RPK74.xob') at <0.000000 0.000000 0.000000> @"{D78C667F59829717}Prefabs/Weapons/Magazines/Magazine_545x39_RPK_45rnd_4Ball_1Tracer.et" into storage @"ENTITY:4611686018427426075" ('GenericEntity','Assets/Items/Equipment/Accessories/Pouch_Soviet_45rnd_RPK74/Pouch_Soviet_45rnd_RPK74.xob') at <3957.890869 155.121170 4361.515625> @"{B6EEF03975F21E4E}Prefabs/Items/Equipment/Accessories/Pouch_Soviet_45rnd_RPK74/Pouch_Soviet_45rnd_RPK74.et" while spawning initial items inside the storage.
00:17:12.195      INVENTORY (E): Couldn't insert item @"ENTITY:4611686018427426101" ('GenericEntity','Assets/Weapons/Magazines/RPK74/Magazine_45rnd_RPK74.xob') at <0.000000 0.000000 0.000000> @"{D78C667F59829717}Prefabs/Weapons/Magazines/Magazine_545x39_RPK_45rnd_4Ball_1Tracer.et" into storage @"ENTITY:4611686018427426075" ('GenericEntity','Assets/Items/Equipment/Accessories/Pouch_Soviet_45rnd_RPK74/Pouch_Soviet_45rnd_RPK74.xob') at <3957.890869 155.121170 4361.515625> @"{B6EEF03975F21E4E}Prefabs/Items/Equipment/Accessories/Pouch_Soviet_45rnd_RPK74/Pouch_Soviet_45rnd_RPK74.et" while spawning initial items inside the storage.
00:17:12.357 WORLD        : UpdateEntities
00:17:12.357  WORLD        : FixedFrame
00:17:12.357   ENTITY       : SpawnEntityPrefab @"{E6AEC014D162D686}Prefabs/Vehicles/Wheeled/Ural4320/Ural4320_FIA_command.et"
00:17:12.357    ENTITY       : Create entity @"ENTITY:4611686018427426463" ('Vehicle','Assets/Vehicles/Wheeled/Ural4320/Ural_4320_base.xob') at <3899.589111 154.518005 4500.279785> @"{E6AEC014D162D686}Prefabs/Vehicles/Wheeled/Ural4320/Ural4320_FIA_command.et"
00:17:12.357     ENTITY       : SpawnEntityPrefab @"{8A239DEA19509B1B}Prefabs/Vehicles/Core/VirtualSlots/Radio_VirtualArsenalSlot.et"
00:17:12.357      WORLD        : InitEntities 'world'
00:17:12.357       ENTITY       : Init entity @"ENTITY:4611686018427426504" ('GenericEntity') at <3899.589111 154.518005 4500.279785> @"{8A239DEA19509B1B}Prefabs/Vehicles/Core/VirtualSlots/Radio_VirtualArsenalSlot.et"
00:17:12.357        RPL       (E): RpcError: Calling a RPC from an unregistered item! itemType='script::Game::SCR_ArsenalComponent', rpc='SetArsenalEnabledBroadcast'
00:17:12.743 WORLD        : UpdateEntities
00:17:12.743  WORLD        : FixedFrame
00:17:12.743   SCRIPT    (E): ScenarioFramework Action: Entity not found for Action SCR_ScenarioFrameworkActionKillEntity<0x00007F398A1D1ED0> attached on Slot196.
00:17:12.943 WORLD        : UpdateEntities
00:17:12.943  WORLD        : FixedFrame
00:17:12.943   SCRIPT    (E): ScenarioFramework Action: Entity not found for Action SCR_ScenarioFrameworkActionKillEntity<0x00007F398A1D1F20> attached on Slot198.
00:17:13.141 WORLD        : UpdateEntities
00:17:13.141  WORLD        : FixedFrame
00:17:13.141   SCRIPT    (E): ScenarioFramework Action: Entity not found for Action SCR_ScenarioFrameworkActionKillEntity<0x00007F398A1D1F70> attached on Slot199.
00:19:14.410 WORLD        : UpdateEntities
00:19:14.410  RPL          : rpl::Pip::ProcessNetToGame
00:19:14.410   SCRIPT    (E): Virtual Machine Exception

Reason: NULL pointer to instance. Variable 'anim'

Function: 'GetPivotName'
Stack trace:
scripts/Game/Entities/Preview/SCR_GenericPreviewEntity.c:147 Function GetPivotName
scripts/Game/Entities/Preview/SCR_EditablePreviewEntity.c:166 Function GetPreviewEntries#806289
scripts/Game/Entities/Preview/SCR_EditablePreviewEntity.c:91 Function SpawnPreviewFromEditableEntities
scripts/Game/Editor/Components/Editor/SCR_TransformingEditorComponent.c:183 Function StartEditingServer
00:20:52.058 WORLD        : UpdateEntities
00:20:52.058  WORLD        : Frame
00:20:52.058   ENTITY       : SpawnEntityPrefab @"{23ADBBC31B6A3DC6}Prefabs/Characters/Factions/OPFOR/USSR_Army/Character_USSR_AR.et"
00:20:52.058    WORLD        : InitEntities 'world'
00:20:52.058     ENTITY       : Init entity @"ENTITY:4611686018427427302" ('SCR_ChimeraCharacter','Assets/Characters/Basebody/Basebody_Male_01.xob') at <2633.860596 91.394844 5355.761230> @"{23ADBBC31B6A3DC6}Prefabs/Characters/Factions/OPFOR/USSR_Army/Character_USSR_AR.et"
00:20:52.058      INVENTORY (E): Couldn't insert item @"ENTITY:4611686018427427343" ('GenericEntity','Assets/Weapons/Magazines/RPK74/Magazine_45rnd_RPK74.xob') at <0.000000 0.000000 0.000000> @"{D78C667F59829717}Prefabs/Weapons/Magazines/Magazine_545x39_RPK_45rnd_4Ball_1Tracer.et" into storage @"ENTITY:4611686018427427320" ('GenericEntity','Assets/Items/Equipment/Accessories/Pouch_Soviet_45rnd_RPK74/Pouch_Soviet_45rnd_RPK74.xob') at <2634.011475 92.506912 5355.695801> @"{B6EEF03975F21E4E}Prefabs/Items/Equipment/Accessories/Pouch_Soviet_45rnd_RPK74/Pouch_Soviet_45rnd_RPK74.et" while spawning initial items inside the storage.
00:20:52.058      INVENTORY (E): Couldn't insert item @"ENTITY:4611686018427427344" ('GenericEntity','Assets/Weapons/Magazines/RPK74/Magazine_45rnd_RPK74.xob') at <0.000000 0.000000 0.000000> @"{D78C667F59829717}Prefabs/Weapons/Magazines/Magazine_545x39_RPK_45rnd_4Ball_1Tracer.et" into storage @"ENTITY:4611686018427427320" ('GenericEntity','Assets/Items/Equipment/Accessories/Pouch_Soviet_45rnd_RPK74/Pouch_Soviet_45rnd_RPK74.xob') at <2634.011475 92.506912 5355.695801> @"{B6EEF03975F21E4E}Prefabs/Items/Equipment/Accessories/Pouch_Soviet_45rnd_RPK74/Pouch_Soviet_45rnd_RPK74.et" while spawning initial items inside the storage.
00:20:52.058      INVENTORY (E): Couldn't insert item @"ENTITY:4611686018427427345" ('GenericEntity','Assets/Weapons/Magazines/RPK74/Magazine_45rnd_RPK74.xob') at <0.000000 0.000000 0.000000> @"{D78C667F59829717}Prefabs/Weapons/Magazines/Magazine_545x39_RPK_45rnd_4Ball_1Tracer.et" into storage @"ENTITY:4611686018427427320" ('GenericEntity','Assets/Items/Equipment/Accessories/Pouch_Soviet_45rnd_RPK74/Pouch_Soviet_45rnd_RPK74.xob') at <2634.011475 92.506912 5355.695801> @"{B6EEF03975F21E4E}Prefabs/Items/Equipment/Accessories/Pouch_Soviet_45rnd_RPK74/Pouch_Soviet_45rnd_RPK74.et" while spawning initial items inside the storage.
00:20:52.058      INVENTORY (E): Couldn't insert item @"ENTITY:4611686018427427346" ('GenericEntity','Assets/Weapons/Magazines/RPK74/Magazine_45rnd_RPK74.xob') at <0.000000 0.000000 0.000000> @"{D78C667F59829717}Prefabs/Weapons/Magazines/Magazine_545x39_RPK_45rnd_4Ball_1Tracer.et" into storage @"ENTITY:4611686018427427320" ('GenericEntity','Assets/Items/Equipment/Accessories/Pouch_Soviet_45rnd_RPK74/Pouch_Soviet_45rnd_RPK74.xob') at <2634.011475 92.506912 5355.695801> @"{B6EEF03975F21E4E}Prefabs/Items/Equipment/Accessories/Pouch_Soviet_45rnd_RPK74/Pouch_Soviet_45rnd_RPK74.et" while spawning initial items inside the storage.
00:22:23.419 WORLD        : UpdateEntities
00:22:23.419  RPL          : rpl::Pip::ProcessNetToGame
00:22:23.419   SCRIPT    (E): ScenarioFramework Action: Task not found for Action SCR_ScenarioFrameworkActionChangeTaskState<0x00007F398A1D3C80> attached on DocumentsCrate.
00:22:23.419   SCRIPT    (E): ScenarioFramework Action: Task not found for Action SCR_ScenarioFrameworkActionChangeTaskState<0x00007F398A1D3CD0> attached on DocumentsCrate.
00:22:23.419   SCRIPT    (E): ScenarioFramework Action: Task not found for Action SCR_ScenarioFrameworkActionChangeTaskState<0x00007F398A1D3D20> attached on DocumentsCrate.
00:22:23.419   SCRIPT    (E): ScenarioFramework Action: Task not found for Action SCR_ScenarioFrameworkActionChangeTaskState<0x00007F398A1D3D70> attached on DocumentsCrate.
00:22:23.419   SCRIPT    (E): ScenarioFramework Action: Task not found for Action SCR_ScenarioFrameworkActionChangeTaskState<0x00007F398A1D3DC0> attached on DocumentsCrate.
00:22:23.419   SCRIPT    (E): ScenarioFramework Action: Task not found for Action SCR_ScenarioFrameworkActionChangeTaskState<0x00007F398A1D3E10> attached on DocumentsCrate.
00:24:16.059 WORLD        : UpdateEntities
00:24:16.059  WORLD        : FixedFrame
00:24:16.059   ENTITY       : SpawnEntityPrefab @"{1BABF6B33DA0AEB6}Prefabs/Vehicles/Wheeled/Ural4320/Ural4320_command.et"
00:24:16.059    ENTITY       : Create entity @"ENTITY:4611686018427428133" ('Vehicle','Assets/Vehicles/Wheeled/Ural4320/Ural_4320_base.xob') at <5127.761719 52.839001 5491.432129> @"{1BABF6B33DA0AEB6}Prefabs/Vehicles/Wheeled/Ural4320/Ural4320_command.et"
00:24:16.059     ENTITY       : SpawnEntityPrefab @"{8A239DEA19509B1B}Prefabs/Vehicles/Core/VirtualSlots/Radio_VirtualArsenalSlot.et"
00:24:16.059      WORLD        : InitEntities 'world'
00:24:16.059       ENTITY       : Init entity @"ENTITY:4611686018427428174" ('GenericEntity') at <5127.761719 52.839001 5491.432129> @"{8A239DEA19509B1B}Prefabs/Vehicles/Core/VirtualSlots/Radio_VirtualArsenalSlot.et"
00:24:16.059        RPL       (E): RpcError: Calling a RPC from an unregistered item! itemType='script::Game::SCR_ArsenalComponent', rpc='SetArsenalEnabledBroadcast'
00:24:16.417 WORLD        : UpdateEntities
00:24:16.417  WORLD        : FixedFrame
00:24:16.417   SCRIPT    (E): ScenarioFramework: Object GenericEntity<0x00007F3A51273BB0> @"ENTITY:4611686018427389230" ('GenericEntity','Assets/Props/Civilian/Photos/Photo_02.xob') at <7021.383789 102.721008 8392.514648> @"{FB7B837BB0F11443}Prefabs/Props/Civilian/Photos/CombatOps_Polaroid_02.et" already exists and won't be spawned for Slot241, exiting...
00:24:16.618 WORLD        : UpdateEntities
00:24:16.618  WORLD        : FixedFrame
00:24:16.618   SCRIPT    (E): ScenarioFramework: Object GenericEntity<0x00007F3A51273DD0> @"ENTITY:4611686018427389232" ('GenericEntity','Assets/Props/Civilian/Photos/Photo_02.xob') at <4823.916992 87.959000 4436.767578> @"{FB7B837BB0F11443}Prefabs/Props/Civilian/Photos/CombatOps_Polaroid_02.et" already exists and won't be spawned for Slot242, exiting...
00:24:17.950 WORLD        : UpdateEntities
00:24:17.950  WORLD        : FixedFrame
00:24:17.950   SCRIPT    (E): ScenarioFramework: Object Vehicle<0x00007F3A5124F5D0> @"ENTITY:4611686018427416089" ('Vehicle','Assets/Vehicles/Wheeled/UAZ452/UAZ452_base.xob') at <5094.302734 53.666561 5469.508789> @"{43C4AF1EEBD001CE}Prefabs/Vehicles/Wheeled/UAZ452/UAZ452_ambulance.et" already exists and won't be spawned for MedicalTruck_Figari, exiting...
00:24:28.238 WORLD        : UpdateEntities
00:24:28.238  WORLD        : Frame
00:24:28.238   ENTITY       : SpawnEntityPrefab @"{23ADBBC31B6A3DC6}Prefabs/Characters/Factions/OPFOR/USSR_Army/Character_USSR_AR.et"
00:24:28.238    WORLD        : InitEntities 'world'
00:24:28.238     ENTITY       : Init entity @"ENTITY:4611686018427428810" ('SCR_ChimeraCharacter','Assets/Characters/Basebody/Basebody_Male_01.xob') at <5640.864258 79.532585 4780.271973> @"{23ADBBC31B6A3DC6}Prefabs/Characters/Factions/OPFOR/USSR_Army/Character_USSR_AR.et"
00:24:28.238      INVENTORY (E): Couldn't insert item @"ENTITY:4611686018427428851" ('GenericEntity','Assets/Weapons/Magazines/RPK74/Magazine_45rnd_RPK74.xob') at <0.000000 0.000000 0.000000> @"{D78C667F59829717}Prefabs/Weapons/Magazines/Magazine_545x39_RPK_45rnd_4Ball_1Tracer.et" into storage @"ENTITY:4611686018427428828" ('GenericEntity','Assets/Items/Equipment/Accessories/Pouch_Soviet_45rnd_RPK74/Pouch_Soviet_45rnd_RPK74.xob') at <5640.749512 80.644653 4780.389648> @"{B6EEF03975F21E4E}Prefabs/Items/Equipment/Accessories/Pouch_Soviet_45rnd_RPK74/Pouch_Soviet_45rnd_RPK74.et" while spawning initial items inside the storage.
00:24:28.238      INVENTORY (E): Couldn't insert item @"ENTITY:4611686018427428852" ('GenericEntity','Assets/Weapons/Magazines/RPK74/Magazine_45rnd_RPK74.xob') at <0.000000 0.000000 0.000000> @"{D78C667F59829717}Prefabs/Weapons/Magazines/Magazine_545x39_RPK_45rnd_4Ball_1Tracer.et" into storage @"ENTITY:4611686018427428828" ('GenericEntity','Assets/Items/Equipment/Accessories/Pouch_Soviet_45rnd_RPK74/Pouch_Soviet_45rnd_RPK74.xob') at <5640.749512 80.644653 4780.389648> @"{B6EEF03975F21E4E}Prefabs/Items/Equipment/Accessories/Pouch_Soviet_45rnd_RPK74/Pouch_Soviet_45rnd_RPK74.et" while spawning initial items inside the storage.
00:24:28.239      INVENTORY (E): Couldn't insert item @"ENTITY:4611686018427428853" ('GenericEntity','Assets/Weapons/Magazines/RPK74/Magazine_45rnd_RPK74.xob') at <0.000000 0.000000 0.000000> @"{D78C667F59829717}Prefabs/Weapons/Magazines/Magazine_545x39_RPK_45rnd_4Ball_1Tracer.et" into storage @"ENTITY:4611686018427428828" ('GenericEntity','Assets/Items/Equipment/Accessories/Pouch_Soviet_45rnd_RPK74/Pouch_Soviet_45rnd_RPK74.xob') at <5640.749512 80.644653 4780.389648> @"{B6EEF03975F21E4E}Prefabs/Items/Equipment/Accessories/Pouch_Soviet_45rnd_RPK74/Pouch_Soviet_45rnd_RPK74.et" while spawning initial items inside the storage.
00:24:28.239      INVENTORY (E): Couldn't insert item @"ENTITY:4611686018427428854" ('GenericEntity','Assets/Weapons/Magazines/RPK74/Magazine_45rnd_RPK74.xob') at <0.000000 0.000000 0.000000> @"{D78C667F59829717}Prefabs/Weapons/Magazines/Magazine_545x39_RPK_45rnd_4Ball_1Tracer.et" into storage @"ENTITY:4611686018427428828" ('GenericEntity','Assets/Items/Equipment/Accessories/Pouch_Soviet_45rnd_RPK74/Pouch_Soviet_45rnd_RPK74.xob') at <5640.749512 80.644653 4780.389648> @"{B6EEF03975F21E4E}Prefabs/Items/Equipment/Accessories/Pouch_Soviet_45rnd_RPK74/Pouch_Soviet_45rnd_RPK74.et" while spawning initial items inside the storage.
00:24:28.303 WORLD        : UpdateEntities
00:24:28.303  WORLD        : Frame
00:24:28.303   ENTITY       : SpawnEntityPrefab @"{23ADBBC31B6A3DC6}Prefabs/Characters/Factions/OPFOR/USSR_Army/Character_USSR_AR.et"
00:24:28.303    WORLD        : InitEntities 'world'
00:24:28.303     ENTITY       : Init entity @"ENTITY:4611686018427428971" ('SCR_ChimeraCharacter','Assets/Characters/Basebody/Basebody_Male_01.xob') at <5746.943359 64.817810 4761.315430> @"{23ADBBC31B6A3DC6}Prefabs/Characters/Factions/OPFOR/USSR_Army/Character_USSR_AR.et"
00:24:28.303      INVENTORY (E): Couldn't insert item @"ENTITY:4611686018427429012" ('GenericEntity','Assets/Weapons/Magazines/RPK74/Magazine_45rnd_RPK74.xob') at <0.000000 0.000000 0.000000> @"{D78C667F59829717}Prefabs/Weapons/Magazines/Magazine_545x39_RPK_45rnd_4Ball_1Tracer.et" into storage @"ENTITY:4611686018427428989" ('GenericEntity','Assets/Items/Equipment/Accessories/Pouch_Soviet_45rnd_RPK74/Pouch_Soviet_45rnd_RPK74.xob') at <5746.781250 65.929878 4761.343262> @"{B6EEF03975F21E4E}Prefabs/Items/Equipment/Accessories/Pouch_Soviet_45rnd_RPK74/Pouch_Soviet_45rnd_RPK74.et" while spawning initial items inside the storage.
00:24:28.303      INVENTORY (E): Couldn't insert item @"ENTITY:4611686018427429013" ('GenericEntity','Assets/Weapons/Magazines/RPK74/Magazine_45rnd_RPK74.xob') at <0.000000 0.000000 0.000000> @"{D78C667F59829717}Prefabs/Weapons/Magazines/Magazine_545x39_RPK_45rnd_4Ball_1Tracer.et" into storage @"ENTITY:4611686018427428989" ('GenericEntity','Assets/Items/Equipment/Accessories/Pouch_Soviet_45rnd_RPK74/Pouch_Soviet_45rnd_RPK74.xob') at <5746.781250 65.929878 4761.343262> @"{B6EEF03975F21E4E}Prefabs/Items/Equipment/Accessories/Pouch_Soviet_45rnd_RPK74/Pouch_Soviet_45rnd_RPK74.et" while spawning initial items inside the storage.
00:24:28.303      INVENTORY (E): Couldn't insert item @"ENTITY:4611686018427429014" ('GenericEntity','Assets/Weapons/Magazines/RPK74/Magazine_45rnd_RPK74.xob') at <0.000000 0.000000 0.000000> @"{D78C667F59829717}Prefabs/Weapons/Magazines/Magazine_545x39_RPK_45rnd_4Ball_1Tracer.et" into storage @"ENTITY:4611686018427428989" ('GenericEntity','Assets/Items/Equipment/Accessories/Pouch_Soviet_45rnd_RPK74/Pouch_Soviet_45rnd_RPK74.xob') at <5746.781250 65.929878 4761.343262> @"{B6EEF03975F21E4E}Prefabs/Items/Equipment/Accessories/Pouch_Soviet_45rnd_RPK74/Pouch_Soviet_45rnd_RPK74.et" while spawning initial items inside the storage.
00:24:28.304      INVENTORY (E): Couldn't insert item @"ENTITY:4611686018427429015" ('GenericEntity','Assets/Weapons/Magazines/RPK74/Magazine_45rnd_RPK74.xob') at <0.000000 0.000000 0.000000> @"{D78C667F59829717}Prefabs/Weapons/Magazines/Magazine_545x39_RPK_45rnd_4Ball_1Tracer.et" into storage @"ENTITY:4611686018427428989" ('GenericEntity','Assets/Items/Equipment/Accessories/Pouch_Soviet_45rnd_RPK74/Pouch_Soviet_45rnd_RPK74.xob') at <5746.781250 65.929878 4761.343262> @"{B6EEF03975F21E4E}Prefabs/Items/Equipment/Accessories/Pouch_Soviet_45rnd_RPK74/Pouch_Soviet_45rnd_RPK74.et" while spawning initial items inside the storage.
00:24:36.164 WORLD        : UpdateEntities
00:24:36.164  WORLD        : Frame
00:24:36.164   ENTITY       : SpawnEntityPrefab @"{23ADBBC31B6A3DC6}Prefabs/Characters/Factions/OPFOR/USSR_Army/Character_USSR_AR.et"
00:24:36.164    WORLD        : InitEntities 'world'
00:24:36.164     ENTITY       : Init entity @"ENTITY:4611686018427429389" ('SCR_ChimeraCharacter','Assets/Characters/Basebody/Basebody_Male_01.xob') at <6042.145996 61.593483 4572.642090> @"{23ADBBC31B6A3DC6}Prefabs/Characters/Factions/OPFOR/USSR_Army/Character_USSR_AR.et"
00:24:36.164      INVENTORY (E): Couldn't insert item @"ENTITY:4611686018427429430" ('GenericEntity','Assets/Weapons/Magazines/RPK74/Magazine_45rnd_RPK74.xob') at <0.000000 0.000000 0.000000> @"{D78C667F59829717}Prefabs/Weapons/Magazines/Magazine_545x39_RPK_45rnd_4Ball_1Tracer.et" into storage @"ENTITY:4611686018427429407" ('GenericEntity','Assets/Items/Equipment/Accessories/Pouch_Soviet_45rnd_RPK74/Pouch_Soviet_45rnd_RPK74.xob') at <6042.031250 62.705555 4572.759766> @"{B6EEF03975F21E4E}Prefabs/Items/Equipment/Accessories/Pouch_Soviet_45rnd_RPK74/Pouch_Soviet_45rnd_RPK74.et" while spawning initial items inside the storage.
00:24:36.164      INVENTORY (E): Couldn't insert item @"ENTITY:4611686018427429431" ('GenericEntity','Assets/Weapons/Magazines/RPK74/Magazine_45rnd_RPK74.xob') at <0.000000 0.000000 0.000000> @"{D78C667F59829717}Prefabs/Weapons/Magazines/Magazine_545x39_RPK_45rnd_4Ball_1Tracer.et" into storage @"ENTITY:4611686018427429407" ('GenericEntity','Assets/Items/Equipment/Accessories/Pouch_Soviet_45rnd_RPK74/Pouch_Soviet_45rnd_RPK74.xob') at <6042.031250 62.705555 4572.759766> @"{B6EEF03975F21E4E}Prefabs/Items/Equipment/Accessories/Pouch_Soviet_45rnd_RPK74/Pouch_Soviet_45rnd_RPK74.et" while spawning initial items inside the storage.
00:24:36.164      INVENTORY (E): Couldn't insert item @"ENTITY:4611686018427429432" ('GenericEntity','Assets/Weapons/Magazines/RPK74/Magazine_45rnd_RPK74.xob') at <0.000000 0.000000 0.000000> @"{D78C667F59829717}Prefabs/Weapons/Magazines/Magazine_545x39_RPK_45rnd_4Ball_1Tracer.et" into storage @"ENTITY:4611686018427429407" ('GenericEntity','Assets/Items/Equipment/Accessories/Pouch_Soviet_45rnd_RPK74/Pouch_Soviet_45rnd_RPK74.xob') at <6042.031250 62.705555 4572.759766> @"{B6EEF03975F21E4E}Prefabs/Items/Equipment/Accessories/Pouch_Soviet_45rnd_RPK74/Pouch_Soviet_45rnd_RPK74.et" while spawning initial items inside the storage.
00:24:36.164      INVENTORY (E): Couldn't insert item @"ENTITY:4611686018427429433" ('GenericEntity','Assets/Weapons/Magazines/RPK74/Magazine_45rnd_RPK74.xob') at <0.000000 0.000000 0.000000> @"{D78C667F59829717}Prefabs/Weapons/Magazines/Magazine_545x39_RPK_45rnd_4Ball_1Tracer.et" into storage @"ENTITY:4611686018427429407" ('GenericEntity','Assets/Items/Equipment/Accessories/Pouch_Soviet_45rnd_RPK74/Pouch_Soviet_45rnd_RPK74.xob') at <6042.031250 62.705555 4572.759766> @"{B6EEF03975F21E4E}Prefabs/Items/Equipment/Accessories/Pouch_Soviet_45rnd_RPK74/Pouch_Soviet_45rnd_RPK74.et" while spawning initial items inside the storage.
00:25:07.792 WORLD        : UpdateEntities
00:25:07.792  WORLD        : FixedFrame
00:25:07.792   SCRIPT    (E): ScenarioFramework: Object GenericEntity<0x000000003D0ACF10> @"ENTITY:4611686018427388852" ('GenericEntity','Assets/Weapons/Attachments/Muzzle/FlashHider_M16A2/FlashHider_M16A2.xob') at <2850.522949 90.747002 4857.357910> @"{6288A1F1A5E3AC37}Prefabs/Weapons/Attachments/Muzzle/FlashHider_M16A2/FlashHider_M16.et" already exists and won't be spawned for SlotPick_3, exiting...
00:25:07.963 WORLD        : UpdateEntities
00:25:07.963  WORLD        : FixedFrame
00:25:07.963   SCRIPT    (E): ScenarioFramework: Object GenericEntity<0x000000003D0AFAA0> @"ENTITY:4611686018427388915" ('GenericEntity','Assets/Props/Civilian/Photos/Photo_02.xob') at <4823.815918 87.959999 4436.631836> @"{05B993EAF472E376}Prefabs/Props/Civilian/Photos/CombatOps_Polaroid_10.et" already exists and won't be spawned for Slot561, exiting...
00:25:08.013 WORLD        : UpdateEntities
00:25:08.013  WORLD        : Frame
00:25:08.013   ENTITY       : SpawnEntityPrefab @"{23ADBBC31B6A3DC6}Prefabs/Characters/Factions/OPFOR/USSR_Army/Character_USSR_AR.et"
00:25:08.013    WORLD        : InitEntities 'world'
00:25:08.013     ENTITY       : Init entity @"ENTITY:4611686018427430070" ('SCR_ChimeraCharacter','Assets/Characters/Basebody/Basebody_Male_01.xob') at <7474.013184 164.600006 4306.270996> @"{23ADBBC31B6A3DC6}Prefabs/Characters/Factions/OPFOR/USSR_Army/Character_USSR_AR.et"
00:25:08.013      INVENTORY (E): Couldn't insert item @"ENTITY:4611686018427430111" ('GenericEntity','Assets/Weapons/Magazines/RPK74/Magazine_45rnd_RPK74.xob') at <0.000000 0.000000 0.000000> @"{D78C667F59829717}Prefabs/Weapons/Magazines/Magazine_545x39_RPK_45rnd_4Ball_1Tracer.et" into storage @"ENTITY:4611686018427430088" ('GenericEntity','Assets/Items/Equipment/Accessories/Pouch_Soviet_45rnd_RPK74/Pouch_Soviet_45rnd_RPK74.xob') at <7473.885254 165.712082 4306.374023> @"{B6EEF03975F21E4E}Prefabs/Items/Equipment/Accessories/Pouch_Soviet_45rnd_RPK74/Pouch_Soviet_45rnd_RPK74.et" while spawning initial items inside the storage.
00:25:08.013      INVENTORY (E): Couldn't insert item @"ENTITY:4611686018427430112" ('GenericEntity','Assets/Weapons/Magazines/RPK74/Magazine_45rnd_RPK74.xob') at <0.000000 0.000000 0.000000> @"{D78C667F59829717}Prefabs/Weapons/Magazines/Magazine_545x39_RPK_45rnd_4Ball_1Tracer.et" into storage @"ENTITY:4611686018427430088" ('GenericEntity','Assets/Items/Equipment/Accessories/Pouch_Soviet_45rnd_RPK74/Pouch_Soviet_45rnd_RPK74.xob') at <7473.885254 165.712082 4306.374023> @"{B6EEF03975F21E4E}Prefabs/Items/Equipment/Accessories/Pouch_Soviet_45rnd_RPK74/Pouch_Soviet_45rnd_RPK74.et" while spawning initial items inside the storage.
00:25:08.013      INVENTORY (E): Couldn't insert item @"ENTITY:4611686018427430113" ('GenericEntity','Assets/Weapons/Magazines/RPK74/Magazine_45rnd_RPK74.xob') at <0.000000 0.000000 0.000000> @"{D78C667F59829717}Prefabs/Weapons/Magazines/Magazine_545x39_RPK_45rnd_4Ball_1Tracer.et" into storage @"ENTITY:4611686018427430088" ('GenericEntity','Assets/Items/Equipment/Accessories/Pouch_Soviet_45rnd_RPK74/Pouch_Soviet_45rnd_RPK74.xob') at <7473.885254 165.712082 4306.374023> @"{B6EEF03975F21E4E}Prefabs/Items/Equipment/Accessories/Pouch_Soviet_45rnd_RPK74/Pouch_Soviet_45rnd_RPK74.et" while spawning initial items inside the storage.
00:25:08.014      INVENTORY (E): Couldn't insert item @"ENTITY:4611686018427430114" ('GenericEntity','Assets/Weapons/Magazines/RPK74/Magazine_45rnd_RPK74.xob') at <0.000000 0.000000 0.000000> @"{D78C667F59829717}Prefabs/Weapons/Magazines/Magazine_545x39_RPK_45rnd_4Ball_1Tracer.et" into storage @"ENTITY:4611686018427430088" ('GenericEntity','Assets/Items/Equipment/Accessories/Pouch_Soviet_45rnd_RPK74/Pouch_Soviet_45rnd_RPK74.xob') at <7473.885254 165.712082 4306.374023> @"{B6EEF03975F21E4E}Prefabs/Items/Equipment/Accessories/Pouch_Soviet_45rnd_RPK74/Pouch_Soviet_45rnd_RPK74.et" while spawning initial items inside the storage.
00:25:08.243 WORLD        : UpdateEntities
00:25:08.243  WORLD        : FixedFrame
00:25:08.243   ENTITY       : SpawnEntityPrefab @"{23ADBBC31B6A3DC6}Prefabs/Characters/Factions/OPFOR/USSR_Army/Character_USSR_AR.et"
00:25:08.243    WORLD        : InitEntities 'world'
00:25:08.243     ENTITY       : Init entity @"ENTITY:4611686018427431347" ('SCR_ChimeraCharacter','Assets/Characters/Basebody/Basebody_Male_01.xob') at <7492.521973 165.689011 4330.719727> @"{23ADBBC31B6A3DC6}Prefabs/Characters/Factions/OPFOR/USSR_Army/Character_USSR_AR.et"
00:25:08.243      INVENTORY (E): Couldn't insert item @"ENTITY:4611686018427431388" ('GenericEntity','Assets/Weapons/Magazines/RPK74/Magazine_45rnd_RPK74.xob') at <0.000000 0.000000 0.000000> @"{D78C667F59829717}Prefabs/Weapons/Magazines/Magazine_545x39_RPK_45rnd_4Ball_1Tracer.et" into storage @"ENTITY:4611686018427431365" ('GenericEntity','Assets/Items/Equipment/Accessories/Pouch_Soviet_45rnd_RPK74/Pouch_Soviet_45rnd_RPK74.xob') at <7492.639648 166.801086 4330.604980> @"{B6EEF03975F21E4E}Prefabs/Items/Equipment/Accessories/Pouch_Soviet_45rnd_RPK74/Pouch_Soviet_45rnd_RPK74.et" while spawning initial items inside the storage.
00:25:08.243      INVENTORY (E): Couldn't insert item @"ENTITY:4611686018427431389" ('GenericEntity','Assets/Weapons/Magazines/RPK74/Magazine_45rnd_RPK74.xob') at <0.000000 0.000000 0.000000> @"{D78C667F59829717}Prefabs/Weapons/Magazines/Magazine_545x39_RPK_45rnd_4Ball_1Tracer.et" into storage @"ENTITY:4611686018427431365" ('GenericEntity','Assets/Items/Equipment/Accessories/Pouch_Soviet_45rnd_RPK74/Pouch_Soviet_45rnd_RPK74.xob') at <7492.639648 166.801086 4330.604980> @"{B6EEF03975F21E4E}Prefabs/Items/Equipment/Accessories/Pouch_Soviet_45rnd_RPK74/Pouch_Soviet_45rnd_RPK74.et" while spawning initial items inside the storage.
00:25:08.243      INVENTORY (E): Couldn't insert item @"ENTITY:4611686018427431390" ('GenericEntity','Assets/Weapons/Magazines/RPK74/Magazine_45rnd_RPK74.xob') at <0.000000 0.000000 0.000000> @"{D78C667F59829717}Prefabs/Weapons/Magazines/Magazine_545x39_RPK_45rnd_4Ball_1Tracer.et" into storage @"ENTITY:4611686018427431365" ('GenericEntity','Assets/Items/Equipment/Accessories/Pouch_Soviet_45rnd_RPK74/Pouch_Soviet_45rnd_RPK74.xob') at <7492.639648 166.801086 4330.604980> @"{B6EEF03975F21E4E}Prefabs/Items/Equipment/Accessories/Pouch_Soviet_45rnd_RPK74/Pouch_Soviet_45rnd_RPK74.et" while spawning initial items inside the storage.
00:25:08.243      INVENTORY (E): Couldn't insert item @"ENTITY:4611686018427431391" ('GenericEntity','Assets/Weapons/Magazines/RPK74/Magazine_45rnd_RPK74.xob') at <0.000000 0.000000 0.000000> @"{D78C667F59829717}Prefabs/Weapons/Magazines/Magazine_545x39_RPK_45rnd_4Ball_1Tracer.et" into storage @"ENTITY:4611686018427431365" ('GenericEntity','Assets/Items/Equipment/Accessories/Pouch_Soviet_45rnd_RPK74/Pouch_Soviet_45rnd_RPK74.xob') at <7492.639648 166.801086 4330.604980> @"{B6EEF03975F21E4E}Prefabs/Items/Equipment/Accessories/Pouch_Soviet_45rnd_RPK74/Pouch_Soviet_45rnd_RPK74.et" while spawning initial items inside the storage.
00:25:08.245   SCRIPT    (E): Can't spawn object Predefined_Doc_Position - the slot has 0 activation type set instead of 1
00:25:08.353 WORLD        : UpdateEntities
00:25:08.353  WORLD        : Frame
00:25:08.353   ENTITY       : SpawnEntityPrefab @"{23ADBBC31B6A3DC6}Prefabs/Characters/Factions/OPFOR/USSR_Army/Character_USSR_AR.et"
00:25:08.353    WORLD        : InitEntities 'world'
00:25:08.353     ENTITY       : Init entity @"ENTITY:4611686018427431639" ('SCR_ChimeraCharacter','Assets/Characters/Basebody/Basebody_Male_01.xob') at <7570.655762 166.900009 4313.233887> @"{23ADBBC31B6A3DC6}Prefabs/Characters/Factions/OPFOR/USSR_Army/Character_USSR_AR.et"
00:25:08.353      INVENTORY (E): Couldn't insert item @"ENTITY:4611686018427431680" ('GenericEntity','Assets/Weapons/Magazines/RPK74/Magazine_45rnd_RPK74.xob') at <0.000000 0.000000 0.000000> @"{D78C667F59829717}Prefabs/Weapons/Magazines/Magazine_545x39_RPK_45rnd_4Ball_1Tracer.et" into storage @"ENTITY:4611686018427431657" ('GenericEntity','Assets/Items/Equipment/Accessories/Pouch_Soviet_45rnd_RPK74/Pouch_Soviet_45rnd_RPK74.xob') at <7570.527832 168.012085 4313.336914> @"{B6EEF03975F21E4E}Prefabs/Items/Equipment/Accessories/Pouch_Soviet_45rnd_RPK74/Pouch_Soviet_45rnd_RPK74.et" while spawning initial items inside the storage.
00:25:08.353      INVENTORY (E): Couldn't insert item @"ENTITY:4611686018427431681" ('GenericEntity','Assets/Weapons/Magazines/RPK74/Magazine_45rnd_RPK74.xob') at <0.000000 0.000000 0.000000> @"{D78C667F59829717}Prefabs/Weapons/Magazines/Magazine_545x39_RPK_45rnd_4Ball_1Tracer.et" into storage @"ENTITY:4611686018427431657" ('GenericEntity','Assets/Items/Equipment/Accessories/Pouch_Soviet_45rnd_RPK74/Pouch_Soviet_45rnd_RPK74.xob') at <7570.527832 168.012085 4313.336914> @"{B6EEF03975F21E4E}Prefabs/Items/Equipment/Accessories/Pouch_Soviet_45rnd_RPK74/Pouch_Soviet_45rnd_RPK74.et" while spawning initial items inside the storage.
00:25:08.353      INVENTORY (E): Couldn't insert item @"ENTITY:4611686018427431682" ('GenericEntity','Assets/Weapons/Magazines/RPK74/Magazine_45rnd_RPK74.xob') at <0.000000 0.000000 0.000000> @"{D78C667F59829717}Prefabs/Weapons/Magazines/Magazine_545x39_RPK_45rnd_4Ball_1Tracer.et" into storage @"ENTITY:4611686018427431657" ('GenericEntity','Assets/Items/Equipment/Accessories/Pouch_Soviet_45rnd_RPK74/Pouch_Soviet_45rnd_RPK74.xob') at <7570.527832 168.012085 4313.336914> @"{B6EEF03975F21E4E}Prefabs/Items/Equipment/Accessories/Pouch_Soviet_45rnd_RPK74/Pouch_Soviet_45rnd_RPK74.et" while spawning initial items inside the storage.
00:25:08.354      INVENTORY (E): Couldn't insert item @"ENTITY:4611686018427431683" ('GenericEntity','Assets/Weapons/Magazines/RPK74/Magazine_45rnd_RPK74.xob') at <0.000000 0.000000 0.000000> @"{D78C667F59829717}Prefabs/Weapons/Magazines/Magazine_545x39_RPK_45rnd_4Ball_1Tracer.et" into storage @"ENTITY:4611686018427431657" ('GenericEntity','Assets/Items/Equipment/Accessories/Pouch_Soviet_45rnd_RPK74/Pouch_Soviet_45rnd_RPK74.xob') at <7570.527832 168.012085 4313.336914> @"{B6EEF03975F21E4E}Prefabs/Items/Equipment/Accessories/Pouch_Soviet_45rnd_RPK74/Pouch_Soviet_45rnd_RPK74.et" while spawning initial items inside the storage.
00:25:08.381   ENTITY       : SpawnEntityPrefab @"{23ADBBC31B6A3DC6}Prefabs/Characters/Factions/OPFOR/USSR_Army/Character_USSR_AR.et"
00:25:08.382    WORLD        : InitEntities 'world'
00:25:08.382     ENTITY       : Init entity @"ENTITY:4611686018427431813" ('SCR_ChimeraCharacter','Assets/Characters/Basebody/Basebody_Male_01.xob') at <7473.615234 164.600006 4330.375977> @"{23ADBBC31B6A3DC6}Prefabs/Characters/Factions/OPFOR/USSR_Army/Character_USSR_AR.et"
00:25:08.382      INVENTORY (E): Couldn't insert item @"ENTITY:4611686018427431854" ('GenericEntity','Assets/Weapons/Magazines/RPK74/Magazine_45rnd_RPK74.xob') at <0.000000 0.000000 0.000000> @"{D78C667F59829717}Prefabs/Weapons/Magazines/Magazine_545x39_RPK_45rnd_4Ball_1Tracer.et" into storage @"ENTITY:4611686018427431831" ('GenericEntity','Assets/Items/Equipment/Accessories/Pouch_Soviet_45rnd_RPK74/Pouch_Soviet_45rnd_RPK74.xob') at <7473.487305 165.712082 4330.479004> @"{B6EEF03975F21E4E}Prefabs/Items/Equipment/Accessories/Pouch_Soviet_45rnd_RPK74/Pouch_Soviet_45rnd_RPK74.et" while spawning initial items inside the storage.
00:25:08.382      INVENTORY (E): Couldn't insert item @"ENTITY:4611686018427431855" ('GenericEntity','Assets/Weapons/Magazines/RPK74/Magazine_45rnd_RPK74.xob') at <0.000000 0.000000 0.000000> @"{D78C667F59829717}Prefabs/Weapons/Magazines/Magazine_545x39_RPK_45rnd_4Ball_1Tracer.et" into storage @"ENTITY:4611686018427431831" ('GenericEntity','Assets/Items/Equipment/Accessories/Pouch_Soviet_45rnd_RPK74/Pouch_Soviet_45rnd_RPK74.xob') at <7473.487305 165.712082 4330.479004> @"{B6EEF03975F21E4E}Prefabs/Items/Equipment/Accessories/Pouch_Soviet_45rnd_RPK74/Pouch_Soviet_45rnd_RPK74.et" while spawning initial items inside the storage.
00:25:08.382      INVENTORY (E): Couldn't insert item @"ENTITY:4611686018427431856" ('GenericEntity','Assets/Weapons/Magazines/RPK74/Magazine_45rnd_RPK74.xob') at <0.000000 0.000000 0.000000> @"{D78C667F59829717}Prefabs/Weapons/Magazines/Magazine_545x39_RPK_45rnd_4Ball_1Tracer.et" into storage @"ENTITY:4611686018427431831" ('GenericEntity','Assets/Items/Equipment/Accessories/Pouch_Soviet_45rnd_RPK74/Pouch_Soviet_45rnd_RPK74.xob') at <7473.487305 165.712082 4330.479004> @"{B6EEF03975F21E4E}Prefabs/Items/Equipment/Accessories/Pouch_Soviet_45rnd_RPK74/Pouch_Soviet_45rnd_RPK74.et" while spawning initial items inside the storage.
00:25:08.382      INVENTORY (E): Couldn't insert item @"ENTITY:4611686018427431857" ('GenericEntity','Assets/Weapons/Magazines/RPK74/Magazine_45rnd_RPK74.xob') at <0.000000 0.000000 0.000000> @"{D78C667F59829717}Prefabs/Weapons/Magazines/Magazine_545x39_RPK_45rnd_4Ball_1Tracer.et" into storage @"ENTITY:4611686018427431831" ('GenericEntity','Assets/Items/Equipment/Accessories/Pouch_Soviet_45rnd_RPK74/Pouch_Soviet_45rnd_RPK74.xob') at <7473.487305 165.712082 4330.479004> @"{B6EEF03975F21E4E}Prefabs/Items/Equipment/Accessories/Pouch_Soviet_45rnd_RPK74/Pouch_Soviet_45rnd_RPK74.et" while spawning initial items inside the storage.
00:25:08.531 WORLD        : UpdateEntities
00:25:08.531  WORLD        : Frame
00:25:08.531   ENTITY       : SpawnEntityPrefab @"{23ADBBC31B6A3DC6}Prefabs/Characters/Factions/OPFOR/USSR_Army/Character_USSR_AR.et"
00:25:08.531    WORLD        : InitEntities 'world'
00:25:08.531     ENTITY       : Init entity @"ENTITY:4611686018427432204" ('SCR_ChimeraCharacter','Assets/Characters/Basebody/Basebody_Male_01.xob') at <7539.279785 166.900009 4194.318848> @"{23ADBBC31B6A3DC6}Prefabs/Characters/Factions/OPFOR/USSR_Army/Character_USSR_AR.et"
00:25:08.531      INVENTORY (E): Couldn't insert item @"ENTITY:4611686018427432245" ('GenericEntity','Assets/Weapons/Magazines/RPK74/Magazine_45rnd_RPK74.xob') at <0.000000 0.000000 0.000000> @"{D78C667F59829717}Prefabs/Weapons/Magazines/Magazine_545x39_RPK_45rnd_4Ball_1Tracer.et" into storage @"ENTITY:4611686018427432222" ('GenericEntity','Assets/Items/Equipment/Accessories/Pouch_Soviet_45rnd_RPK74/Pouch_Soviet_45rnd_RPK74.xob') at <7539.151855 168.012085 4194.421875> @"{B6EEF03975F21E4E}Prefabs/Items/Equipment/Accessories/Pouch_Soviet_45rnd_RPK74/Pouch_Soviet_45rnd_RPK74.et" while spawning initial items inside the storage.
00:25:08.531      INVENTORY (E): Couldn't insert item @"ENTITY:4611686018427432246" ('GenericEntity','Assets/Weapons/Magazines/RPK74/Magazine_45rnd_RPK74.xob') at <0.000000 0.000000 0.000000> @"{D78C667F59829717}Prefabs/Weapons/Magazines/Magazine_545x39_RPK_45rnd_4Ball_1Tracer.et" into storage @"ENTITY:4611686018427432222" ('GenericEntity','Assets/Items/Equipment/Accessories/Pouch_Soviet_45rnd_RPK74/Pouch_Soviet_45rnd_RPK74.xob') at <7539.151855 168.012085 4194.421875> @"{B6EEF03975F21E4E}Prefabs/Items/Equipment/Accessories/Pouch_Soviet_45rnd_RPK74/Pouch_Soviet_45rnd_RPK74.et" while spawning initial items inside the storage.
00:25:08.531      INVENTORY (E): Couldn't insert item @"ENTITY:4611686018427432247" ('GenericEntity','Assets/Weapons/Magazines/RPK74/Magazine_45rnd_RPK74.xob') at <0.000000 0.000000 0.000000> @"{D78C667F59829717}Prefabs/Weapons/Magazines/Magazine_545x39_RPK_45rnd_4Ball_1Tracer.et" into storage @"ENTITY:4611686018427432222" ('GenericEntity','Assets/Items/Equipment/Accessories/Pouch_Soviet_45rnd_RPK74/Pouch_Soviet_45rnd_RPK74.xob') at <7539.151855 168.012085 4194.421875> @"{B6EEF03975F21E4E}Prefabs/Items/Equipment/Accessories/Pouch_Soviet_45rnd_RPK74/Pouch_Soviet_45rnd_RPK74.et" while spawning initial items inside the storage.
00:25:08.531      INVENTORY (E): Couldn't insert item @"ENTITY:4611686018427432248" ('GenericEntity','Assets/Weapons/Magazines/RPK74/Magazine_45rnd_RPK74.xob') at <0.000000 0.000000 0.000000> @"{D78C667F59829717}Prefabs/Weapons/Magazines/Magazine_545x39_RPK_45rnd_4Ball_1Tracer.et" into storage @"ENTITY:4611686018427432222" ('GenericEntity','Assets/Items/Equipment/Accessories/Pouch_Soviet_45rnd_RPK74/Pouch_Soviet_45rnd_RPK74.xob') at <7539.151855 168.012085 4194.421875> @"{B6EEF03975F21E4E}Prefabs/Items/Equipment/Accessories/Pouch_Soviet_45rnd_RPK74/Pouch_Soviet_45rnd_RPK74.et" while spawning initial items inside the storage.
00:25:08.772 WORLD        : UpdateEntities
00:25:08.772  WORLD        : FixedFrame
00:25:08.772   ENTITY       : SpawnEntityPrefab @"{43C4AF1EEBD001CE}Prefabs/Vehicles/Wheeled/UAZ452/UAZ452_ambulance.et"
00:25:08.772    ENTITY       : Create entity @"ENTITY:4611686018427432382" ('Vehicle','Assets/Vehicles/Wheeled/UAZ452/UAZ452_base.xob') at <7408.009766 162.960999 4288.970703> @"{43C4AF1EEBD001CE}Prefabs/Vehicles/Wheeled/UAZ452/UAZ452_ambulance.et"
00:25:08.772     ENTITY       : SpawnEntityPrefab @"{65F17676960CBF58}Prefabs/Vehicles/Core/VirtualSlots/Ambulance_VirtualArsenalSlot.et"
00:25:08.772      WORLD        : InitEntities 'world'
00:25:08.772       ENTITY       : Init entity @"ENTITY:4611686018427432425" ('GenericEntity') at <7408.009766 162.960999 4288.970703> @"{65F17676960CBF58}Prefabs/Vehicles/Core/VirtualSlots/Ambulance_VirtualArsenalSlot.et"
00:25:08.772        RPL       (E): RpcError: Calling a RPC from an unregistered item! itemType='script::Game::SCR_ArsenalComponent', rpc='SetArsenalEnabledBroadcast'
00:26:08.032 WORLD        : UpdateEntities
00:26:08.032  WORLD        : Frame
00:26:08.032   ENTITY       : SpawnEntityPrefab @"{23ADBBC31B6A3DC6}Prefabs/Characters/Factions/OPFOR/USSR_Army/Character_USSR_AR.et"
00:26:08.032    WORLD        : InitEntities 'world'
00:26:08.032     ENTITY       : Init entity @"ENTITY:4611686018427432739" ('SCR_ChimeraCharacter','Assets/Characters/Basebody/Basebody_Male_01.xob') at <7435.444336 9.658262 6758.639160> @"{23ADBBC31B6A3DC6}Prefabs/Characters/Factions/OPFOR/USSR_Army/Character_USSR_AR.et"
00:26:08.032      INVENTORY (E): Couldn't insert item @"ENTITY:4611686018427432780" ('GenericEntity','Assets/Weapons/Magazines/RPK74/Magazine_45rnd_RPK74.xob') at <0.000000 0.000000 0.000000> @"{D78C667F59829717}Prefabs/Weapons/Magazines/Magazine_545x39_RPK_45rnd_4Ball_1Tracer.et" into storage @"ENTITY:4611686018427432757" ('GenericEntity','Assets/Items/Equipment/Accessories/Pouch_Soviet_45rnd_RPK74/Pouch_Soviet_45rnd_RPK74.xob') at <7435.316406 10.770334 6758.742188> @"{B6EEF03975F21E4E}Prefabs/Items/Equipment/Accessories/Pouch_Soviet_45rnd_RPK74/Pouch_Soviet_45rnd_RPK74.et" while spawning initial items inside the storage.
00:26:08.032      INVENTORY (E): Couldn't insert item @"ENTITY:4611686018427432781" ('GenericEntity','Assets/Weapons/Magazines/RPK74/Magazine_45rnd_RPK74.xob') at <0.000000 0.000000 0.000000> @"{D78C667F59829717}Prefabs/Weapons/Magazines/Magazine_545x39_RPK_45rnd_4Ball_1Tracer.et" into storage @"ENTITY:4611686018427432757" ('GenericEntity','Assets/Items/Equipment/Accessories/Pouch_Soviet_45rnd_RPK74/Pouch_Soviet_45rnd_RPK74.xob') at <7435.316406 10.770334 6758.742188> @"{B6EEF03975F21E4E}Prefabs/Items/Equipment/Accessories/Pouch_Soviet_45rnd_RPK74/Pouch_Soviet_45rnd_RPK74.et" while spawning initial items inside the storage.
00:26:08.033      INVENTORY (E): Couldn't insert item @"ENTITY:4611686018427432782" ('GenericEntity','Assets/Weapons/Magazines/RPK74/Magazine_45rnd_RPK74.xob') at <0.000000 0.000000 0.000000> @"{D78C667F59829717}Prefabs/Weapons/Magazines/Magazine_545x39_RPK_45rnd_4Ball_1Tracer.et" into storage @"ENTITY:4611686018427432757" ('GenericEntity','Assets/Items/Equipment/Accessories/Pouch_Soviet_45rnd_RPK74/Pouch_Soviet_45rnd_RPK74.xob') at <7435.316406 10.770334 6758.742188> @"{B6EEF03975F21E4E}Prefabs/Items/Equipment/Accessories/Pouch_Soviet_45rnd_RPK74/Pouch_Soviet_45rnd_RPK74.et" while spawning initial items inside the storage.
00:26:08.033      INVENTORY (E): Couldn't insert item @"ENTITY:4611686018427432783" ('GenericEntity','Assets/Weapons/Magazines/RPK74/Magazine_45rnd_RPK74.xob') at <0.000000 0.000000 0.000000> @"{D78C667F59829717}Prefabs/Weapons/Magazines/Magazine_545x39_RPK_45rnd_4Ball_1Tracer.et" into storage @"ENTITY:4611686018427432757" ('GenericEntity','Assets/Items/Equipment/Accessories/Pouch_Soviet_45rnd_RPK74/Pouch_Soviet_45rnd_RPK74.xob') at <7435.316406 10.770334 6758.742188> @"{B6EEF03975F21E4E}Prefabs/Items/Equipment/Accessories/Pouch_Soviet_45rnd_RPK74/Pouch_Soviet_45rnd_RPK74.et" while spawning initial items inside the storage.
00:26:08.454 WORLD        : UpdateEntities
00:26:08.454  WORLD        : FixedFrame
00:26:08.454   ENTITY       : SpawnEntityPrefab @"{43C4AF1EEBD001CE}Prefabs/Vehicles/Wheeled/UAZ452/UAZ452_ambulance.et"
00:26:08.454    ENTITY       : Create entity @"ENTITY:4611686018427434079" ('Vehicle','Assets/Vehicles/Wheeled/UAZ452/UAZ452_base.xob') at <7471.927246 7.717999 6703.323242> @"{43C4AF1EEBD001CE}Prefabs/Vehicles/Wheeled/UAZ452/UAZ452_ambulance.et"
00:26:08.454     ENTITY       : SpawnEntityPrefab @"{65F17676960CBF58}Prefabs/Vehicles/Core/VirtualSlots/Ambulance_VirtualArsenalSlot.et"
00:26:08.454      WORLD        : InitEntities 'world'
00:26:08.454       ENTITY       : Init entity @"ENTITY:4611686018427434122" ('GenericEntity') at <7471.927246 7.717999 6703.323242> @"{65F17676960CBF58}Prefabs/Vehicles/Core/VirtualSlots/Ambulance_VirtualArsenalSlot.et"
00:26:08.454        RPL       (E): RpcError: Calling a RPC from an unregistered item! itemType='script::Game::SCR_ArsenalComponent', rpc='SetArsenalEnabledBroadcast'
00:26:11.477 PATHFINDING(W): Failed to create instance of custom link! Tile: [308, 281], link_idx: 4
00:26:13.475 SCRIPT    (W): SCR_InstigatorContextData: No instigator type is set on Character death. It is likely that the KillerVictimRelation will be set to OTHER_DEATH which will not punish the victim for suicice.
00:26:13.476 SCRIPT    (W): SCR_InstigatorContextData: No instigator type is set on Character death. It is likely that the KillerVictimRelation will be set to OTHER_DEATH which will not punish the victim for suicice.
00:26:45.441 WORLD        : UpdateEntities
00:26:45.441  WORLD        : Frame
00:26:45.441   SCRIPT    (W): SCR_InstigatorContextData: No instigator type is set on Character death. It is likely that the KillerVictimRelation will be set to OTHER_DEATH which will not punish the victim for suicice.
00:26:59.843 WORLD        : UpdateEntities
00:26:59.843  WORLD        : FixedFrame
00:26:59.843   SCRIPT    (E): ScenarioFramework: Object SCR_SpawnPoint<0x0000000046CBABB0> @"ENTITY:4611686018427413080" ('SCR_SpawnPoint') at <4562.170898 54.011002 5434.766113> @"{72713ED566A531F3}PrefabsEditable/SpawnPoints/E_SpawnPoint_FIA.et" already exists and won't be spawned for spawn, exiting...
00:27:32.251 WORLD        : UpdateEntities
00:27:32.251  WORLD        : FixedFrame
00:27:32.251   ENTITY       : SpawnEntityPrefab @"{1BABF6B33DA0AEB6}Prefabs/Vehicles/Wheeled/Ural4320/Ural4320_command.et"
00:27:32.251    ENTITY       : Create entity @"ENTITY:4611686018427435156" ('Vehicle','Assets/Vehicles/Wheeled/Ural4320/Ural_4320_base.xob') at <5127.761719 52.839001 5491.432129> @"{1BABF6B33DA0AEB6}Prefabs/Vehicles/Wheeled/Ural4320/Ural4320_command.et"
00:27:32.251     ENTITY       : SpawnEntityPrefab @"{8A239DEA19509B1B}Prefabs/Vehicles/Core/VirtualSlots/Radio_VirtualArsenalSlot.et"
00:27:32.251      WORLD        : InitEntities 'world'
00:27:32.251       ENTITY       : Init entity @"ENTITY:4611686018427435197" ('GenericEntity') at <5127.761719 52.839001 5491.432129> @"{8A239DEA19509B1B}Prefabs/Vehicles/Core/VirtualSlots/Radio_VirtualArsenalSlot.et"
00:27:32.251        RPL       (E): RpcError: Calling a RPC from an unregistered item! itemType='script::Game::SCR_ArsenalComponent', rpc='SetArsenalEnabledBroadcast'
00:27:32.612 WORLD        : UpdateEntities
00:27:32.612  WORLD        : FixedFrame
00:27:32.612   SCRIPT    (E): ScenarioFramework: Object GenericEntity<0x00007F3A51273BB0> @"ENTITY:4611686018427389230" ('GenericEntity','Assets/Props/Civilian/Photos/Photo_02.xob') at <7021.383789 102.721008 8392.514648> @"{FB7B837BB0F11443}Prefabs/Props/Civilian/Photos/CombatOps_Polaroid_02.et" already exists and won't be spawned for Slot241, exiting...
00:27:32.809 WORLD        : UpdateEntities
00:27:32.809  WORLD        : FixedFrame
00:27:32.809   SCRIPT    (E): ScenarioFramework: Object GenericEntity<0x00007F3A51273DD0> @"ENTITY:4611686018427389232" ('GenericEntity','Assets/Props/Civilian/Photos/Photo_02.xob') at <4823.916992 87.959000 4436.767578> @"{FB7B837BB0F11443}Prefabs/Props/Civilian/Photos/CombatOps_Polaroid_02.et" already exists and won't be spawned for Slot242, exiting...
00:27:34.009 WORLD        : UpdateEntities
00:27:34.009  WORLD        : FixedFrame
00:27:34.009   SCRIPT    (E): ScenarioFramework: Object Vehicle<0x00007F3A5124F5D0> @"ENTITY:4611686018427416089" ('Vehicle','Assets/Vehicles/Wheeled/UAZ452/UAZ452_base.xob') at <5094.302734 53.666561 5469.508789> @"{43C4AF1EEBD001CE}Prefabs/Vehicles/Wheeled/UAZ452/UAZ452_ambulance.et" already exists and won't be spawned for MedicalTruck_Figari, exiting...
00:29:43.895 WORLD        : UpdateEntities
00:29:43.895  RPL          : rpl::Pip::ProcessNetToGame
00:29:43.896   ENTITY       : SpawnEntityPrefab @"{7BD282AF716ED639}Prefabs/Vehicles/Helicopters/Mi8MT/Mi8MT_armed.et"
00:29:43.896    ENTITY       : Create entity @"ENTITY:4611686018427435898" ('Vehicle','Assets/Vehicles/Helicopters/Mi8/Mi8MT_base.xob') at <4559.891602 52.610081 5390.365723> @"{7BD282AF716ED639}Prefabs/Vehicles/Helicopters/Mi8MT/Mi8MT_armed.et"
00:29:43.896     SPAWN     (W): EmissiveLightSurfaceSlot couldn't find ParametricMaterialInstanceComponent at attached entity. Please check configuration of Light Manager at @"ENTITY:4611686018427435898" ('Vehicle','Assets/Vehicles/Helicopters/Mi8/Mi8MT_base.xob') at <4559.891602 52.610081 5390.365723> @"{7BD282AF716ED639}Prefabs/Vehicles/Helicopters/Mi8MT/Mi8MT_armed.et"
00:29:43.896     SPAWN     (W): EmissiveLightSurfaceSlot couldn't find ParametricMaterialInstanceComponent at attached entity. Please check configuration of Light Manager at @"ENTITY:4611686018427435898" ('Vehicle','Assets/Vehicles/Helicopters/Mi8/Mi8MT_base.xob') at <4559.891602 52.610081 5390.365723> @"{7BD282AF716ED639}Prefabs/Vehicles/Helicopters/Mi8MT/Mi8MT_armed.et"
00:29:43.896     SPAWN     (W): EmissiveLightSurfaceSlot couldn't find ParametricMaterialInstanceComponent at attached entity. Please check configuration of Light Manager at @"ENTITY:4611686018427435898" ('Vehicle','Assets/Vehicles/Helicopters/Mi8/Mi8MT_base.xob') at <4559.891602 52.610081 5390.365723> @"{7BD282AF716ED639}Prefabs/Vehicles/Helicopters/Mi8MT/Mi8MT_armed.et"
00:29:51.137 WORLD        : UpdateEntities
00:29:51.138  RPL          : rpl::Pip::ProcessNetToGame
00:29:51.138   ENTITY       : SpawnEntityPrefab @"{7BD282AF716ED639}Prefabs/Vehicles/Helicopters/Mi8MT/Mi8MT_armed.et"
00:29:51.138    ENTITY       : Create entity @"ENTITY:4611686018427435978" ('Vehicle','Assets/Vehicles/Helicopters/Mi8/Mi8MT_base.xob') at <4560.773438 52.608135 5389.554688> @"{7BD282AF716ED639}Prefabs/Vehicles/Helicopters/Mi8MT/Mi8MT_armed.et"
00:29:51.138     SPAWN     (W): EmissiveLightSurfaceSlot couldn't find ParametricMaterialInstanceComponent at attached entity. Please check configuration of Light Manager at @"ENTITY:4611686018427435978" ('Vehicle','Assets/Vehicles/Helicopters/Mi8/Mi8MT_base.xob') at <4560.773438 52.608135 5389.554688> @"{7BD282AF716ED639}Prefabs/Vehicles/Helicopters/Mi8MT/Mi8MT_armed.et"
00:29:51.138     SPAWN     (W): EmissiveLightSurfaceSlot couldn't find ParametricMaterialInstanceComponent at attached entity. Please check configuration of Light Manager at @"ENTITY:4611686018427435978" ('Vehicle','Assets/Vehicles/Helicopters/Mi8/Mi8MT_base.xob') at <4560.773438 52.608135 5389.554688> @"{7BD282AF716ED639}Prefabs/Vehicles/Helicopters/Mi8MT/Mi8MT_armed.et"
00:29:51.138     SPAWN     (W): EmissiveLightSurfaceSlot couldn't find ParametricMaterialInstanceComponent at attached entity. Please check configuration of Light Manager at @"ENTITY:4611686018427435978" ('Vehicle','Assets/Vehicles/Helicopters/Mi8/Mi8MT_base.xob') at <4560.773438 52.608135 5389.554688> @"{7BD282AF716ED639}Prefabs/Vehicles/Helicopters/Mi8MT/Mi8MT_armed.et"
00:31:43.845 WORLD        : UpdateEntities
00:31:43.845  WORLD        : Frame
00:31:43.845   AI        (W): Stuck trying to get into vehicle. Reseting.. 
00:31:58.312 WORLD        : UpdateEntities
00:31:58.312  WORLD        : Frame
00:31:58.312   AI        (W): Stuck trying to get into vehicle. Reseting.. 
00:33:16.156 WORLD        : UpdateEntities
00:33:16.156  WORLD        : FixedFrame
00:33:16.156   ENTITY       : SpawnEntityPrefab @"{1BABF6B33DA0AEB6}Prefabs/Vehicles/Wheeled/Ural4320/Ural4320_command.et"
00:33:16.156    ENTITY       : Create entity @"ENTITY:4611686018427436412" ('Vehicle','Assets/Vehicles/Wheeled/Ural4320/Ural_4320_base.xob') at <5127.761719 52.839001 5491.432129> @"{1BABF6B33DA0AEB6}Prefabs/Vehicles/Wheeled/Ural4320/Ural4320_command.et"
00:33:16.156     ENTITY       : SpawnEntityPrefab @"{8A239DEA19509B1B}Prefabs/Vehicles/Core/VirtualSlots/Radio_VirtualArsenalSlot.et"
00:33:16.156      WORLD        : InitEntities 'world'
00:33:16.156       ENTITY       : Init entity @"ENTITY:4611686018427436453" ('GenericEntity') at <5127.761719 52.839001 5491.432129> @"{8A239DEA19509B1B}Prefabs/Vehicles/Core/VirtualSlots/Radio_VirtualArsenalSlot.et"
00:33:16.156        RPL       (E): RpcError: Calling a RPC from an unregistered item! itemType='script::Game::SCR_ArsenalComponent', rpc='SetArsenalEnabledBroadcast'
00:33:16.519 WORLD        : UpdateEntities
00:33:16.519  WORLD        : FixedFrame
00:33:16.519   SCRIPT    (E): ScenarioFramework: Object GenericEntity<0x00007F3A51273BB0> @"ENTITY:4611686018427389230" ('GenericEntity','Assets/Props/Civilian/Photos/Photo_02.xob') at <7021.383789 102.721008 8392.514648> @"{FB7B837BB0F11443}Prefabs/Props/Civilian/Photos/CombatOps_Polaroid_02.et" already exists and won't be spawned for Slot241, exiting...
00:33:16.729 WORLD        : UpdateEntities
00:33:16.729  WORLD        : FixedFrame
00:33:16.729   SCRIPT    (E): ScenarioFramework: Object GenericEntity<0x00007F3A51273DD0> @"ENTITY:4611686018427389232" ('GenericEntity','Assets/Props/Civilian/Photos/Photo_02.xob') at <4823.916992 87.959000 4436.767578> @"{FB7B837BB0F11443}Prefabs/Props/Civilian/Photos/CombatOps_Polaroid_02.et" already exists and won't be spawned for Slot242, exiting...
00:33:18.030 WORLD        : UpdateEntities
00:33:18.030  WORLD        : FixedFrame
00:33:18.030   SCRIPT    (E): ScenarioFramework: Object Vehicle<0x00007F3A5124F5D0> @"ENTITY:4611686018427416089" ('Vehicle','Assets/Vehicles/Wheeled/UAZ452/UAZ452_base.xob') at <5094.302734 53.666561 5469.508789> @"{43C4AF1EEBD001CE}Prefabs/Vehicles/Wheeled/UAZ452/UAZ452_ambulance.et" already exists and won't be spawned for MedicalTruck_Figari, exiting...
00:33:32.561 WORLD        : UpdateEntities
00:33:32.562  WORLD        : FixedFrame
00:33:32.562   SCRIPT    (E): ScenarioFramework: Object Vehicle<0x00007F398A17B310> @"ENTITY:4611686018427435505" ('Vehicle','Assets/Vehicles/Wheeled/S105/S105_base.xob') at <5240.950684 55.726013 5429.385254> @"{A6B0D2923262E755}Prefabs/Vehicles/Wheeled/S105/S105_yellow.et" already exists and won't be spawned for Slot_364, exiting...
00:33:55.897 WORLD        : UpdateEntities
00:33:55.897  WORLD        : FixedFrame
00:33:55.897   SCRIPT    (E): SCR_InstigatorContextData: instigatorType: 'INSTIGATOR_OTHER' is not supported!
00:33:56.049 WORLD        : UpdateEntities
00:33:56.049  WORLD        : FixedFrame
00:33:56.049   SCRIPT    (E): SCR_InstigatorContextData: instigatorType: 'INSTIGATOR_OTHER' is not supported!
00:33:56.571 WORLD        : UpdateEntities
00:33:56.571  WORLD        : Frame
00:33:56.571   ENTITY       : SpawnEntityPrefab @"{23ADBBC31B6A3DC6}Prefabs/Characters/Factions/OPFOR/USSR_Army/Character_USSR_AR.et"
00:33:56.571    WORLD        : InitEntities 'world'
00:33:56.571     ENTITY       : Init entity @"ENTITY:4611686018427437865" ('SCR_ChimeraCharacter','Assets/Characters/Basebody/Basebody_Male_01.xob') at <6091.775879 82.252411 5701.539062> @"{23ADBBC31B6A3DC6}Prefabs/Characters/Factions/OPFOR/USSR_Army/Character_USSR_AR.et"
00:33:56.571      INVENTORY (E): Couldn't insert item @"ENTITY:4611686018427437906" ('GenericEntity','Assets/Weapons/Magazines/RPK74/Magazine_45rnd_RPK74.xob') at <0.000000 0.000000 0.000000> @"{D78C667F59829717}Prefabs/Weapons/Magazines/Magazine_545x39_RPK_45rnd_4Ball_1Tracer.et" into storage @"ENTITY:4611686018427437883" ('GenericEntity','Assets/Items/Equipment/Accessories/Pouch_Soviet_45rnd_RPK74/Pouch_Soviet_45rnd_RPK74.xob') at <6091.866211 83.364479 5701.401367> @"{B6EEF03975F21E4E}Prefabs/Items/Equipment/Accessories/Pouch_Soviet_45rnd_RPK74/Pouch_Soviet_45rnd_RPK74.et" while spawning initial items inside the storage.
00:33:56.571      INVENTORY (E): Couldn't insert item @"ENTITY:4611686018427437907" ('GenericEntity','Assets/Weapons/Magazines/RPK74/Magazine_45rnd_RPK74.xob') at <0.000000 0.000000 0.000000> @"{D78C667F59829717}Prefabs/Weapons/Magazines/Magazine_545x39_RPK_45rnd_4Ball_1Tracer.et" into storage @"ENTITY:4611686018427437883" ('GenericEntity','Assets/Items/Equipment/Accessories/Pouch_Soviet_45rnd_RPK74/Pouch_Soviet_45rnd_RPK74.xob') at <6091.866211 83.364479 5701.401367> @"{B6EEF03975F21E4E}Prefabs/Items/Equipment/Accessories/Pouch_Soviet_45rnd_RPK74/Pouch_Soviet_45rnd_RPK74.et" while spawning initial items inside the storage.
00:33:56.571      INVENTORY (E): Couldn't insert item @"ENTITY:4611686018427437908" ('GenericEntity','Assets/Weapons/Magazines/RPK74/Magazine_45rnd_RPK74.xob') at <0.000000 0.000000 0.000000> @"{D78C667F59829717}Prefabs/Weapons/Magazines/Magazine_545x39_RPK_45rnd_4Ball_1Tracer.et" into storage @"ENTITY:4611686018427437883" ('GenericEntity','Assets/Items/Equipment/Accessories/Pouch_Soviet_45rnd_RPK74/Pouch_Soviet_45rnd_RPK74.xob') at <6091.866211 83.364479 5701.401367> @"{B6EEF03975F21E4E}Prefabs/Items/Equipment/Accessories/Pouch_Soviet_45rnd_RPK74/Pouch_Soviet_45rnd_RPK74.et" while spawning initial items inside the storage.
00:33:56.571      INVENTORY (E): Couldn't insert item @"ENTITY:4611686018427437909" ('GenericEntity','Assets/Weapons/Magazines/RPK74/Magazine_45rnd_RPK74.xob') at <0.000000 0.000000 0.000000> @"{D78C667F59829717}Prefabs/Weapons/Magazines/Magazine_545x39_RPK_45rnd_4Ball_1Tracer.et" into storage @"ENTITY:4611686018427437883" ('GenericEntity','Assets/Items/Equipment/Accessories/Pouch_Soviet_45rnd_RPK74/Pouch_Soviet_45rnd_RPK74.xob') at <6091.866211 83.364479 5701.401367> @"{B6EEF03975F21E4E}Prefabs/Items/Equipment/Accessories/Pouch_Soviet_45rnd_RPK74/Pouch_Soviet_45rnd_RPK74.et" while spawning initial items inside the storage.
00:34:20.050 WORLD        : UpdateEntities
00:34:20.050  WORLD        : Frame
00:34:20.050   ENTITY       : SpawnEntityPrefab @"{23ADBBC31B6A3DC6}Prefabs/Characters/Factions/OPFOR/USSR_Army/Character_USSR_AR.et"
00:34:20.050    WORLD        : InitEntities 'world'
00:34:20.050     ENTITY       : Init entity @"ENTITY:4611686018427438105" ('SCR_ChimeraCharacter','Assets/Characters/Basebody/Basebody_Male_01.xob') at <7077.075684 119.484314 6044.101074> @"{23ADBBC31B6A3DC6}Prefabs/Characters/Factions/OPFOR/USSR_Army/Character_USSR_AR.et"
00:34:20.051      INVENTORY (E): Couldn't insert item @"ENTITY:4611686018427438146" ('GenericEntity','Assets/Weapons/Magazines/RPK74/Magazine_45rnd_RPK74.xob') at <0.000000 0.000000 0.000000> @"{D78C667F59829717}Prefabs/Weapons/Magazines/Magazine_545x39_RPK_45rnd_4Ball_1Tracer.et" into storage @"ENTITY:4611686018427438123" ('GenericEntity','Assets/Items/Equipment/Accessories/Pouch_Soviet_45rnd_RPK74/Pouch_Soviet_45rnd_RPK74.xob') at <7076.947754 120.596382 6044.204102> @"{B6EEF03975F21E4E}Prefabs/Items/Equipment/Accessories/Pouch_Soviet_45rnd_RPK74/Pouch_Soviet_45rnd_RPK74.et" while spawning initial items inside the storage.
00:34:20.051      INVENTORY (E): Couldn't insert item @"ENTITY:4611686018427438147" ('GenericEntity','Assets/Weapons/Magazines/RPK74/Magazine_45rnd_RPK74.xob') at <0.000000 0.000000 0.000000> @"{D78C667F59829717}Prefabs/Weapons/Magazines/Magazine_545x39_RPK_45rnd_4Ball_1Tracer.et" into storage @"ENTITY:4611686018427438123" ('GenericEntity','Assets/Items/Equipment/Accessories/Pouch_Soviet_45rnd_RPK74/Pouch_Soviet_45rnd_RPK74.xob') at <7076.947754 120.596382 6044.204102> @"{B6EEF03975F21E4E}Prefabs/Items/Equipment/Accessories/Pouch_Soviet_45rnd_RPK74/Pouch_Soviet_45rnd_RPK74.et" while spawning initial items inside the storage.
00:34:20.051      INVENTORY (E): Couldn't insert item @"ENTITY:4611686018427438148" ('GenericEntity','Assets/Weapons/Magazines/RPK74/Magazine_45rnd_RPK74.xob') at <0.000000 0.000000 0.000000> @"{D78C667F59829717}Prefabs/Weapons/Magazines/Magazine_545x39_RPK_45rnd_4Ball_1Tracer.et" into storage @"ENTITY:4611686018427438123" ('GenericEntity','Assets/Items/Equipment/Accessories/Pouch_Soviet_45rnd_RPK74/Pouch_Soviet_45rnd_RPK74.xob') at <7076.947754 120.596382 6044.204102> @"{B6EEF03975F21E4E}Prefabs/Items/Equipment/Accessories/Pouch_Soviet_45rnd_RPK74/Pouch_Soviet_45rnd_RPK74.et" while spawning initial items inside the storage.
00:34:20.051      INVENTORY (E): Couldn't insert item @"ENTITY:4611686018427438149" ('GenericEntity','Assets/Weapons/Magazines/RPK74/Magazine_45rnd_RPK74.xob') at <0.000000 0.000000 0.000000> @"{D78C667F59829717}Prefabs/Weapons/Magazines/Magazine_545x39_RPK_45rnd_4Ball_1Tracer.et" into storage @"ENTITY:4611686018427438123" ('GenericEntity','Assets/Items/Equipment/Accessories/Pouch_Soviet_45rnd_RPK74/Pouch_Soviet_45rnd_RPK74.xob') at <7076.947754 120.596382 6044.204102> @"{B6EEF03975F21E4E}Prefabs/Items/Equipment/Accessories/Pouch_Soviet_45rnd_RPK74/Pouch_Soviet_45rnd_RPK74.et" while spawning initial items inside the storage.
00:34:20.176 WORLD        : UpdateEntities
00:34:20.176  WORLD        : FixedFrame
00:34:20.177   SCRIPT    (E): ScenarioFramework Randomized Spawn: Applied labels resulted in no viable prefabs to be randomly selected for Slot_262_new.
00:34:20.187   SCRIPT    (E): ScenarioFramework Randomized Spawn: Applied labels resulted in no viable prefabs to be randomly selected for Slot_85.
00:34:23.243 PATHFINDING(W): Failed to create instance of custom link! Tile: [295, 248], link_idx: 8
00:34:39.926 WORLD        : UpdateEntities
00:34:39.926  WORLD        : Frame
00:34:39.926   ENTITY       : SpawnEntityPrefab @"{23ADBBC31B6A3DC6}Prefabs/Characters/Factions/OPFOR/USSR_Army/Character_USSR_AR.et"
00:34:39.926    WORLD        : InitEntities 'world'
00:34:39.926     ENTITY       : Init entity @"ENTITY:4611686018427438787" ('SCR_ChimeraCharacter','Assets/Characters/Basebody/Basebody_Male_01.xob') at <7435.444336 9.658262 6758.639160> @"{23ADBBC31B6A3DC6}Prefabs/Characters/Factions/OPFOR/USSR_Army/Character_USSR_AR.et"
00:34:39.926      INVENTORY (E): Couldn't insert item @"ENTITY:4611686018427438828" ('GenericEntity','Assets/Weapons/Magazines/RPK74/Magazine_45rnd_RPK74.xob') at <0.000000 0.000000 0.000000> @"{D78C667F59829717}Prefabs/Weapons/Magazines/Magazine_545x39_RPK_45rnd_4Ball_1Tracer.et" into storage @"ENTITY:4611686018427438805" ('GenericEntity','Assets/Items/Equipment/Accessories/Pouch_Soviet_45rnd_RPK74/Pouch_Soviet_45rnd_RPK74.xob') at <7435.316406 10.770334 6758.742188> @"{B6EEF03975F21E4E}Prefabs/Items/Equipment/Accessories/Pouch_Soviet_45rnd_RPK74/Pouch_Soviet_45rnd_RPK74.et" while spawning initial items inside the storage.
00:34:39.926      INVENTORY (E): Couldn't insert item @"ENTITY:4611686018427438829" ('GenericEntity','Assets/Weapons/Magazines/RPK74/Magazine_45rnd_RPK74.xob') at <0.000000 0.000000 0.000000> @"{D78C667F59829717}Prefabs/Weapons/Magazines/Magazine_545x39_RPK_45rnd_4Ball_1Tracer.et" into storage @"ENTITY:4611686018427438805" ('GenericEntity','Assets/Items/Equipment/Accessories/Pouch_Soviet_45rnd_RPK74/Pouch_Soviet_45rnd_RPK74.xob') at <7435.316406 10.770334 6758.742188> @"{B6EEF03975F21E4E}Prefabs/Items/Equipment/Accessories/Pouch_Soviet_45rnd_RPK74/Pouch_Soviet_45rnd_RPK74.et" while spawning initial items inside the storage.
00:34:39.926      INVENTORY (E): Couldn't insert item @"ENTITY:4611686018427438830" ('GenericEntity','Assets/Weapons/Magazines/RPK74/Magazine_45rnd_RPK74.xob') at <0.000000 0.000000 0.000000> @"{D78C667F59829717}Prefabs/Weapons/Magazines/Magazine_545x39_RPK_45rnd_4Ball_1Tracer.et" into storage @"ENTITY:4611686018427438805" ('GenericEntity','Assets/Items/Equipment/Accessories/Pouch_Soviet_45rnd_RPK74/Pouch_Soviet_45rnd_RPK74.xob') at <7435.316406 10.770334 6758.742188> @"{B6EEF03975F21E4E}Prefabs/Items/Equipment/Accessories/Pouch_Soviet_45rnd_RPK74/Pouch_Soviet_45rnd_RPK74.et" while spawning initial items inside the storage.
00:34:39.926      INVENTORY (E): Couldn't insert item @"ENTITY:4611686018427438831" ('GenericEntity','Assets/Weapons/Magazines/RPK74/Magazine_45rnd_RPK74.xob') at <0.000000 0.000000 0.000000> @"{D78C667F59829717}Prefabs/Weapons/Magazines/Magazine_545x39_RPK_45rnd_4Ball_1Tracer.et" into storage @"ENTITY:4611686018427438805" ('GenericEntity','Assets/Items/Equipment/Accessories/Pouch_Soviet_45rnd_RPK74/Pouch_Soviet_45rnd_RPK74.xob') at <7435.316406 10.770334 6758.742188> @"{B6EEF03975F21E4E}Prefabs/Items/Equipment/Accessories/Pouch_Soviet_45rnd_RPK74/Pouch_Soviet_45rnd_RPK74.et" while spawning initial items inside the storage.
00:34:40.458 WORLD        : UpdateEntities
00:34:40.458  WORLD        : FixedFrame
00:34:40.458   ENTITY       : SpawnEntityPrefab @"{43C4AF1EEBD001CE}Prefabs/Vehicles/Wheeled/UAZ452/UAZ452_ambulance.et"
00:34:40.458    ENTITY       : Create entity @"ENTITY:4611686018427439591" ('Vehicle','Assets/Vehicles/Wheeled/UAZ452/UAZ452_base.xob') at <7471.927246 7.717999 6703.323242> @"{43C4AF1EEBD001CE}Prefabs/Vehicles/Wheeled/UAZ452/UAZ452_ambulance.et"
00:34:40.458     ENTITY       : SpawnEntityPrefab @"{65F17676960CBF58}Prefabs/Vehicles/Core/VirtualSlots/Ambulance_VirtualArsenalSlot.et"
00:34:40.458      WORLD        : InitEntities 'world'
00:34:40.458       ENTITY       : Init entity @"ENTITY:4611686018427439634" ('GenericEntity') at <7471.927246 7.717999 6703.323242> @"{65F17676960CBF58}Prefabs/Vehicles/Core/VirtualSlots/Ambulance_VirtualArsenalSlot.et"
00:34:40.458        RPL       (E): RpcError: Calling a RPC from an unregistered item! itemType='script::Game::SCR_ArsenalComponent', rpc='SetArsenalEnabledBroadcast'
00:35:20.186 WORLD        : Frame start
00:35:20.186  NETWORK      : PerformActions
00:35:20.186   SCRIPT    (E): DataCollectorDriveModule: Pilot died but according to the compartmentManager there's no pilot. !!!
00:36:45.641 WORLD        : UpdateEntities
00:36:45.641  WORLD        : PostFrame
00:36:45.641   NETWORK   (W): Did not find id = 0x8000D215 item = @"ENTITY:4611686018427415193" ('GenericEntity','Assets/Weapons/Magazines/SVD/Magazine_10rnd_SVD.xob') at <7571.110352 -17.542091 6886.720703> @"{9CCB46C6EE632C1A}Prefabs/Weapons/Magazines/Magazine_762x54_SVD_10rnd_Sniper.et" in Spatial Map at <   8;   7> 
00:38:15.887 WORLD        : UpdateEntities
00:38:15.887  WORLD        : FixedFrame
00:38:15.887   SCRIPT    (E): ScenarioFramework: Object SCR_SpawnPoint<0x0000000046CBABB0> @"ENTITY:4611686018427413080" ('SCR_SpawnPoint') at <4562.170898 54.011002 5434.766113> @"{72713ED566A531F3}PrefabsEditable/SpawnPoints/E_SpawnPoint_FIA.et" already exists and won't be spawned for spawn, exiting...
00:38:16.053 WORLD        : UpdateEntities
00:38:16.053  WORLD        : FixedFrame
00:38:16.053   SCRIPT    (E): ScenarioFramework: Object GenericEntity<0x00007F398A5DFBB0> @"ENTITY:4611686018427435029" ('GenericEntity','Assets/Items/Fuel/Jerrycan_01/Jerrycan_01.xob') at <4556.662109 54.048000 5439.791992> @"{12D5AD21E383B768}Prefabs/Items/Fuel/Jerrycan_01/Jerrycan_01_item.et" already exists and won't be spawned for Slot1404, exiting...
00:38:16.321 WORLD        : UpdateEntities
00:38:16.321  WORLD        : FixedFrame
00:38:16.321   SCRIPT    (E): ScenarioFramework: Object GenericEntity<0x00007F398A5DFCC0> @"ENTITY:4611686018427435031" ('GenericEntity','Assets/Weapons/Rifles/M16A2/M16A2_carbine_body.xob') at <4558.484863 54.526001 5434.702148> @"{E57DBDA5C50F07FF}Prefabs/Weapons/Rifles/M16/Rifle_M16A2_carbine_4x20.et" already exists and won't be spawned for Slot_437, exiting...
00:38:16.487 WORLD        : UpdateEntities
00:38:16.487  WORLD        : FixedFrame
00:38:16.487   SCRIPT    (E): ScenarioFramework: Object GenericEntity<0x0000000046A93660> @"ENTITY:4611686018427435036" ('GenericEntity','Assets/Weapons/Magazines/STANAG/Magazine_30rnd_STANAG.xob') at <4558.747070 54.521000 5434.957031> @"{D8F2CA92583B23D3}Prefabs/Weapons/Magazines/Magazine_556x45_STANAG_30rnd_M855_M856_Last_5Tracer.et" already exists and won't be spawned for Slot_438, exiting...
00:38:16.686 WORLD        : UpdateEntities
00:38:16.686  WORLD        : FixedFrame
00:38:16.686   SCRIPT    (E): ScenarioFramework: Object GenericEntity<0x0000000046A93EE0> @"ENTITY:4611686018427435037" ('GenericEntity','Assets/Weapons/Magazines/STANAG/Magazine_30rnd_STANAG.xob') at <4558.641113 54.521000 5434.975098> @"{D8F2CA92583B23D3}Prefabs/Weapons/Magazines/Magazine_556x45_STANAG_30rnd_M855_M856_Last_5Tracer.et" already exists and won't be spawned for Slot_439, exiting...
00:38:16.886 WORLD        : UpdateEntities
00:38:16.886  WORLD        : FixedFrame
00:38:16.886   SCRIPT    (E): ScenarioFramework: Object GenericEntity<0x0000000046A92450> @"ENTITY:4611686018427435038" ('GenericEntity','Assets/Weapons/Magazines/STANAG/Magazine_30rnd_STANAG.xob') at <4558.520996 54.521000 5434.996094> @"{D8F2CA92583B23D3}Prefabs/Weapons/Magazines/Magazine_556x45_STANAG_30rnd_M855_M856_Last_5Tracer.et" already exists and won't be spawned for Slot_440, exiting...
00:38:17.086 WORLD        : UpdateEntities
00:38:17.086  WORLD        : FixedFrame
00:38:17.086   SCRIPT    (E): ScenarioFramework: Object GenericEntity<0x0000000046A91020> @"ENTITY:4611686018427435039" ('GenericEntity','Assets/Weapons/Magazines/STANAG/Magazine_30rnd_STANAG.xob') at <4558.384766 54.521000 5434.993164> @"{D8F2CA92583B23D3}Prefabs/Weapons/Magazines/Magazine_556x45_STANAG_30rnd_M855_M856_Last_5Tracer.et" already exists and won't be spawned for Slot_441, exiting...
00:38:17.286 WORLD        : UpdateEntities
00:38:17.286  WORLD        : FixedFrame
00:38:17.286   SCRIPT    (E): ScenarioFramework: Object GenericEntity<0x0000000046A91BD0> @"ENTITY:4611686018427435040" ('GenericEntity','Assets/Weapons/MachineGuns/M249/M249_body.xob') at <4558.882812 54.111000 5435.543945> @"{D2B48DEBEF38D7D7}Prefabs/Weapons/MachineGuns/M249/MG_M249.et" already exists and won't be spawned for Slot_453, exiting...
00:38:26.416 PATHFINDING(W): Failed to create instance of custom link! Tile: [303, 282], link_idx: 1
00:38:42.691 WORLD        : UpdateEntities
00:38:42.691  WORLD        : Frame
00:38:42.691   ENTITY       : SpawnEntityPrefab @"{23ADBBC31B6A3DC6}Prefabs/Characters/Factions/OPFOR/USSR_Army/Character_USSR_AR.et"
00:38:42.691    WORLD        : InitEntities 'world'
00:38:42.691     ENTITY       : Init entity @"ENTITY:4611686018427444102" ('SCR_ChimeraCharacter','Assets/Characters/Basebody/Basebody_Male_01.xob') at <7193.818359 55.062336 7193.102051> @"{23ADBBC31B6A3DC6}Prefabs/Characters/Factions/OPFOR/USSR_Army/Character_USSR_AR.et"
00:38:42.691      INVENTORY (E): Couldn't insert item @"ENTITY:4611686018427444143" ('GenericEntity','Assets/Weapons/Magazines/RPK74/Magazine_45rnd_RPK74.xob') at <0.000000 0.000000 0.000000> @"{D78C667F59829717}Prefabs/Weapons/Magazines/Magazine_545x39_RPK_45rnd_4Ball_1Tracer.et" into storage @"ENTITY:4611686018427444120" ('GenericEntity','Assets/Items/Equipment/Accessories/Pouch_Soviet_45rnd_RPK74/Pouch_Soviet_45rnd_RPK74.xob') at <7193.977051 56.174408 7193.057617> @"{B6EEF03975F21E4E}Prefabs/Items/Equipment/Accessories/Pouch_Soviet_45rnd_RPK74/Pouch_Soviet_45rnd_RPK74.et" while spawning initial items inside the storage.
00:38:42.692      INVENTORY (E): Couldn't insert item @"ENTITY:4611686018427444144" ('GenericEntity','Assets/Weapons/Magazines/RPK74/Magazine_45rnd_RPK74.xob') at <0.000000 0.000000 0.000000> @"{D78C667F59829717}Prefabs/Weapons/Magazines/Magazine_545x39_RPK_45rnd_4Ball_1Tracer.et" into storage @"ENTITY:4611686018427444120" ('GenericEntity','Assets/Items/Equipment/Accessories/Pouch_Soviet_45rnd_RPK74/Pouch_Soviet_45rnd_RPK74.xob') at <7193.977051 56.174408 7193.057617> @"{B6EEF03975F21E4E}Prefabs/Items/Equipment/Accessories/Pouch_Soviet_45rnd_RPK74/Pouch_Soviet_45rnd_RPK74.et" while spawning initial items inside the storage.
00:38:42.692      INVENTORY (E): Couldn't insert item @"ENTITY:4611686018427444145" ('GenericEntity','Assets/Weapons/Magazines/RPK74/Magazine_45rnd_RPK74.xob') at <0.000000 0.000000 0.000000> @"{D78C667F59829717}Prefabs/Weapons/Magazines/Magazine_545x39_RPK_45rnd_4Ball_1Tracer.et" into storage @"ENTITY:4611686018427444120" ('GenericEntity','Assets/Items/Equipment/Accessories/Pouch_Soviet_45rnd_RPK74/Pouch_Soviet_45rnd_RPK74.xob') at <7193.977051 56.174408 7193.057617> @"{B6EEF03975F21E4E}Prefabs/Items/Equipment/Accessories/Pouch_Soviet_45rnd_RPK74/Pouch_Soviet_45rnd_RPK74.et" while spawning initial items inside the storage.
00:38:42.692      INVENTORY (E): Couldn't insert item @"ENTITY:4611686018427444146" ('GenericEntity','Assets/Weapons/Magazines/RPK74/Magazine_45rnd_RPK74.xob') at <0.000000 0.000000 0.000000> @"{D78C667F59829717}Prefabs/Weapons/Magazines/Magazine_545x39_RPK_45rnd_4Ball_1Tracer.et" into storage @"ENTITY:4611686018427444120" ('GenericEntity','Assets/Items/Equipment/Accessories/Pouch_Soviet_45rnd_RPK74/Pouch_Soviet_45rnd_RPK74.xob') at <7193.977051 56.174408 7193.057617> @"{B6EEF03975F21E4E}Prefabs/Items/Equipment/Accessories/Pouch_Soviet_45rnd_RPK74/Pouch_Soviet_45rnd_RPK74.et" while spawning initial items inside the storage.
00:38:45.482 PATHFINDING(W): Failed to create instance of custom link! Tile: [303, 282], link_idx: 1
00:38:47.214 PATHFINDING(W): Failed to create instance of custom link! Tile: [303, 282], link_idx: 1
00:39:55.007 WORLD        : UpdateEntities
00:39:55.007  WORLD        : Frame
00:39:55.008   ENTITY       : SpawnEntityPrefab @"{23ADBBC31B6A3DC6}Prefabs/Characters/Factions/OPFOR/USSR_Army/Character_USSR_AR.et"
00:39:55.008    WORLD        : InitEntities 'world'
00:39:55.008     ENTITY       : Init entity @"ENTITY:4611686018427445328" ('SCR_ChimeraCharacter','Assets/Characters/Basebody/Basebody_Male_01.xob') at <7147.208008 86.025978 6572.537109> @"{23ADBBC31B6A3DC6}Prefabs/Characters/Factions/OPFOR/USSR_Army/Character_USSR_AR.et"
00:39:55.008      INVENTORY (E): Couldn't insert item @"ENTITY:4611686018427445369" ('GenericEntity','Assets/Weapons/Magazines/RPK74/Magazine_45rnd_RPK74.xob') at <0.000000 0.000000 0.000000> @"{D78C667F59829717}Prefabs/Weapons/Magazines/Magazine_545x39_RPK_45rnd_4Ball_1Tracer.et" into storage @"ENTITY:4611686018427445346" ('GenericEntity','Assets/Items/Equipment/Accessories/Pouch_Soviet_45rnd_RPK74/Pouch_Soviet_45rnd_RPK74.xob') at <7147.243652 87.138046 6572.697754> @"{B6EEF03975F21E4E}Prefabs/Items/Equipment/Accessories/Pouch_Soviet_45rnd_RPK74/Pouch_Soviet_45rnd_RPK74.et" while spawning initial items inside the storage.
00:39:55.008      INVENTORY (E): Couldn't insert item @"ENTITY:4611686018427445370" ('GenericEntity','Assets/Weapons/Magazines/RPK74/Magazine_45rnd_RPK74.xob') at <0.000000 0.000000 0.000000> @"{D78C667F59829717}Prefabs/Weapons/Magazines/Magazine_545x39_RPK_45rnd_4Ball_1Tracer.et" into storage @"ENTITY:4611686018427445346" ('GenericEntity','Assets/Items/Equipment/Accessories/Pouch_Soviet_45rnd_RPK74/Pouch_Soviet_45rnd_RPK74.xob') at <7147.243652 87.138046 6572.697754> @"{B6EEF03975F21E4E}Prefabs/Items/Equipment/Accessories/Pouch_Soviet_45rnd_RPK74/Pouch_Soviet_45rnd_RPK74.et" while spawning initial items inside the storage.
00:39:55.008      INVENTORY (E): Couldn't insert item @"ENTITY:4611686018427445371" ('GenericEntity','Assets/Weapons/Magazines/RPK74/Magazine_45rnd_RPK74.xob') at <0.000000 0.000000 0.000000> @"{D78C667F59829717}Prefabs/Weapons/Magazines/Magazine_545x39_RPK_45rnd_4Ball_1Tracer.et" into storage @"ENTITY:4611686018427445346" ('GenericEntity','Assets/Items/Equipment/Accessories/Pouch_Soviet_45rnd_RPK74/Pouch_Soviet_45rnd_RPK74.xob') at <7147.243652 87.138046 6572.697754> @"{B6EEF03975F21E4E}Prefabs/Items/Equipment/Accessories/Pouch_Soviet_45rnd_RPK74/Pouch_Soviet_45rnd_RPK74.et" while spawning initial items inside the storage.
00:39:55.008      INVENTORY (E): Couldn't insert item @"ENTITY:4611686018427445372" ('GenericEntity','Assets/Weapons/Magazines/RPK74/Magazine_45rnd_RPK74.xob') at <0.000000 0.000000 0.000000> @"{D78C667F59829717}Prefabs/Weapons/Magazines/Magazine_545x39_RPK_45rnd_4Ball_1Tracer.et" into storage @"ENTITY:4611686018427445346" ('GenericEntity','Assets/Items/Equipment/Accessories/Pouch_Soviet_45rnd_RPK74/Pouch_Soviet_45rnd_RPK74.xob') at <7147.243652 87.138046 6572.697754> @"{B6EEF03975F21E4E}Prefabs/Items/Equipment/Accessories/Pouch_Soviet_45rnd_RPK74/Pouch_Soviet_45rnd_RPK74.et" while spawning initial items inside the storage.
00:40:08.968 PATHFINDING(W): Failed to create instance of custom link! Tile: [303, 282], link_idx: 1
00:40:41.833 PATHFINDING(W): Failed to create instance of custom link! Tile: [303, 282], link_idx: 1
00:44:47.433 PATHFINDING(W): Failed to create instance of custom link! Tile: [303, 282], link_idx: 1
00:45:03.902 WORLD        : UpdateEntities
00:45:03.902  WORLD        : FixedFrame
00:45:03.902   SCRIPT    (E): ScenarioFramework: Object SCR_SpawnPoint<0x0000000046CBABB0> @"ENTITY:4611686018427413080" ('SCR_SpawnPoint') at <4562.170898 54.011002 5434.766113> @"{72713ED566A531F3}PrefabsEditable/SpawnPoints/E_SpawnPoint_FIA.et" already exists and won't be spawned for spawn, exiting...
00:45:04.069 WORLD        : UpdateEntities
00:45:04.069  WORLD        : FixedFrame
00:45:04.069   SCRIPT    (E): ScenarioFramework: Object GenericEntity<0x00007F398A5DFBB0> @"ENTITY:4611686018427435029" ('GenericEntity','Assets/Items/Fuel/Jerrycan_01/Jerrycan_01.xob') at <4556.662109 54.048000 5439.791992> @"{12D5AD21E383B768}Prefabs/Items/Fuel/Jerrycan_01/Jerrycan_01_item.et" already exists and won't be spawned for Slot1404, exiting...
00:45:04.202 WORLD        : UpdateEntities
00:45:04.202  WORLD        : FixedFrame
00:45:04.202   SCRIPT    (E): ScenarioFramework: Object GenericEntity<0x00007F398A5DFCC0> @"ENTITY:4611686018427435031" ('GenericEntity','Assets/Weapons/Rifles/M16A2/M16A2_carbine_body.xob') at <4558.484863 54.526001 5434.702148> @"{E57DBDA5C50F07FF}Prefabs/Weapons/Rifles/M16/Rifle_M16A2_carbine_4x20.et" already exists and won't be spawned for Slot_437, exiting...
00:45:04.369 WORLD        : UpdateEntities
00:45:04.369  WORLD        : FixedFrame
00:45:04.369   SCRIPT    (E): ScenarioFramework: Object GenericEntity<0x0000000046A93660> @"ENTITY:4611686018427435036" ('GenericEntity','Assets/Weapons/Magazines/STANAG/Magazine_30rnd_STANAG.xob') at <4558.747070 54.521000 5434.957031> @"{D8F2CA92583B23D3}Prefabs/Weapons/Magazines/Magazine_556x45_STANAG_30rnd_M855_M856_Last_5Tracer.et" already exists and won't be spawned for Slot_438, exiting...
00:45:04.570 WORLD        : UpdateEntities
00:45:04.570  WORLD        : FixedFrame
00:45:04.570   SCRIPT    (E): ScenarioFramework: Object GenericEntity<0x0000000046A93EE0> @"ENTITY:4611686018427435037" ('GenericEntity','Assets/Weapons/Magazines/STANAG/Magazine_30rnd_STANAG.xob') at <4558.641113 54.521000 5434.975098> @"{D8F2CA92583B23D3}Prefabs/Weapons/Magazines/Magazine_556x45_STANAG_30rnd_M855_M856_Last_5Tracer.et" already exists and won't be spawned for Slot_439, exiting...
00:45:04.769 WORLD        : UpdateEntities
00:45:04.769  WORLD        : FixedFrame
00:45:04.769   SCRIPT    (E): ScenarioFramework: Object GenericEntity<0x0000000046A92450> @"ENTITY:4611686018427435038" ('GenericEntity','Assets/Weapons/Magazines/STANAG/Magazine_30rnd_STANAG.xob') at <4558.520996 54.521000 5434.996094> @"{D8F2CA92583B23D3}Prefabs/Weapons/Magazines/Magazine_556x45_STANAG_30rnd_M855_M856_Last_5Tracer.et" already exists and won't be spawned for Slot_440, exiting...
00:45:04.969 WORLD        : UpdateEntities
00:45:04.969  WORLD        : FixedFrame
00:45:04.970   SCRIPT    (E): ScenarioFramework: Object GenericEntity<0x0000000046A91020> @"ENTITY:4611686018427435039" ('GenericEntity','Assets/Weapons/Magazines/STANAG/Magazine_30rnd_STANAG.xob') at <4558.384766 54.521000 5434.993164> @"{D8F2CA92583B23D3}Prefabs/Weapons/Magazines/Magazine_556x45_STANAG_30rnd_M855_M856_Last_5Tracer.et" already exists and won't be spawned for Slot_441, exiting...
00:45:05.170 WORLD        : UpdateEntities
00:45:05.170  WORLD        : FixedFrame
00:45:05.170   SCRIPT    (E): ScenarioFramework: Object GenericEntity<0x0000000046A91BD0> @"ENTITY:4611686018427435040" ('GenericEntity','Assets/Weapons/MachineGuns/M249/M249_body.xob') at <4558.882812 54.111000 5435.543945> @"{D2B48DEBEF38D7D7}Prefabs/Weapons/MachineGuns/M249/MG_M249.et" already exists and won't be spawned for Slot_453, exiting...
00:48:31.074 PATHFINDING(W): Failed to create instance of custom link! Tile: [303, 282], link_idx: 1
00:48:37.074 PATHFINDING(W): Failed to create instance of custom link! Tile: [303, 282], link_idx: 1
00:48:37.341 PATHFINDING(W): Failed to create instance of custom link! Tile: [303, 282], link_idx: 1
00:48:38.640 PATHFINDING(W): Failed to create instance of custom link! Tile: [303, 282], link_idx: 1
00:48:38.873 PATHFINDING(W): Failed to create instance of custom link! Tile: [303, 282], link_idx: 1
00:50:36.500 SCRIPT    (W): SCR_InstigatorContextData: No instigator type is set on Character death. It is likely that the KillerVictimRelation will be set to OTHER_DEATH which will not punish the victim for suicice.
00:50:58.818 PATHFINDING(W): Failed to create instance of custom link! Tile: [302, 285], link_idx: 4
00:51:00.252 PATHFINDING(W): Failed to create instance of custom link! Tile: [302, 285], link_idx: 4
00:51:19.920 WORLD        : UpdateEntities
00:51:19.920  WORLD        : FixedFrame
00:51:19.920   SCRIPT    (E): ScenarioFramework: Object SCR_SpawnPoint<0x0000000046CBABB0> @"ENTITY:4611686018427413080" ('SCR_SpawnPoint') at <4562.170898 54.011002 5434.766113> @"{72713ED566A531F3}PrefabsEditable/SpawnPoints/E_SpawnPoint_FIA.et" already exists and won't be spawned for spawn, exiting...
00:51:20.086 WORLD        : UpdateEntities
00:51:20.086  WORLD        : FixedFrame
00:51:20.086   SCRIPT    (E): ScenarioFramework: Object GenericEntity<0x00007F398A5DFBB0> @"ENTITY:4611686018427435029" ('GenericEntity','Assets/Items/Fuel/Jerrycan_01/Jerrycan_01.xob') at <4556.662109 54.048000 5439.791992> @"{12D5AD21E383B768}Prefabs/Items/Fuel/Jerrycan_01/Jerrycan_01_item.et" already exists and won't be spawned for Slot1404, exiting...
00:51:20.287 WORLD        : UpdateEntities
00:51:20.287  WORLD        : FixedFrame
00:51:20.287   SCRIPT    (E): ScenarioFramework: Object GenericEntity<0x00007F398A5DFCC0> @"ENTITY:4611686018427435031" ('GenericEntity','Assets/Weapons/Rifles/M16A2/M16A2_carbine_body.xob') at <4558.484863 54.526001 5434.702148> @"{E57DBDA5C50F07FF}Prefabs/Weapons/Rifles/M16/Rifle_M16A2_carbine_4x20.et" already exists and won't be spawned for Slot_437, exiting...
00:51:20.453 WORLD        : UpdateEntities
00:51:20.453  WORLD        : FixedFrame
00:51:20.453   SCRIPT    (E): ScenarioFramework: Object GenericEntity<0x0000000046A93660> @"ENTITY:4611686018427435036" ('GenericEntity','Assets/Weapons/Magazines/STANAG/Magazine_30rnd_STANAG.xob') at <4558.747070 54.521000 5434.957031> @"{D8F2CA92583B23D3}Prefabs/Weapons/Magazines/Magazine_556x45_STANAG_30rnd_M855_M856_Last_5Tracer.et" already exists and won't be spawned for Slot_438, exiting...
00:51:20.653 WORLD        : UpdateEntities
00:51:20.653  WORLD        : FixedFrame
00:51:20.653   SCRIPT    (E): ScenarioFramework: Object GenericEntity<0x0000000046A93EE0> @"ENTITY:4611686018427435037" ('GenericEntity','Assets/Weapons/Magazines/STANAG/Magazine_30rnd_STANAG.xob') at <4558.641113 54.521000 5434.975098> @"{D8F2CA92583B23D3}Prefabs/Weapons/Magazines/Magazine_556x45_STANAG_30rnd_M855_M856_Last_5Tracer.et" already exists and won't be spawned for Slot_439, exiting...
00:51:20.853 WORLD        : UpdateEntities
00:51:20.853  WORLD        : FixedFrame
00:51:20.853   SCRIPT    (E): ScenarioFramework: Object GenericEntity<0x0000000046A92450> @"ENTITY:4611686018427435038" ('GenericEntity','Assets/Weapons/Magazines/STANAG/Magazine_30rnd_STANAG.xob') at <4558.520996 54.521000 5434.996094> @"{D8F2CA92583B23D3}Prefabs/Weapons/Magazines/Magazine_556x45_STANAG_30rnd_M855_M856_Last_5Tracer.et" already exists and won't be spawned for Slot_440, exiting...
00:51:21.053 WORLD        : UpdateEntities
00:51:21.053  WORLD        : FixedFrame
00:51:21.053   SCRIPT    (E): ScenarioFramework: Object GenericEntity<0x0000000046A91020> @"ENTITY:4611686018427435039" ('GenericEntity','Assets/Weapons/Magazines/STANAG/Magazine_30rnd_STANAG.xob') at <4558.384766 54.521000 5434.993164> @"{D8F2CA92583B23D3}Prefabs/Weapons/Magazines/Magazine_556x45_STANAG_30rnd_M855_M856_Last_5Tracer.et" already exists and won't be spawned for Slot_441, exiting...
00:51:21.252 WORLD        : UpdateEntities
00:51:21.253  WORLD        : FixedFrame
00:51:21.253   SCRIPT    (E): ScenarioFramework: Object GenericEntity<0x0000000046A91BD0> @"ENTITY:4611686018427435040" ('GenericEntity','Assets/Weapons/MachineGuns/M249/M249_body.xob') at <4558.882812 54.111000 5435.543945> @"{D2B48DEBEF38D7D7}Prefabs/Weapons/MachineGuns/M249/MG_M249.et" already exists and won't be spawned for Slot_453, exiting...
00:51:28.951 PATHFINDING(W): Failed to create instance of custom link! Tile: [303, 282], link_idx: 1
00:51:29.217 PATHFINDING(W): Failed to create instance of custom link! Tile: [303, 282], link_idx: 1
00:51:30.618 PATHFINDING(W): Failed to create instance of custom link! Tile: [303, 282], link_idx: 1
00:54:39.968 WORLD        : UpdateEntities
00:54:39.969  WORLD        : Frame
00:54:39.969   ENTITY       : SpawnEntityPrefab @"{23ADBBC31B6A3DC6}Prefabs/Characters/Factions/OPFOR/USSR_Army/Character_USSR_AR.et"
00:54:39.969    WORLD        : InitEntities 'world'
00:54:39.969     ENTITY       : Init entity @"ENTITY:4611686018427451592" ('SCR_ChimeraCharacter','Assets/Characters/Basebody/Basebody_Male_01.xob') at <7077.075684 119.484314 6044.101074> @"{23ADBBC31B6A3DC6}Prefabs/Characters/Factions/OPFOR/USSR_Army/Character_USSR_AR.et"
00:54:39.969      INVENTORY (E): Couldn't insert item @"ENTITY:4611686018427451633" ('GenericEntity','Assets/Weapons/Magazines/RPK74/Magazine_45rnd_RPK74.xob') at <0.000000 0.000000 0.000000> @"{D78C667F59829717}Prefabs/Weapons/Magazines/Magazine_545x39_RPK_45rnd_4Ball_1Tracer.et" into storage @"ENTITY:4611686018427451610" ('GenericEntity','Assets/Items/Equipment/Accessories/Pouch_Soviet_45rnd_RPK74/Pouch_Soviet_45rnd_RPK74.xob') at <7076.947754 120.596382 6044.204102> @"{B6EEF03975F21E4E}Prefabs/Items/Equipment/Accessories/Pouch_Soviet_45rnd_RPK74/Pouch_Soviet_45rnd_RPK74.et" while spawning initial items inside the storage.
00:54:39.969      INVENTORY (E): Couldn't insert item @"ENTITY:4611686018427451634" ('GenericEntity','Assets/Weapons/Magazines/RPK74/Magazine_45rnd_RPK74.xob') at <0.000000 0.000000 0.000000> @"{D78C667F59829717}Prefabs/Weapons/Magazines/Magazine_545x39_RPK_45rnd_4Ball_1Tracer.et" into storage @"ENTITY:4611686018427451610" ('GenericEntity','Assets/Items/Equipment/Accessories/Pouch_Soviet_45rnd_RPK74/Pouch_Soviet_45rnd_RPK74.xob') at <7076.947754 120.596382 6044.204102> @"{B6EEF03975F21E4E}Prefabs/Items/Equipment/Accessories/Pouch_Soviet_45rnd_RPK74/Pouch_Soviet_45rnd_RPK74.et" while spawning initial items inside the storage.
00:54:39.969      INVENTORY (E): Couldn't insert item @"ENTITY:4611686018427451635" ('GenericEntity','Assets/Weapons/Magazines/RPK74/Magazine_45rnd_RPK74.xob') at <0.000000 0.000000 0.000000> @"{D78C667F59829717}Prefabs/Weapons/Magazines/Magazine_545x39_RPK_45rnd_4Ball_1Tracer.et" into storage @"ENTITY:4611686018427451610" ('GenericEntity','Assets/Items/Equipment/Accessories/Pouch_Soviet_45rnd_RPK74/Pouch_Soviet_45rnd_RPK74.xob') at <7076.947754 120.596382 6044.204102> @"{B6EEF03975F21E4E}Prefabs/Items/Equipment/Accessories/Pouch_Soviet_45rnd_RPK74/Pouch_Soviet_45rnd_RPK74.et" while spawning initial items inside the storage.
00:54:39.969      INVENTORY (E): Couldn't insert item @"ENTITY:4611686018427451636" ('GenericEntity','Assets/Weapons/Magazines/RPK74/Magazine_45rnd_RPK74.xob') at <0.000000 0.000000 0.000000> @"{D78C667F59829717}Prefabs/Weapons/Magazines/Magazine_545x39_RPK_45rnd_4Ball_1Tracer.et" into storage @"ENTITY:4611686018427451610" ('GenericEntity','Assets/Items/Equipment/Accessories/Pouch_Soviet_45rnd_RPK74/Pouch_Soviet_45rnd_RPK74.xob') at <7076.947754 120.596382 6044.204102> @"{B6EEF03975F21E4E}Prefabs/Items/Equipment/Accessories/Pouch_Soviet_45rnd_RPK74/Pouch_Soviet_45rnd_RPK74.et" while spawning initial items inside the storage.
00:54:40.228 WORLD        : UpdateEntities
00:54:40.228  WORLD        : FixedFrame
00:54:40.228   SCRIPT    (E): ScenarioFramework Randomized Spawn: Applied labels resulted in no viable prefabs to be randomly selected for Slot_262_new.
00:54:40.384 WORLD        : UpdateEntities
00:54:40.384  WORLD        : FixedFrame
00:54:40.384   SCRIPT    (E): ScenarioFramework Randomized Spawn: Applied labels resulted in no viable prefabs to be randomly selected for Slot_85.
00:56:30.061 WORLD        : UpdateEntities
00:56:30.061  RPL          : rpl::Pip::ProcessNetToGame
00:56:30.061   ENTITY       : SpawnEntityPrefab @"{32E77EC32ED2B6D1}Prefabs/Vehicles/Wheeled/Ural4320/Ural4320_Arsenal.et"
00:56:30.061    ENTITY       : Create entity @"ENTITY:4611686018427452208" ('Vehicle','Assets/Vehicles/Wheeled/Ural4320/Ural_4320_base.xob') at <6750.420898 89.363487 5620.450684> @"{32E77EC32ED2B6D1}Prefabs/Vehicles/Wheeled/Ural4320/Ural4320_Arsenal.et"
00:56:30.061     ENTITY       : SpawnEntityPrefab @"{2C01215170B0FFE0}Prefabs/Vehicles/Wheeled/Ural4320/VehParts/Ural4320_arsenal_box.et"
00:56:30.061      WORLD        : InitEntities 'world'
00:56:30.061       ENTITY       : Init entity @"ENTITY:4611686018427452237" ('GenericEntity','Assets/Vehicles/Wheeled/Ural4320/Ural_4320_cargo.xob') at <6750.420898 89.363487 5620.450684> @"{2C01215170B0FFE0}Prefabs/Vehicles/Wheeled/Ural4320/VehParts/Ural4320_arsenal_box.et"
00:56:30.061        RPL       (E): RpcError: Calling a RPC from an unregistered item! itemType='script::Game::SCR_ArsenalComponent', rpc='SetArsenalEnabledBroadcast'
00:58:55.398 WORLD        : UpdateEntities
00:58:55.398  RPL          : rpl::Pip::ProcessNetToGame
00:58:55.398   SCRIPT    (E): ScenarioFramework Action: Maximum number of activations reached for Action SCR_ScenarioFrameworkActionChangeTaskState<0x00007F398A1D37D0>. Action won't do anything.
00:58:55.398   SCRIPT    (E): ScenarioFramework Action: Maximum number of activations reached for Action SCR_ScenarioFrameworkActionChangeTaskState<0x00007F398A1D37D0>. Action won't do anything.
00:58:56.366 WORLD        : UpdateEntities
00:58:56.366  WORLD        : FixedFrame
00:58:56.366   SCRIPT    (E): ScenarioFramework Action: Maximum number of activations reached for Action SCR_ScenarioFrameworkActionRemoveItemFromInventory<0x00007F398A1D3820>. Action won't do anything.
00:58:56.367   SCRIPT    (E): ScenarioFramework Action: Maximum number of activations reached for Action SCR_ScenarioFrameworkActionRemoveItemFromInventory<0x00007F398A1D3820>. Action won't do anything.
01:00:32.356 WORLD        : UpdateEntities
01:00:32.356  WORLD        : Frame
01:00:32.356   ENTITY       : SpawnEntityPrefab @"{23ADBBC31B6A3DC6}Prefabs/Characters/Factions/OPFOR/USSR_Army/Character_USSR_AR.et"
01:00:32.356    WORLD        : InitEntities 'world'
01:00:32.356     ENTITY       : Init entity @"ENTITY:4611686018427453144" ('SCR_ChimeraCharacter','Assets/Characters/Basebody/Basebody_Male_01.xob') at <6097.134766 83.123703 5721.682617> @"{23ADBBC31B6A3DC6}Prefabs/Characters/Factions/OPFOR/USSR_Army/Character_USSR_AR.et"
01:00:32.356      INVENTORY (E): Couldn't insert item @"ENTITY:4611686018427453185" ('GenericEntity','Assets/Weapons/Magazines/RPK74/Magazine_45rnd_RPK74.xob') at <0.000000 0.000000 0.000000> @"{D78C667F59829717}Prefabs/Weapons/Magazines/Magazine_545x39_RPK_45rnd_4Ball_1Tracer.et" into storage @"ENTITY:4611686018427453162" ('GenericEntity','Assets/Items/Equipment/Accessories/Pouch_Soviet_45rnd_RPK74/Pouch_Soviet_45rnd_RPK74.xob') at <6097.225098 84.235771 5721.544922> @"{B6EEF03975F21E4E}Prefabs/Items/Equipment/Accessories/Pouch_Soviet_45rnd_RPK74/Pouch_Soviet_45rnd_RPK74.et" while spawning initial items inside the storage.
01:00:32.357      INVENTORY (E): Couldn't insert item @"ENTITY:4611686018427453186" ('GenericEntity','Assets/Weapons/Magazines/RPK74/Magazine_45rnd_RPK74.xob') at <0.000000 0.000000 0.000000> @"{D78C667F59829717}Prefabs/Weapons/Magazines/Magazine_545x39_RPK_45rnd_4Ball_1Tracer.et" into storage @"ENTITY:4611686018427453162" ('GenericEntity','Assets/Items/Equipment/Accessories/Pouch_Soviet_45rnd_RPK74/Pouch_Soviet_45rnd_RPK74.xob') at <6097.225098 84.235771 5721.544922> @"{B6EEF03975F21E4E}Prefabs/Items/Equipment/Accessories/Pouch_Soviet_45rnd_RPK74/Pouch_Soviet_45rnd_RPK74.et" while spawning initial items inside the storage.
01:00:32.357      INVENTORY (E): Couldn't insert item @"ENTITY:4611686018427453187" ('GenericEntity','Assets/Weapons/Magazines/RPK74/Magazine_45rnd_RPK74.xob') at <0.000000 0.000000 0.000000> @"{D78C667F59829717}Prefabs/Weapons/Magazines/Magazine_545x39_RPK_45rnd_4Ball_1Tracer.et" into storage @"ENTITY:4611686018427453162" ('GenericEntity','Assets/Items/Equipment/Accessories/Pouch_Soviet_45rnd_RPK74/Pouch_Soviet_45rnd_RPK74.xob') at <6097.225098 84.235771 5721.544922> @"{B6EEF03975F21E4E}Prefabs/Items/Equipment/Accessories/Pouch_Soviet_45rnd_RPK74/Pouch_Soviet_45rnd_RPK74.et" while spawning initial items inside the storage.
01:00:32.357      INVENTORY (E): Couldn't insert item @"ENTITY:4611686018427453188" ('GenericEntity','Assets/Weapons/Magazines/RPK74/Magazine_45rnd_RPK74.xob') at <0.000000 0.000000 0.000000> @"{D78C667F59829717}Prefabs/Weapons/Magazines/Magazine_545x39_RPK_45rnd_4Ball_1Tracer.et" into storage @"ENTITY:4611686018427453162" ('GenericEntity','Assets/Items/Equipment/Accessories/Pouch_Soviet_45rnd_RPK74/Pouch_Soviet_45rnd_RPK74.xob') at <6097.225098 84.235771 5721.544922> @"{B6EEF03975F21E4E}Prefabs/Items/Equipment/Accessories/Pouch_Soviet_45rnd_RPK74/Pouch_Soviet_45rnd_RPK74.et" while spawning initial items inside the storage.
01:00:56.373 WORLD        : UpdateEntities
01:00:56.373  WORLD        : FixedFrame
01:00:56.373   ENTITY       : SpawnEntityPrefab @"{1BABF6B33DA0AEB6}Prefabs/Vehicles/Wheeled/Ural4320/Ural4320_command.et"
01:00:56.373    ENTITY       : Create entity @"ENTITY:4611686018427453469" ('Vehicle','Assets/Vehicles/Wheeled/Ural4320/Ural_4320_base.xob') at <5127.761719 52.839001 5491.432129> @"{1BABF6B33DA0AEB6}Prefabs/Vehicles/Wheeled/Ural4320/Ural4320_command.et"
01:00:56.373     ENTITY       : SpawnEntityPrefab @"{8A239DEA19509B1B}Prefabs/Vehicles/Core/VirtualSlots/Radio_VirtualArsenalSlot.et"
01:00:56.373      WORLD        : InitEntities 'world'
01:00:56.373       ENTITY       : Init entity @"ENTITY:4611686018427453510" ('GenericEntity') at <5127.761719 52.839001 5491.432129> @"{8A239DEA19509B1B}Prefabs/Vehicles/Core/VirtualSlots/Radio_VirtualArsenalSlot.et"
01:00:56.373        RPL       (E): RpcError: Calling a RPC from an unregistered item! itemType='script::Game::SCR_ArsenalComponent', rpc='SetArsenalEnabledBroadcast'
01:00:56.545 WORLD        : UpdateEntities
01:00:56.546  WORLD        : FixedFrame
01:00:56.546   SCRIPT    (E): ScenarioFramework: Object Vehicle<0x00007F398A17B310> @"ENTITY:4611686018427435505" ('Vehicle','Assets/Vehicles/Wheeled/S105/S105_base.xob') at <5240.950684 55.726013 5429.385254> @"{A6B0D2923262E755}Prefabs/Vehicles/Wheeled/S105/S105_yellow.et" already exists and won't be spawned for Slot_364, exiting...
01:00:56.746 WORLD        : UpdateEntities
01:00:56.746  WORLD        : FixedFrame
01:00:56.746   SCRIPT    (E): ScenarioFramework: Object GenericEntity<0x00007F3A51273BB0> @"ENTITY:4611686018427389230" ('GenericEntity','Assets/Props/Civilian/Photos/Photo_02.xob') at <7021.383789 102.721008 8392.514648> @"{FB7B837BB0F11443}Prefabs/Props/Civilian/Photos/CombatOps_Polaroid_02.et" already exists and won't be spawned for Slot241, exiting...
01:00:56.954 WORLD        : UpdateEntities
01:00:56.954  WORLD        : FixedFrame
01:00:56.954   SCRIPT    (E): ScenarioFramework: Object GenericEntity<0x00007F3A51273DD0> @"ENTITY:4611686018427389232" ('GenericEntity','Assets/Props/Civilian/Photos/Photo_02.xob') at <4823.916992 87.959000 4436.767578> @"{FB7B837BB0F11443}Prefabs/Props/Civilian/Photos/CombatOps_Polaroid_02.et" already exists and won't be spawned for Slot242, exiting...
01:00:58.112 WORLD        : UpdateEntities
01:00:58.112  WORLD        : FixedFrame
01:00:58.112   SCRIPT    (E): ScenarioFramework: Object Vehicle<0x00007F3A5124F5D0> @"ENTITY:4611686018427416089" ('Vehicle','Assets/Vehicles/Wheeled/UAZ452/UAZ452_base.xob') at <5094.302734 53.666561 5469.508789> @"{43C4AF1EEBD001CE}Prefabs/Vehicles/Wheeled/UAZ452/UAZ452_ambulance.et" already exists and won't be spawned for MedicalTruck_Figari, exiting...
01:01:36.510 WORLD        : UpdateEntities
01:01:36.510  WORLD        : FixedFrame
01:01:36.510   SCRIPT    (E): ScenarioFramework Action: Entity not found for Action SCR_ScenarioFrameworkActionKillEntity<0x00007F398A1D18E0> attached on Slot471.
01:02:43.646 RPL       (E): RpcError: Calling a RPC from an unregistered item! itemType='script::Game::SCR_EditableFactionComponent', rpc='OnTaskCountChangedBroadcast'
01:02:43.647 RPL       (E): RpcError: Calling a RPC from an unregistered item! itemType='script::Game::SCR_EditableFactionComponent', rpc='OnTaskCountChangedBroadcast'
01:02:43.647 RPL       (E): RpcError: Calling a RPC from an unregistered item! itemType='script::Game::SCR_EditableFactionComponent', rpc='OnTaskCountChangedBroadcast'
01:02:43.647 RPL       (E): RpcError: Calling a RPC from an unregistered item! itemType='script::Game::SCR_EditableFactionComponent', rpc='OnTaskCountChangedBroadcast'
01:02:43.649 RPL       (E): RpcError: Calling a RPC from an unregistered item! itemType='script::Game::SCR_EditableFactionComponent', rpc='OnTaskCountChangedBroadcast'
01:02:43.763 RPL       (E): RpcError: Calling a RPC from an unregistered item! itemType='script::Game::SCR_MapMarkerManagerComponent', rpc='RPC_DoRemoveStaticMarker'
01:02:43.809 RPL       (E): RpcError: Calling a RPC from an unregistered item! itemType='script::Game::SCR_MapMarkerManagerComponent', rpc='RPC_DoRemoveStaticMarker'
01:02:43.838 RPL       (E): RpcError: Calling a RPC from an unregistered item! itemType='script::Game::SCR_MapMarkerManagerComponent', rpc='RPC_DoRemoveStaticMarker'
01:02:43.865 RPL       (E): RpcError: Calling a RPC from an unregistered item! itemType='script::Game::SCR_MapMarkerManagerComponent', rpc='RPC_DoRemoveStaticMarker'
01:02:43.876 RPL       (E): RpcError: Calling a RPC from an unregistered item! itemType='script::Game::SCR_MapMarkerManagerComponent', rpc='RPC_DoRemoveStaticMarker'
01:02:43.918 RPL       (E): RpcError: Calling a RPC from an unregistered item! itemType='script::Game::SCR_MapMarkerManagerComponent', rpc='RPC_DoRemoveStaticMarker'
01:02:43.969 RPL       (E): RpcError: Calling a RPC from an unregistered item! itemType='script::Game::SCR_MapMarkerManagerComponent', rpc='RPC_DoRemoveStaticMarker'
01:02:43.973 RPL       (E): RpcError: Calling a RPC from an unregistered item! itemType='script::Game::SCR_EditableFactionComponent', rpc='OnSpawnPointCountChangedBroadcast'
01:02:43.978 RPL       (E): RpcError: Calling a RPC from an unregistered item! itemType='script::Game::SCR_MapMarkerManagerComponent', rpc='RPC_DoRemoveStaticMarker'
01:02:44.028 RPL       (E): RpcError: Calling a RPC from an unregistered item! itemType='script::Game::SCR_MapMarkerManagerComponent', rpc='RPC_DoRemoveStaticMarker'
01:02:44.101 RPL       (E): RpcError: Calling a RPC from an unregistered item! itemType='script::Game::SCR_EditableFactionComponent', rpc='OnSpawnPointCountChangedBroadcast'
01:02:44.126 RPL       (E): RpcError: Calling a RPC from an unregistered item! itemType='script::Game::SCR_MapMarkerManagerComponent', rpc='RPC_DoRemoveStaticMarker'
01:02:44.136 RPL       (E): RpcError: Calling a RPC from an unregistered item! itemType='script::Game::SCR_MapMarkerManagerComponent', rpc='RPC_DoRemoveStaticMarker'
01:02:44.157 RPL       (E): RpcError: Calling a RPC from an unregistered item! itemType='script::Game::SCR_MapMarkerManagerComponent', rpc='RPC_DoRemoveStaticMarker'
01:02:44.193 RPL       (E): RpcError: Calling a RPC from an unregistered item! itemType='script::Game::SCR_MapMarkerManagerComponent', rpc='RPC_DoRemoveStaticMarker'
01:02:44.212 RPL       (E): RpcError: Calling a RPC from an unregistered item! itemType='script::Game::SCR_MapMarkerManagerComponent', rpc='RPC_DoRemoveStaticMarker'
01:02:44.220 RPL       (E): RpcError: Calling a RPC from an unregistered item! itemType='script::Game::SCR_MapMarkerManagerComponent', rpc='RPC_DoRemoveStaticMarker'
01:02:44.281 RPL       (E): RpcError: Calling a RPC from an unregistered item! itemType='script::Game::SCR_MapMarkerManagerComponent', rpc='RPC_DoRemoveStaticMarker'
01:02:44.321 RPL       (E): RpcError: Calling a RPC from an unregistered item! itemType='script::Game::SCR_MapMarkerManagerComponent', rpc='RPC_DoRemoveStaticMarker'
01:02:44.325 RPL       (E): RpcError: Calling a RPC from an unregistered item! itemType='script::Game::SCR_MapMarkerManagerComponent', rpc='RPC_DoRemoveStaticMarker'
01:02:44.369 RPL       (E): RpcError: Calling a RPC from an unregistered item! itemType='script::Game::SCR_MapMarkerManagerComponent', rpc='RPC_DoRemoveStaticMarker'
01:02:44.387 RPL       (E): RpcError: Calling a RPC from an unregistered item! itemType='script::Game::SCR_MapMarkerManagerComponent', rpc='RPC_DoRemoveStaticMarker'
01:02:44.521 RPL       (E): RpcError: Calling a RPC from an unregistered item! itemType='script::Game::SCR_MapMarkerManagerComponent', rpc='RPC_DoRemoveStaticMarker'
01:02:44.589 RPL       (E): RpcError: Calling a RPC from an unregistered item! itemType='script::Game::SCR_MapMarkerManagerComponent', rpc='RPC_DoRemoveStaticMarker'
01:02:44.639 RPL       (E): RpcError: Calling a RPC from an unregistered item! itemType='script::Game::SCR_MapMarkerManagerComponent', rpc='RPC_DoRemoveStaticMarker'
01:02:44.643 RPL       (E): RpcError: Calling a RPC from an unregistered item! itemType='script::Game::SCR_MapMarkerManagerComponent', rpc='RPC_DoRemoveStaticMarker'
01:02:44.659 RPL       (E): RpcError: Calling a RPC from an unregistered item! itemType='script::Game::SCR_MapMarkerManagerComponent', rpc='RPC_DoRemoveStaticMarker'
01:02:44.667 RPL       (E): RpcError: Calling a RPC from an unregistered item! itemType='script::Game::SCR_MapMarkerManagerComponent', rpc='RPC_DoRemoveStaticMarker'
01:02:44.669 RPL       (E): RpcError: Calling a RPC from an unregistered item! itemType='script::Game::SCR_MapMarkerManagerComponent', rpc='RPC_DoRemoveStaticMarker'
01:02:44.685 RPL       (E): RpcError: Calling a RPC from an unregistered item! itemType='script::Game::SCR_MapMarkerManagerComponent', rpc='RPC_DoRemoveStaticMarker'
01:02:44.694 RPL       (E): RpcError: Calling a RPC from an unregistered item! itemType='script::Game::SCR_MapMarkerManagerComponent', rpc='RPC_DoRemoveStaticMarker'
01:02:44.746 RPL       (E): RpcError: Calling a RPC from an unregistered item! itemType='script::Game::SCR_MapMarkerManagerComponent', rpc='RPC_DoRemoveStaticMarker'
01:02:44.800 RPL       (E): RpcError: Calling a RPC from an unregistered item! itemType='script::Game::SCR_MapMarkerManagerComponent', rpc='RPC_DoRemoveStaticMarker'
01:02:44.857 RPL       (E): RpcError: Calling a RPC from an unregistered item! itemType='script::Game::SCR_MapMarkerManagerComponent', rpc='RPC_DoRemoveStaticMarker'
01:02:44.911 RPL       (E): RpcError: Calling a RPC from an unregistered item! itemType='script::Game::SCR_MapMarkerManagerComponent', rpc='RPC_DoRemoveStaticMarker'
01:02:44.946 RPL       (E): RpcError: Calling a RPC from an unregistered item! itemType='script::Game::SCR_MapMarkerManagerComponent', rpc='RPC_DoRemoveStaticMarker'
01:02:44.985 RPL       (E): RpcError: Calling a RPC from an unregistered item! itemType='script::Game::SCR_MapMarkerManagerComponent', rpc='RPC_DoRemoveStaticMarker'
01:02:45.016 RPL       (E): RpcError: Calling a RPC from an unregistered item! itemType='script::Game::SCR_MapMarkerManagerComponent', rpc='RPC_DoRemoveStaticMarker'
01:02:45.071 RPL       (E): RpcError: Calling a RPC from an unregistered item! itemType='script::Game::SCR_MapMarkerManagerComponent', rpc='RPC_DoRemoveStaticMarker'
01:02:45.194 RPL       (E): RpcError: Calling a RPC from an unregistered item! itemType='script::Game::SCR_MapMarkerManagerComponent', rpc='RPC_DoRemoveStaticMarker'
01:02:46.903 WORLD        : Entities load @"{DD7AD4B9C86CFDCE}worlds/MP/Coop_CombatOps_Eden.ent"
01:02:46.903  RESOURCES (E): Wrong GUID/name for resource @"{0000000000000000}(null)" in property "m_sWPToSpawn"
01:02:46.903  RESOURCES (E): Wrong GUID/name for resource @"{0000000000000000}(null)" in property "m_sWPToSpawn"
01:02:46.903  RESOURCES (E): Wrong GUID/name for resource @"{0000000000000000}(null)" in property "m_sWPToSpawn"
01:02:46.905  WORLD     (E): Unknown keyword/data 'm_bShowDebugShapesInWorkbench' at offset 314521(0x4cc99)
01:02:46.905  RESOURCES (E): Wrong GUID/name for resource @"{0000000000000000}(null)" in property "m_sWPToSpawn"
01:02:46.905  RESOURCES (E): Wrong GUID/name for resource @"{0000000000000000}(null)" in property "m_sWPToSpawn"
01:02:46.905  RESOURCES (E): Wrong GUID/name for resource @"{0000000000000000}(null)" in property "m_sWPToSpawn"
01:02:46.905  WORLD     (E): Unknown keyword/data 'm_bShowDebugShapesInWorkbench' at offset 327636(0x4ffd4)
01:02:46.905  WORLD     (E): Unknown keyword/data 'm_bShowDebugShapesInWorkbench' at offset 329811(0x50853)
01:02:46.906  WORLD     (E): Unknown keyword/data 'm_bShowDebugShapesInWorkbench' at offset 330592(0x50b60)
01:02:46.906  WORLD     (E): Unknown keyword/data 'm_bShowDebugShapesInWorkbench' at offset 331395(0x50e83)
01:02:46.906  WORLD     (E): Unknown keyword/data 'm_bShowDebugShapesInWorkbench' at offset 333662(0x5175e)
01:02:46.906  WORLD     (E): Unknown keyword/data 'm_bShowDebugShapesInWorkbench' at offset 334454(0x51a76)
01:02:46.906  WORLD     (E): Unknown keyword/data 'm_bShowDebugShapesInWorkbench' at offset 335421(0x51e3d)
01:02:46.906  WORLD     (E): Unknown keyword/data 'm_bShowDebugShapesInWorkbench' at offset 336914(0x52412)
01:02:46.906  WORLD     (E): Unknown keyword/data 'm_bShowDebugShapesInWorkbench' at offset 338531(0x52a63)
01:02:46.908  RESOURCES (E): Wrong GUID/name for resource @"{0000000000000000}(null)" in property "m_sWPToSpawn"
01:02:46.908  RESOURCES (E): Wrong GUID/name for resource @"{0000000000000000}(null)" in property "m_sWPToSpawn"
01:02:50.830 WORLD        : Game::LoadEntities
01:02:50.830  WORLD        : CreateEntities
01:02:50.830   WORLD        : CreateEntities 'world'
01:02:50.830    ENTITY       : Create entity @"ENTITY:47511" ('PreloadManager1', BasePreloadManager) at <0.033000 0.000000 -0.021000> @"{104F8505FD1871EF}Prefabs/World/Game/PreloadManager.et"
01:02:50.830     ENTITY       : SpawnEntityPrefab @"{6058AB54781A0C52}Prefabs/Characters/Factions/BLUFOR/US_Army/Character_US_AMG.et"
01:02:50.830      WORLD        : InitEntities 'PreloadWorld'
01:02:50.830       ENTITY       : Init entity @"ENTITY:1" ('SCR_ChimeraCharacter','Assets/Characters/Basebody/Basebody_Male_01.xob') at <0.000000 0.000000 0.000000> @"{6058AB54781A0C52}Prefabs/Characters/Factions/BLUFOR/US_Army/Character_US_AMG.et"
01:02:50.830        INVENTORY (E): Couldn't insert item @"ENTITY:55" ('GenericEntity','Assets/Weapons/Magazines/STANAG/Magazine_30rnd_STANAG.xob') at <0.000000 0.000000 0.000000> @"{D8F2CA92583B23D3}Prefabs/Weapons/Magazines/Magazine_556x45_STANAG_30rnd_M855_M856_Last_5Tracer.et" into storage @"ENTITY:22" ('GenericEntity','Assets/Items/Equipment/Accessories/Pouch_ALICE_30rnd_STANAG/Pouch_ALICE_30rnd_STANAG.xob') at <-0.144399 1.162750 0.105744> @"{E3154E0EAC48D67B}Prefabs/Items/Equipment/Accessories/Pouch_ALICE_30rnd_STANAG/Pouch_ALICE_30rnd_STANAG.et" while spawning initial items inside the storage.
01:02:50.830        NETWORK   (W): Replication: RplComponent on entity @"ENTITY:55" ('GenericEntity','Assets/Weapons/Magazines/STANAG/Magazine_30rnd_STANAG.xob') at <0.000000 0.000000 0.000000> @"{D8F2CA92583B23D3}Prefabs/Weapons/Magazines/Magazine_556x45_STANAG_30rnd_M855_M856_Last_5Tracer.et" destroyed during loading of the world. This might cause issues with startup sync!
01:02:50.831        INVENTORY (E): Couldn't insert item @"ENTITY:56" ('GenericEntity','Assets/Weapons/Magazines/STANAG/Magazine_30rnd_STANAG.xob') at <0.000000 0.000000 0.000000> @"{D8F2CA92583B23D3}Prefabs/Weapons/Magazines/Magazine_556x45_STANAG_30rnd_M855_M856_Last_5Tracer.et" into storage @"ENTITY:22" ('GenericEntity','Assets/Items/Equipment/Accessories/Pouch_ALICE_30rnd_STANAG/Pouch_ALICE_30rnd_STANAG.xob') at <-0.144399 1.162750 0.105744> @"{E3154E0EAC48D67B}Prefabs/Items/Equipment/Accessories/Pouch_ALICE_30rnd_STANAG/Pouch_ALICE_30rnd_STANAG.et" while spawning initial items inside the storage.
01:02:50.831        NETWORK   (W): Replication: RplComponent on entity @"ENTITY:56" ('GenericEntity','Assets/Weapons/Magazines/STANAG/Magazine_30rnd_STANAG.xob') at <0.000000 0.000000 0.000000> @"{D8F2CA92583B23D3}Prefabs/Weapons/Magazines/Magazine_556x45_STANAG_30rnd_M855_M856_Last_5Tracer.et" destroyed during loading of the world. This might cause issues with startup sync!
01:02:50.831        INVENTORY (E): Couldn't insert item @"ENTITY:57" ('GenericEntity','Assets/Weapons/Magazines/STANAG/Magazine_30rnd_STANAG.xob') at <0.000000 0.000000 0.000000> @"{D8F2CA92583B23D3}Prefabs/Weapons/Magazines/Magazine_556x45_STANAG_30rnd_M855_M856_Last_5Tracer.et" into storage @"ENTITY:22" ('GenericEntity','Assets/Items/Equipment/Accessories/Pouch_ALICE_30rnd_STANAG/Pouch_ALICE_30rnd_STANAG.xob') at <-0.144399 1.162750 0.105744> @"{E3154E0EAC48D67B}Prefabs/Items/Equipment/Accessories/Pouch_ALICE_30rnd_STANAG/Pouch_ALICE_30rnd_STANAG.et" while spawning initial items inside the storage.
01:02:50.831        NETWORK   (W): Replication: RplComponent on entity @"ENTITY:57" ('GenericEntity','Assets/Weapons/Magazines/STANAG/Magazine_30rnd_STANAG.xob') at <0.000000 0.000000 0.000000> @"{D8F2CA92583B23D3}Prefabs/Weapons/Magazines/Magazine_556x45_STANAG_30rnd_M855_M856_Last_5Tracer.et" destroyed during loading of the world. This might cause issues with startup sync!
01:02:50.837     ENTITY       : SpawnEntityPrefab @"{5B1996C05B1E51A4}Prefabs/Characters/Factions/BLUFOR/US_Army/Character_US_AR.et"
01:02:50.838      WORLD        : InitEntities 'PreloadWorld'
01:02:50.838       ENTITY       : Init entity @"ENTITY:61" ('SCR_ChimeraCharacter','Assets/Characters/Basebody/Basebody_Male_01.xob') at <0.000000 0.000000 0.000000> @"{5B1996C05B1E51A4}Prefabs/Characters/Factions/BLUFOR/US_Army/Character_US_AR.et"
01:02:50.838        INVENTORY (E): Couldn't insert item @"ENTITY:103" ('GenericEntity','Assets/Weapons/Magazines/M249/Magazine_200rnd_M249_item.xob') at <0.000000 0.000000 0.000000> @"{06D722FC2666EB83}Prefabs/Weapons/Magazines/Box_556x45_M249_200rnd_4Ball_1Tracer.et" into storage @"ENTITY:78" ('GenericEntity','Assets/Items/Equipment/Accessories/Pouch_ALICE_200rnd_M249/Pouch_ALICE_200rnd_M249.xob') at <-0.160200 1.020957 0.135574> @"{4F018E3CF74D8636}Prefabs/Items/Equipment/Accessories/Pouch_ALICE_200rnd_M249/Pouch_ALICE_200rnd_M249.et" while spawning initial items inside the storage.
01:02:50.838        NETWORK   (W): Replication: RplComponent on entity @"ENTITY:103" ('GenericEntity','Assets/Weapons/Magazines/M249/Magazine_200rnd_M249_item.xob') at <0.000000 0.000000 0.000000> @"{06D722FC2666EB83}Prefabs/Weapons/Magazines/Box_556x45_M249_200rnd_4Ball_1Tracer.et" destroyed during loading of the world. This might cause issues with startup sync!
01:02:50.845     ENTITY       : SpawnEntityPrefab @"{84029128FA6F6BB9}Prefabs/Characters/Factions/BLUFOR/US_Army/Character_US_GL.et"
01:02:50.845      WORLD        : InitEntities 'PreloadWorld'
01:02:50.845       ENTITY       : Init entity @"ENTITY:105" ('SCR_ChimeraCharacter','Assets/Characters/Basebody/Basebody_Male_01.xob') at <0.000000 0.000000 0.000000> @"{84029128FA6F6BB9}Prefabs/Characters/Factions/BLUFOR/US_Army/Character_US_GL.et"
01:02:50.845        INVENTORY (E): Couldn't insert item @"ENTITY:153" ('GenericEntity','Assets/Weapons/Magazines/STANAG/Magazine_30rnd_STANAG.xob') at <0.000000 0.000000 0.000000> @"{D8F2CA92583B23D3}Prefabs/Weapons/Magazines/Magazine_556x45_STANAG_30rnd_M855_M856_Last_5Tracer.et" into storage @"ENTITY:124" ('GenericEntity','Assets/Items/Equipment/Accessories/Pouch_ALICE_30rnd_STANAG/Pouch_ALICE_30rnd_STANAG.xob') at <-0.105000 1.129537 0.050875> @"{0B0D67BC8F43A052}Prefabs/Items/Equipment/Accessories/Pouch_ALICE_30rnd_STANAG/Pouch_ALICE_30rnd_STANAG_base.et" while spawning initial items inside the storage.
01:02:50.845        NETWORK   (W): Replication: RplComponent on entity @"ENTITY:153" ('GenericEntity','Assets/Weapons/Magazines/STANAG/Magazine_30rnd_STANAG.xob') at <0.000000 0.000000 0.000000> @"{D8F2CA92583B23D3}Prefabs/Weapons/Magazines/Magazine_556x45_STANAG_30rnd_M855_M856_Last_5Tracer.et" destroyed during loading of the world. This might cause issues with startup sync!
01:02:50.845        INVENTORY (E): Couldn't insert item @"ENTITY:154" ('GenericEntity','Assets/Weapons/Magazines/STANAG/Magazine_30rnd_STANAG.xob') at <0.000000 0.000000 0.000000> @"{D8F2CA92583B23D3}Prefabs/Weapons/Magazines/Magazine_556x45_STANAG_30rnd_M855_M856_Last_5Tracer.et" into storage @"ENTITY:124" ('GenericEntity','Assets/Items/Equipment/Accessories/Pouch_ALICE_30rnd_STANAG/Pouch_ALICE_30rnd_STANAG.xob') at <-0.105000 1.129537 0.050875> @"{0B0D67BC8F43A052}Prefabs/Items/Equipment/Accessories/Pouch_ALICE_30rnd_STANAG/Pouch_ALICE_30rnd_STANAG_base.et" while spawning initial items inside the storage.
01:02:50.845        NETWORK   (W): Replication: RplComponent on entity @"ENTITY:154" ('GenericEntity','Assets/Weapons/Magazines/STANAG/Magazine_30rnd_STANAG.xob') at <0.000000 0.000000 0.000000> @"{D8F2CA92583B23D3}Prefabs/Weapons/Magazines/Magazine_556x45_STANAG_30rnd_M855_M856_Last_5Tracer.et" destroyed during loading of the world. This might cause issues with startup sync!
01:02:50.846        INVENTORY (E): Couldn't insert item @"ENTITY:155" ('GenericEntity','Assets/Weapons/Grenades/M67/Grenade_M67.xob') at <0.000000 0.000000 0.000000> @"{E8F00BF730225B00}Prefabs/Weapons/Grenades/Grenade_M67.et" into storage @"ENTITY:124" ('GenericEntity','Assets/Items/Equipment/Accessories/Pouch_ALICE_30rnd_STANAG/Pouch_ALICE_30rnd_STANAG.xob') at <-0.105000 1.129537 0.050875> @"{0B0D67BC8F43A052}Prefabs/Items/Equipment/Accessories/Pouch_ALICE_30rnd_STANAG/Pouch_ALICE_30rnd_STANAG_base.et" while spawning initial items inside the storage.
01:02:50.846        NETWORK   (W): Replication: RplComponent on entity @"ENTITY:155" ('GenericEntity','Assets/Weapons/Grenades/M67/Grenade_M67.xob') at <0.000000 0.000000 0.000000> @"{E8F00BF730225B00}Prefabs/Weapons/Grenades/Grenade_M67.et" destroyed during loading of the world. This might cause issues with startup sync!
01:02:50.846        INVENTORY (E): Couldn't insert item @"ENTITY:156" ('GenericEntity','Assets/Weapons/Grenades/M67/Grenade_M67.xob') at <0.000000 0.000000 0.000000> @"{E8F00BF730225B00}Prefabs/Weapons/Grenades/Grenade_M67.et" into storage @"ENTITY:124" ('GenericEntity','Assets/Items/Equipment/Accessories/Pouch_ALICE_30rnd_STANAG/Pouch_ALICE_30rnd_STANAG.xob') at <-0.105000 1.129537 0.050875> @"{0B0D67BC8F43A052}Prefabs/Items/Equipment/Accessories/Pouch_ALICE_30rnd_STANAG/Pouch_ALICE_30rnd_STANAG_base.et" while spawning initial items inside the storage.
01:02:50.846        NETWORK   (W): Replication: RplComponent on entity @"ENTITY:156" ('GenericEntity','Assets/Weapons/Grenades/M67/Grenade_M67.xob') at <0.000000 0.000000 0.000000> @"{E8F00BF730225B00}Prefabs/Weapons/Grenades/Grenade_M67.et" destroyed during loading of the world. This might cause issues with startup sync!
01:02:50.846        INVENTORY (E): Couldn't insert item @"ENTITY:157" ('GenericEntity','Assets/Weapons/Grenades/M67/Grenade_M67.xob') at <0.000000 0.000000 0.000000> @"{E8F00BF730225B00}Prefabs/Weapons/Grenades/Grenade_M67.et" into storage @"ENTITY:124" ('GenericEntity','Assets/Items/Equipment/Accessories/Pouch_ALICE_30rnd_STANAG/Pouch_ALICE_30rnd_STANAG.xob') at <-0.105000 1.129537 0.050875> @"{0B0D67BC8F43A052}Prefabs/Items/Equipment/Accessories/Pouch_ALICE_30rnd_STANAG/Pouch_ALICE_30rnd_STANAG_base.et" while spawning initial items inside the storage.
01:02:50.846        NETWORK   (W): Replication: RplComponent on entity @"ENTITY:157" ('GenericEntity','Assets/Weapons/Grenades/M67/Grenade_M67.xob') at <0.000000 0.000000 0.000000> @"{E8F00BF730225B00}Prefabs/Weapons/Grenades/Grenade_M67.et" destroyed during loading of the world. This might cause issues with startup sync!
01:02:50.854     ENTITY       : SpawnEntityPrefab @"{27BF1FF235DD6036}Prefabs/Characters/Factions/BLUFOR/US_Army/Character_US_LAT.et"
01:02:50.854      WORLD        : InitEntities 'PreloadWorld'
01:02:50.855       ENTITY       : Init entity @"ENTITY:178" ('SCR_ChimeraCharacter','Assets/Characters/Basebody/Basebody_Male_01.xob') at <0.000000 0.000000 0.000000> @"{27BF1FF235DD6036}Prefabs/Characters/Factions/BLUFOR/US_Army/Character_US_LAT.et"
01:02:50.855        INVENTORY (E): Couldn't insert item @"ENTITY:228" ('GenericEntity','Assets/Weapons/Magazines/STANAG/Magazine_30rnd_STANAG.xob') at <0.000000 0.000000 0.000000> @"{D8F2CA92583B23D3}Prefabs/Weapons/Magazines/Magazine_556x45_STANAG_30rnd_M855_M856_Last_5Tracer.et" into storage @"ENTITY:199" ('GenericEntity','Assets/Items/Equipment/Accessories/Pouch_ALICE_30rnd_STANAG/Pouch_ALICE_30rnd_STANAG.xob') at <-0.144399 1.162750 0.105744> @"{E3154E0EAC48D67B}Prefabs/Items/Equipment/Accessories/Pouch_ALICE_30rnd_STANAG/Pouch_ALICE_30rnd_STANAG.et" while spawning initial items inside the storage.
01:02:50.855        NETWORK   (W): Replication: RplComponent on entity @"ENTITY:228" ('GenericEntity','Assets/Weapons/Magazines/STANAG/Magazine_30rnd_STANAG.xob') at <0.000000 0.000000 0.000000> @"{D8F2CA92583B23D3}Prefabs/Weapons/Magazines/Magazine_556x45_STANAG_30rnd_M855_M856_Last_5Tracer.et" destroyed during loading of the world. This might cause issues with startup sync!
01:02:50.855        INVENTORY (E): Couldn't insert item @"ENTITY:229" ('GenericEntity','Assets/Weapons/Magazines/STANAG/Magazine_30rnd_STANAG.xob') at <0.000000 0.000000 0.000000> @"{D8F2CA92583B23D3}Prefabs/Weapons/Magazines/Magazine_556x45_STANAG_30rnd_M855_M856_Last_5Tracer.et" into storage @"ENTITY:199" ('GenericEntity','Assets/Items/Equipment/Accessories/Pouch_ALICE_30rnd_STANAG/Pouch_ALICE_30rnd_STANAG.xob') at <-0.144399 1.162750 0.105744> @"{E3154E0EAC48D67B}Prefabs/Items/Equipment/Accessories/Pouch_ALICE_30rnd_STANAG/Pouch_ALICE_30rnd_STANAG.et" while spawning initial items inside the storage.
01:02:50.855        NETWORK   (W): Replication: RplComponent on entity @"ENTITY:229" ('GenericEntity','Assets/Weapons/Magazines/STANAG/Magazine_30rnd_STANAG.xob') at <0.000000 0.000000 0.000000> @"{D8F2CA92583B23D3}Prefabs/Weapons/Magazines/Magazine_556x45_STANAG_30rnd_M855_M856_Last_5Tracer.et" destroyed during loading of the world. This might cause issues with startup sync!
01:02:50.855        INVENTORY (E): Couldn't insert item @"ENTITY:230" ('GenericEntity','Assets/Weapons/Magazines/STANAG/Magazine_30rnd_STANAG.xob') at <0.000000 0.000000 0.000000> @"{D8F2CA92583B23D3}Prefabs/Weapons/Magazines/Magazine_556x45_STANAG_30rnd_M855_M856_Last_5Tracer.et" into storage @"ENTITY:199" ('GenericEntity','Assets/Items/Equipment/Accessories/Pouch_ALICE_30rnd_STANAG/Pouch_ALICE_30rnd_STANAG.xob') at <-0.144399 1.162750 0.105744> @"{E3154E0EAC48D67B}Prefabs/Items/Equipment/Accessories/Pouch_ALICE_30rnd_STANAG/Pouch_ALICE_30rnd_STANAG.et" while spawning initial items inside the storage.
01:02:50.855        NETWORK   (W): Replication: RplComponent on entity @"ENTITY:230" ('GenericEntity','Assets/Weapons/Magazines/STANAG/Magazine_30rnd_STANAG.xob') at <0.000000 0.000000 0.000000> @"{D8F2CA92583B23D3}Prefabs/Weapons/Magazines/Magazine_556x45_STANAG_30rnd_M855_M856_Last_5Tracer.et" destroyed during loading of the world. This might cause issues with startup sync!
01:02:50.862     ENTITY       : SpawnEntityPrefab @"{C9E4FEAF5AAC8D8C}Prefabs/Characters/Factions/BLUFOR/US_Army/Character_US_Medic.et"
01:02:50.863      WORLD        : InitEntities 'PreloadWorld'
01:02:50.863       ENTITY       : Init entity @"ENTITY:234" ('SCR_ChimeraCharacter','Assets/Characters/Basebody/Basebody_Male_01.xob') at <0.000000 0.000000 0.000000> @"{C9E4FEAF5AAC8D8C}Prefabs/Characters/Factions/BLUFOR/US_Army/Character_US_Medic.et"
01:02:50.863        INVENTORY (E): Couldn't insert item @"ENTITY:307" ('GenericEntity','Assets/Weapons/Magazines/STANAG/Magazine_30rnd_STANAG.xob') at <0.000000 0.000000 0.000000> @"{D8F2CA92583B23D3}Prefabs/Weapons/Magazines/Magazine_556x45_STANAG_30rnd_M855_M856_Last_5Tracer.et" into storage @"ENTITY:255" ('GenericEntity','Assets/Items/Equipment/Accessories/Pouch_ALICE_30rnd_STANAG/Pouch_ALICE_30rnd_STANAG.xob') at <-0.144399 1.162750 0.105744> @"{E3154E0EAC48D67B}Prefabs/Items/Equipment/Accessories/Pouch_ALICE_30rnd_STANAG/Pouch_ALICE_30rnd_STANAG.et" while spawning initial items inside the storage.
01:02:50.863        NETWORK   (W): Replication: RplComponent on entity @"ENTITY:307" ('GenericEntity','Assets/Weapons/Magazines/STANAG/Magazine_30rnd_STANAG.xob') at <0.000000 0.000000 0.000000> @"{D8F2CA92583B23D3}Prefabs/Weapons/Magazines/Magazine_556x45_STANAG_30rnd_M855_M856_Last_5Tracer.et" destroyed during loading of the world. This might cause issues with startup sync!
01:02:50.863        INVENTORY (E): Couldn't insert item @"ENTITY:308" ('GenericEntity','Assets/Weapons/Magazines/STANAG/Magazine_30rnd_STANAG.xob') at <0.000000 0.000000 0.000000> @"{D8F2CA92583B23D3}Prefabs/Weapons/Magazines/Magazine_556x45_STANAG_30rnd_M855_M856_Last_5Tracer.et" into storage @"ENTITY:255" ('GenericEntity','Assets/Items/Equipment/Accessories/Pouch_ALICE_30rnd_STANAG/Pouch_ALICE_30rnd_STANAG.xob') at <-0.144399 1.162750 0.105744> @"{E3154E0EAC48D67B}Prefabs/Items/Equipment/Accessories/Pouch_ALICE_30rnd_STANAG/Pouch_ALICE_30rnd_STANAG.et" while spawning initial items inside the storage.
01:02:50.863        NETWORK   (W): Replication: RplComponent on entity @"ENTITY:308" ('GenericEntity','Assets/Weapons/Magazines/STANAG/Magazine_30rnd_STANAG.xob') at <0.000000 0.000000 0.000000> @"{D8F2CA92583B23D3}Prefabs/Weapons/Magazines/Magazine_556x45_STANAG_30rnd_M855_M856_Last_5Tracer.et" destroyed during loading of the world. This might cause issues with startup sync!
01:02:50.876     ENTITY       : SpawnEntityPrefab @"{26A9756790131354}Prefabs/Characters/Factions/BLUFOR/US_Army/Character_US_Rifleman.et"
01:02:50.876      WORLD        : InitEntities 'PreloadWorld'
01:02:50.876       ENTITY       : Init entity @"ENTITY:357" ('SCR_ChimeraCharacter','Assets/Characters/Basebody/Basebody_Male_01.xob') at <0.000000 0.000000 0.000000> @"{26A9756790131354}Prefabs/Characters/Factions/BLUFOR/US_Army/Character_US_Rifleman.et"
01:02:50.876        INVENTORY (E): Couldn't insert item @"ENTITY:405" ('GenericEntity','Assets/Weapons/Magazines/STANAG/Magazine_30rnd_STANAG.xob') at <0.000000 0.000000 0.000000> @"{D8F2CA92583B23D3}Prefabs/Weapons/Magazines/Magazine_556x45_STANAG_30rnd_M855_M856_Last_5Tracer.et" into storage @"ENTITY:376" ('GenericEntity','Assets/Items/Equipment/Accessories/Pouch_ALICE_30rnd_STANAG/Pouch_ALICE_30rnd_STANAG.xob') at <-0.144399 1.162750 0.105744> @"{E3154E0EAC48D67B}Prefabs/Items/Equipment/Accessories/Pouch_ALICE_30rnd_STANAG/Pouch_ALICE_30rnd_STANAG.et" while spawning initial items inside the storage.
01:02:50.876        NETWORK   (W): Replication: RplComponent on entity @"ENTITY:405" ('GenericEntity','Assets/Weapons/Magazines/STANAG/Magazine_30rnd_STANAG.xob') at <0.000000 0.000000 0.000000> @"{D8F2CA92583B23D3}Prefabs/Weapons/Magazines/Magazine_556x45_STANAG_30rnd_M855_M856_Last_5Tracer.et" destroyed during loading of the world. This might cause issues with startup sync!
01:02:50.876        INVENTORY (E): Couldn't insert item @"ENTITY:406" ('GenericEntity','Assets/Weapons/Magazines/STANAG/Magazine_30rnd_STANAG.xob') at <0.000000 0.000000 0.000000> @"{D8F2CA92583B23D3}Prefabs/Weapons/Magazines/Magazine_556x45_STANAG_30rnd_M855_M856_Last_5Tracer.et" into storage @"ENTITY:376" ('GenericEntity','Assets/Items/Equipment/Accessories/Pouch_ALICE_30rnd_STANAG/Pouch_ALICE_30rnd_STANAG.xob') at <-0.144399 1.162750 0.105744> @"{E3154E0EAC48D67B}Prefabs/Items/Equipment/Accessories/Pouch_ALICE_30rnd_STANAG/Pouch_ALICE_30rnd_STANAG.et" while spawning initial items inside the storage.
01:02:50.876        NETWORK   (W): Replication: RplComponent on entity @"ENTITY:406" ('GenericEntity','Assets/Weapons/Magazines/STANAG/Magazine_30rnd_STANAG.xob') at <0.000000 0.000000 0.000000> @"{D8F2CA92583B23D3}Prefabs/Weapons/Magazines/Magazine_556x45_STANAG_30rnd_M855_M856_Last_5Tracer.et" destroyed during loading of the world. This might cause issues with startup sync!
01:02:50.876        INVENTORY (E): Couldn't insert item @"ENTITY:407" ('GenericEntity','Assets/Weapons/Magazines/STANAG/Magazine_30rnd_STANAG.xob') at <0.000000 0.000000 0.000000> @"{D8F2CA92583B23D3}Prefabs/Weapons/Magazines/Magazine_556x45_STANAG_30rnd_M855_M856_Last_5Tracer.et" into storage @"ENTITY:376" ('GenericEntity','Assets/Items/Equipment/Accessories/Pouch_ALICE_30rnd_STANAG/Pouch_ALICE_30rnd_STANAG.xob') at <-0.144399 1.162750 0.105744> @"{E3154E0EAC48D67B}Prefabs/Items/Equipment/Accessories/Pouch_ALICE_30rnd_STANAG/Pouch_ALICE_30rnd_STANAG.et" while spawning initial items inside the storage.
01:02:50.876        NETWORK   (W): Replication: RplComponent on entity @"ENTITY:407" ('GenericEntity','Assets/Weapons/Magazines/STANAG/Magazine_30rnd_STANAG.xob') at <0.000000 0.000000 0.000000> @"{D8F2CA92583B23D3}Prefabs/Weapons/Magazines/Magazine_556x45_STANAG_30rnd_M855_M856_Last_5Tracer.et" destroyed during loading of the world. This might cause issues with startup sync!
01:02:50.885     ENTITY       : SpawnEntityPrefab @"{1CA3D30464EE4674}Prefabs/Characters/Factions/BLUFOR/US_Army/Character_US_Spotter.et"
01:02:50.885      WORLD        : InitEntities 'PreloadWorld'
01:02:50.885       ENTITY       : Init entity @"ENTITY:411" ('SCR_ChimeraCharacter','Assets/Characters/Basebody/Basebody_Male_01.xob') at <0.000000 0.000000 0.000000> @"{1CA3D30464EE4674}Prefabs/Characters/Factions/BLUFOR/US_Army/Character_US_Spotter.et"
01:02:50.885        INVENTORY (E): Couldn't insert item @"ENTITY:461" ('GenericEntity','Assets/Weapons/Magazines/STANAG/Magazine_30rnd_STANAG.xob') at <0.000000 0.000000 0.000000> @"{D8F2CA92583B23D3}Prefabs/Weapons/Magazines/Magazine_556x45_STANAG_30rnd_M855_M856_Last_5Tracer.et" into storage @"ENTITY:432" ('GenericEntity','Assets/Items/Equipment/Accessories/Pouch_ALICE_30rnd_STANAG/Pouch_ALICE_30rnd_STANAG.xob') at <-0.105000 1.129537 0.050875> @"{0B0D67BC8F43A052}Prefabs/Items/Equipment/Accessories/Pouch_ALICE_30rnd_STANAG/Pouch_ALICE_30rnd_STANAG_base.et" while spawning initial items inside the storage.
01:02:50.885        NETWORK   (W): Replication: RplComponent on entity @"ENTITY:461" ('GenericEntity','Assets/Weapons/Magazines/STANAG/Magazine_30rnd_STANAG.xob') at <0.000000 0.000000 0.000000> @"{D8F2CA92583B23D3}Prefabs/Weapons/Magazines/Magazine_556x45_STANAG_30rnd_M855_M856_Last_5Tracer.et" destroyed during loading of the world. This might cause issues with startup sync!
01:02:50.885        INVENTORY (E): Couldn't insert item @"ENTITY:462" ('GenericEntity','Assets/Weapons/Magazines/STANAG/Magazine_30rnd_STANAG.xob') at <0.000000 0.000000 0.000000> @"{D8F2CA92583B23D3}Prefabs/Weapons/Magazines/Magazine_556x45_STANAG_30rnd_M855_M856_Last_5Tracer.et" into storage @"ENTITY:432" ('GenericEntity','Assets/Items/Equipment/Accessories/Pouch_ALICE_30rnd_STANAG/Pouch_ALICE_30rnd_STANAG.xob') at <-0.105000 1.129537 0.050875> @"{0B0D67BC8F43A052}Prefabs/Items/Equipment/Accessories/Pouch_ALICE_30rnd_STANAG/Pouch_ALICE_30rnd_STANAG_base.et" while spawning initial items inside the storage.
01:02:50.885        NETWORK   (W): Replication: RplComponent on entity @"ENTITY:462" ('GenericEntity','Assets/Weapons/Magazines/STANAG/Magazine_30rnd_STANAG.xob') at <0.000000 0.000000 0.000000> @"{D8F2CA92583B23D3}Prefabs/Weapons/Magazines/Magazine_556x45_STANAG_30rnd_M855_M856_Last_5Tracer.et" destroyed during loading of the world. This might cause issues with startup sync!
01:02:50.885        INVENTORY (E): Couldn't insert item @"ENTITY:463" ('GenericEntity','Assets/Weapons/Grenades/M67/Grenade_M67.xob') at <0.000000 0.000000 0.000000> @"{E8F00BF730225B00}Prefabs/Weapons/Grenades/Grenade_M67.et" into storage @"ENTITY:432" ('GenericEntity','Assets/Items/Equipment/Accessories/Pouch_ALICE_30rnd_STANAG/Pouch_ALICE_30rnd_STANAG.xob') at <-0.105000 1.129537 0.050875> @"{0B0D67BC8F43A052}Prefabs/Items/Equipment/Accessories/Pouch_ALICE_30rnd_STANAG/Pouch_ALICE_30rnd_STANAG_base.et" while spawning initial items inside the storage.
01:02:50.885        NETWORK   (W): Replication: RplComponent on entity @"ENTITY:463" ('GenericEntity','Assets/Weapons/Grenades/M67/Grenade_M67.xob') at <0.000000 0.000000 0.000000> @"{E8F00BF730225B00}Prefabs/Weapons/Grenades/Grenade_M67.et" destroyed during loading of the world. This might cause issues with startup sync!
01:02:50.886        INVENTORY (E): Couldn't insert item @"ENTITY:464" ('GenericEntity','Assets/Weapons/Grenades/M67/Grenade_M67.xob') at <0.000000 0.000000 0.000000> @"{E8F00BF730225B00}Prefabs/Weapons/Grenades/Grenade_M67.et" into storage @"ENTITY:432" ('GenericEntity','Assets/Items/Equipment/Accessories/Pouch_ALICE_30rnd_STANAG/Pouch_ALICE_30rnd_STANAG.xob') at <-0.105000 1.129537 0.050875> @"{0B0D67BC8F43A052}Prefabs/Items/Equipment/Accessories/Pouch_ALICE_30rnd_STANAG/Pouch_ALICE_30rnd_STANAG_base.et" while spawning initial items inside the storage.
01:02:50.886        NETWORK   (W): Replication: RplComponent on entity @"ENTITY:464" ('GenericEntity','Assets/Weapons/Grenades/M67/Grenade_M67.xob') at <0.000000 0.000000 0.000000> @"{E8F00BF730225B00}Prefabs/Weapons/Grenades/Grenade_M67.et" destroyed during loading of the world. This might cause issues with startup sync!
01:02:50.886        INVENTORY (E): Couldn't insert item @"ENTITY:465" ('GenericEntity','Assets/Weapons/Grenades/M67/Grenade_M67.xob') at <0.000000 0.000000 0.000000> @"{E8F00BF730225B00}Prefabs/Weapons/Grenades/Grenade_M67.et" into storage @"ENTITY:432" ('GenericEntity','Assets/Items/Equipment/Accessories/Pouch_ALICE_30rnd_STANAG/Pouch_ALICE_30rnd_STANAG.xob') at <-0.105000 1.129537 0.050875> @"{0B0D67BC8F43A052}Prefabs/Items/Equipment/Accessories/Pouch_ALICE_30rnd_STANAG/Pouch_ALICE_30rnd_STANAG_base.et" while spawning initial items inside the storage.
01:02:50.886        NETWORK   (W): Replication: RplComponent on entity @"ENTITY:465" ('GenericEntity','Assets/Weapons/Grenades/M67/Grenade_M67.xob') at <0.000000 0.000000 0.000000> @"{E8F00BF730225B00}Prefabs/Weapons/Grenades/Grenade_M67.et" destroyed during loading of the world. This might cause issues with startup sync!
01:02:50.902     ENTITY       : SpawnEntityPrefab @"{23ADBBC31B6A3DC6}Prefabs/Characters/Factions/OPFOR/USSR_Army/Character_USSR_AR.et"
01:02:50.902      WORLD        : InitEntities 'PreloadWorld'
01:02:50.902       ENTITY       : Init entity @"ENTITY:533" ('SCR_ChimeraCharacter','Assets/Characters/Basebody/Basebody_Male_01.xob') at <0.000000 0.000000 0.000000> @"{23ADBBC31B6A3DC6}Prefabs/Characters/Factions/OPFOR/USSR_Army/Character_USSR_AR.et"
01:02:50.902        INVENTORY (E): Couldn't insert item @"ENTITY:573" ('GenericEntity','Assets/Weapons/Magazines/RPK74/Magazine_45rnd_RPK74.xob') at <0.000000 0.000000 0.000000> @"{D78C667F59829717}Prefabs/Weapons/Magazines/Magazine_545x39_RPK_45rnd_4Ball_1Tracer.et" into storage @"ENTITY:550" ('GenericEntity','Assets/Items/Equipment/Accessories/Pouch_Soviet_45rnd_RPK74/Pouch_Soviet_45rnd_RPK74.xob') at <-0.128100 1.112072 0.103191> @"{B6EEF03975F21E4E}Prefabs/Items/Equipment/Accessories/Pouch_Soviet_45rnd_RPK74/Pouch_Soviet_45rnd_RPK74.et" while spawning initial items inside the storage.
01:02:50.902        NETWORK   (W): Replication: RplComponent on entity @"ENTITY:573" ('GenericEntity','Assets/Weapons/Magazines/RPK74/Magazine_45rnd_RPK74.xob') at <0.000000 0.000000 0.000000> @"{D78C667F59829717}Prefabs/Weapons/Magazines/Magazine_545x39_RPK_45rnd_4Ball_1Tracer.et" destroyed during loading of the world. This might cause issues with startup sync!
01:02:50.902        INVENTORY (E): Couldn't insert item @"ENTITY:574" ('GenericEntity','Assets/Weapons/Magazines/RPK74/Magazine_45rnd_RPK74.xob') at <0.000000 0.000000 0.000000> @"{D78C667F59829717}Prefabs/Weapons/Magazines/Magazine_545x39_RPK_45rnd_4Ball_1Tracer.et" into storage @"ENTITY:550" ('GenericEntity','Assets/Items/Equipment/Accessories/Pouch_Soviet_45rnd_RPK74/Pouch_Soviet_45rnd_RPK74.xob') at <-0.128100 1.112072 0.103191> @"{B6EEF03975F21E4E}Prefabs/Items/Equipment/Accessories/Pouch_Soviet_45rnd_RPK74/Pouch_Soviet_45rnd_RPK74.et" while spawning initial items inside the storage.
01:02:50.902        NETWORK   (W): Replication: RplComponent on entity @"ENTITY:574" ('GenericEntity','Assets/Weapons/Magazines/RPK74/Magazine_45rnd_RPK74.xob') at <0.000000 0.000000 0.000000> @"{D78C667F59829717}Prefabs/Weapons/Magazines/Magazine_545x39_RPK_45rnd_4Ball_1Tracer.et" destroyed during loading of the world. This might cause issues with startup sync!
01:02:50.902        INVENTORY (E): Couldn't insert item @"ENTITY:575" ('GenericEntity','Assets/Weapons/Magazines/RPK74/Magazine_45rnd_RPK74.xob') at <0.000000 0.000000 0.000000> @"{D78C667F59829717}Prefabs/Weapons/Magazines/Magazine_545x39_RPK_45rnd_4Ball_1Tracer.et" into storage @"ENTITY:550" ('GenericEntity','Assets/Items/Equipment/Accessories/Pouch_Soviet_45rnd_RPK74/Pouch_Soviet_45rnd_RPK74.xob') at <-0.128100 1.112072 0.103191> @"{B6EEF03975F21E4E}Prefabs/Items/Equipment/Accessories/Pouch_Soviet_45rnd_RPK74/Pouch_Soviet_45rnd_RPK74.et" while spawning initial items inside the storage.
01:02:50.902        NETWORK   (W): Replication: RplComponent on entity @"ENTITY:575" ('GenericEntity','Assets/Weapons/Magazines/RPK74/Magazine_45rnd_RPK74.xob') at <0.000000 0.000000 0.000000> @"{D78C667F59829717}Prefabs/Weapons/Magazines/Magazine_545x39_RPK_45rnd_4Ball_1Tracer.et" destroyed during loading of the world. This might cause issues with startup sync!
01:02:50.902        INVENTORY (E): Couldn't insert item @"ENTITY:576" ('GenericEntity','Assets/Weapons/Magazines/RPK74/Magazine_45rnd_RPK74.xob') at <0.000000 0.000000 0.000000> @"{D78C667F59829717}Prefabs/Weapons/Magazines/Magazine_545x39_RPK_45rnd_4Ball_1Tracer.et" into storage @"ENTITY:550" ('GenericEntity','Assets/Items/Equipment/Accessories/Pouch_Soviet_45rnd_RPK74/Pouch_Soviet_45rnd_RPK74.xob') at <-0.128100 1.112072 0.103191> @"{B6EEF03975F21E4E}Prefabs/Items/Equipment/Accessories/Pouch_Soviet_45rnd_RPK74/Pouch_Soviet_45rnd_RPK74.et" while spawning initial items inside the storage.
01:02:50.902        NETWORK   (W): Replication: RplComponent on entity @"ENTITY:576" ('GenericEntity','Assets/Weapons/Magazines/RPK74/Magazine_45rnd_RPK74.xob') at <0.000000 0.000000 0.000000> @"{D78C667F59829717}Prefabs/Weapons/Magazines/Magazine_545x39_RPK_45rnd_4Ball_1Tracer.et" destroyed during loading of the world. This might cause issues with startup sync!
01:02:54.963    ENTITY       : Create entity @"ENTITY:611109" ('StaticModelEntity','Assets/Structures/Infrastructure/Towers/TransmitterTower_01/TransmitterTower_01_small.xob') at <1931.796021 81.777000 5138.725098> @"{6A004A8F0571D456}Prefabs/Structures/Infrastructure/Towers/TransmitterTower_01/TransmitterTower_01_small.et"
01:02:54.963     DEFAULT   (W): World doesn't contain RadioManagerEntity to support any BaseRadioComponent.
01:02:59.771    ENTITY       : Create entity @"ENTITY:1102567" ('StaticModelEntity') at <8831.291016 95.934265 2673.487061>
01:02:59.771     MATERIAL     : Material load @"{45ECF6B1797D3CD9}system/wbdata/PreviewWindow/TransparentMat.emat"
01:02:59.771      MATERIAL  (E): Material file not found
01:02:59.771     MATERIAL  (E): Object @"Assets/Structures/Cultural/Calvaries/CalvaryLarge_01/CalvaryLarge_01.xob" - cannot load material @"system/wbdata/PreviewWindow/TransparentMat.emat", creating default one (class MatPBRBasic)
01:03:05.398    ENTITY       : Create entity @"ENTITY:2305843009213695166" ('WeaponsCrate', GenericEntity) at <6734.744141 89.670998 5674.044922>
01:03:05.398     SCRIPT    (W): SCR_SaveArsenalLoadout is attached to an entity that does not have an arsenal on self or parent (if m_bAllowGetArsenalFromParent is true)!
01:03:05.399    ENTITY       : Create entity @"ENTITY:2305843009213695167" ('MedsCrate', GenericEntity) at <8779.837891 195.431000 3855.528076>
01:03:05.399     SCRIPT    (W): SCR_SaveArsenalLoadout is attached to an entity that does not have an arsenal on self or parent (if m_bAllowGetArsenalFromParent is true)!
01:03:05.399    ENTITY       : Create entity @"ENTITY:2305843009213695168" ('MagazinesCrate', GenericEntity) at <9529.912109 236.759003 2800.261963>
01:03:05.399     SCRIPT    (W): SCR_SaveArsenalLoadout is attached to an entity that does not have an arsenal on self or parent (if m_bAllowGetArsenalFromParent is true)!
01:03:05.399    ENTITY       : Create entity @"ENTITY:2305843009213695169" ('DocumentsCrate', GenericEntity) at <2850.600098 91.014000 4857.995117>
01:03:05.399     SCRIPT    (W): SCR_SaveArsenalLoadout is attached to an entity that does not have an arsenal on self or parent (if m_bAllowGetArsenalFromParent is true)!
01:03:05.413    ENTITY       : Create entity @"ENTITY:2305843009213695710" ('GenericEntity') at <7816.783203 143.425003 5068.500000>
01:03:05.413     NETWORK   (W): Replication: RplComponent on entity @"ENTITY:3" ('GenericEntity','Assets/Props/Civilian/Notebook_01/Notebook_01_Single.xob') at <0.000000 0.000000 0.000000> @"{04EEB10214E177B3}Prefabs/Props/Civilian/Notebook_01_Single_MarbleBlack.et" destroyed during loading of the world. This might cause issues with startup sync!
01:03:05.537    ENTITY       : Create entity @"ENTITY:2305843009213702437" ('GenericEntity','Assets/Props/Industrial/BarrelFuel_01/BarrelFuel_01_closed.xob') at <4983.840820 2.188000 3881.947021> @"{E2B42E634BC002F4}worlds/ScenarioFramework/CustomPrefabs/Barrel.et"
01:03:05.538     INVENTORY (W): @"ENTITY:2305843009213702437" ('GenericEntity','Assets/Props/Industrial/BarrelFuel_01/BarrelFuel_01_closed.xob') at <4983.840820 2.188000 3881.947021> @"{E2B42E634BC002F4}worlds/ScenarioFramework/CustomPrefabs/Barrel.et" "Parent Node From Parent Entity" property on RplComponent of the item is set to true. It should be set to false.
01:03:05.538    ENTITY       : Create entity @"ENTITY:2305843009213702438" ('GenericEntity','Assets/Props/Industrial/BarrelFuel_01/BarrelFuel_01_closed.xob') at <4988.200195 2.181000 3875.201904> @"{E2B42E634BC002F4}worlds/ScenarioFramework/CustomPrefabs/Barrel.et"
01:03:05.538     INVENTORY (W): @"ENTITY:2305843009213702438" ('GenericEntity','Assets/Props/Industrial/BarrelFuel_01/BarrelFuel_01_closed.xob') at <4988.200195 2.181000 3875.201904> @"{E2B42E634BC002F4}worlds/ScenarioFramework/CustomPrefabs/Barrel.et" "Parent Node From Parent Entity" property on RplComponent of the item is set to true. It should be set to false.
01:03:05.538    ENTITY       : Create entity @"ENTITY:2305843009213702439" ('GenericEntity','Assets/Props/Industrial/BarrelFuel_01/BarrelFuel_01_closed.xob') at <7537.892090 165.035995 4369.854980> @"{E2B42E634BC002F4}worlds/ScenarioFramework/CustomPrefabs/Barrel.et"
01:03:05.538     INVENTORY (W): @"ENTITY:2305843009213702439" ('GenericEntity','Assets/Props/Industrial/BarrelFuel_01/BarrelFuel_01_closed.xob') at <7537.892090 165.035995 4369.854980> @"{E2B42E634BC002F4}worlds/ScenarioFramework/CustomPrefabs/Barrel.et" "Parent Node From Parent Entity" property on RplComponent of the item is set to true. It should be set to false.
01:03:05.538    ENTITY       : Create entity @"ENTITY:2305843009213702440" ('GenericEntity','Assets/Props/Industrial/BarrelFuel_01/BarrelFuel_01_closed.xob') at <9966.659180 2.531000 1557.114014> @"{E2B42E634BC002F4}worlds/ScenarioFramework/CustomPrefabs/Barrel.et"
01:03:05.538     INVENTORY (W): @"ENTITY:2305843009213702440" ('GenericEntity','Assets/Props/Industrial/BarrelFuel_01/BarrelFuel_01_closed.xob') at <9966.659180 2.531000 1557.114014> @"{E2B42E634BC002F4}worlds/ScenarioFramework/CustomPrefabs/Barrel.et" "Parent Node From Parent Entity" property on RplComponent of the item is set to true. It should be set to false.
01:03:05.538    ENTITY       : Create entity @"ENTITY:2305843009213702441" ('GenericEntity','Assets/Props/Industrial/BarrelFuel_01/BarrelFuel_01_closed.xob') at <9964.501953 2.531000 1552.994019> @"{E2B42E634BC002F4}worlds/ScenarioFramework/CustomPrefabs/Barrel.et"
01:03:05.538     INVENTORY (W): @"ENTITY:2305843009213702441" ('GenericEntity','Assets/Props/Industrial/BarrelFuel_01/BarrelFuel_01_closed.xob') at <9964.501953 2.531000 1552.994019> @"{E2B42E634BC002F4}worlds/ScenarioFramework/CustomPrefabs/Barrel.et" "Parent Node From Parent Entity" property on RplComponent of the item is set to true. It should be set to false.
01:03:05.538    ENTITY       : Create entity @"ENTITY:2305843009213702442" ('GenericEntity','Assets/Props/Industrial/BarrelFuel_01/BarrelFuel_01_closed.xob') at <7535.254883 166.992996 4317.500000> @"{E2B42E634BC002F4}worlds/ScenarioFramework/CustomPrefabs/Barrel.et"
01:03:05.538     INVENTORY (W): @"ENTITY:2305843009213702442" ('GenericEntity','Assets/Props/Industrial/BarrelFuel_01/BarrelFuel_01_closed.xob') at <7535.254883 166.992996 4317.500000> @"{E2B42E634BC002F4}worlds/ScenarioFramework/CustomPrefabs/Barrel.et" "Parent Node From Parent Entity" property on RplComponent of the item is set to true. It should be set to false.
01:03:05.538    ENTITY       : Create entity @"ENTITY:2305843009213702443" ('GenericEntity','Assets/Props/Industrial/BarrelFuel_01/BarrelFuel_01_closed.xob') at <7591.505859 166.145996 4234.476074> @"{E2B42E634BC002F4}worlds/ScenarioFramework/CustomPrefabs/Barrel.et"
01:03:05.538     INVENTORY (W): @"ENTITY:2305843009213702443" ('GenericEntity','Assets/Props/Industrial/BarrelFuel_01/BarrelFuel_01_closed.xob') at <7591.505859 166.145996 4234.476074> @"{E2B42E634BC002F4}worlds/ScenarioFramework/CustomPrefabs/Barrel.et" "Parent Node From Parent Entity" property on RplComponent of the item is set to true. It should be set to false.
01:03:05.538    ENTITY       : Create entity @"ENTITY:2305843009213702444" ('GenericEntity','Assets/Props/Industrial/BarrelFuel_01/BarrelFuel_01_closed.xob') at <7391.101074 125.813004 5051.333008> @"{E2B42E634BC002F4}worlds/ScenarioFramework/CustomPrefabs/Barrel.et"
01:03:05.538     INVENTORY (W): @"ENTITY:2305843009213702444" ('GenericEntity','Assets/Props/Industrial/BarrelFuel_01/BarrelFuel_01_closed.xob') at <7391.101074 125.813004 5051.333008> @"{E2B42E634BC002F4}worlds/ScenarioFramework/CustomPrefabs/Barrel.et" "Parent Node From Parent Entity" property on RplComponent of the item is set to true. It should be set to false.
01:03:06.081    WORLD        : InitEntities 'world'
01:03:06.081     ENTITY       : Init entity @"ENTITY:3" ('SCR_MapEntity1', SCR_MapEntity) at <6400.000000 0.000000 6400.000000> @"{E1B88C66BF6CA1F9}Prefabs/World/Game/MapEntity_Everon.et"
01:03:06.081      SCRIPT    (W): SCR_MapEntity: Cannot get the size from terrain. Using default.
01:03:07.361     ENTITY       : Init entity @"ENTITY:2305843009213696429" ('SCR_BaseTaskManager') at <3888.538086 49.557999 5886.870117> @"{87208DAD6F3C0DE2}Prefabs/MP/Managers/Tasks/TaskManager_Editor.et"
01:03:07.361      SCRIPT    (E): No data found for keyboard:KC_ESCAPE !! Check 'chimeraMapping.conf' and add data if necessary! Provided Actioname: TasksClose.
01:03:08.395 SCRIPT    (W): SCR_SaveManagerCore: -loadSessionSave CLI param set to load the latest save, but none was defined for the mission 'DFAC5FABD11F2390'!
01:03:11.212 WORLD        : UpdateEntities
01:03:11.212  WORLD        : FixedFrame
01:03:11.212   ENTITY       : SpawnEntityPrefab @"{1BABF6B33DA0AEB6}Prefabs/Vehicles/Wheeled/Ural4320/Ural4320_command.et"
01:03:11.212    ENTITY       : Create entity @"ENTITY:4611686018427388858" ('Vehicle','Assets/Vehicles/Wheeled/Ural4320/Ural_4320_base.xob') at <4957.069336 2.157000 3903.413574> @"{1BABF6B33DA0AEB6}Prefabs/Vehicles/Wheeled/Ural4320/Ural4320_command.et"
01:03:11.212     ENTITY       : SpawnEntityPrefab @"{8A239DEA19509B1B}Prefabs/Vehicles/Core/VirtualSlots/Radio_VirtualArsenalSlot.et"
01:03:11.212      WORLD        : InitEntities 'world'
01:03:11.212       ENTITY       : Init entity @"ENTITY:4611686018427388899" ('GenericEntity') at <4957.069336 2.157000 3903.413574> @"{8A239DEA19509B1B}Prefabs/Vehicles/Core/VirtualSlots/Radio_VirtualArsenalSlot.et"
01:03:11.212        RPL       (E): RpcError: Calling a RPC from an unregistered item! itemType='script::Game::SCR_ArsenalComponent', rpc='SetArsenalEnabledBroadcast'
