---------------------------------------------
Log /home/profile/logs/logs_2025-01-25_18-16-25/console.log started at 2025-01-25 18:16:25 (2025-01-25 18:16:25 UTC)

18:16:25.941 ENGINE       : FileSystem: Adding relative directory '/home/profile/logs/logs_2025-01-25_18-16-25' to filesystem under name logs
18:16:25.941 ENGINE       : FileSystem: Adding relative directory '/home/profile/profile' to filesystem under name profile
18:16:25.944 ENGINE       : Initializing engine, version 181464
18:16:25.944 ENGINE       : CLI Params: -config /reforger/Configs/reaper_justintime.json -backendlog -nothrow -maxFPS 60 -profile /home/profile -addonDownloadDir /reforger/workshop -addonsDir /reforger/workshop -autoreload 10 -loadSessionSave 
18:16:25.946 ENGINE       : Addon dirs:
18:16:25.946  ENGINE       : dir: '/reforger/workshop'
18:16:25.946  ENGINE       : dir: './addons'
18:16:25.946  ENGINE       : dir: '/home/profile/addons'
18:16:25.946 ENGINE       : Available addons:
18:16:25.946  ENGINE       : gproj: './addons/data/ArmaReforger.gproj' guid: '58D0FB3206B6F859' (packed)
18:16:25.946  ENGINE       : gproj: './addons/core/core.gproj' guid: '5614BBCCBB55ED1C' (packed)
18:16:26.037 ENGINE       : FileSystem: Adding package './addons/data/' (pak count: 4) to filesystem under name ArmaReforger
18:16:26.038 ENGINE       : FileSystem: Adding package './addons/core/' (pak count: 1) to filesystem under name core
18:16:26.038 RESOURCES    : ResourceDB: loading cache (id=0 name=ArmaReforger path=./addons/data/resourceDatabase.rdb)
18:16:26.189 RESOURCES    : ResourceDB: loading cache (id=1 name=core path=./addons/core/resourceDatabase.rdb)
18:16:26.220 RESOURCES    : ResourceDB: loading cache (id=2 name=profile path=/home/profile/profile/resourceDatabase.rdb)
18:16:26.220 RESOURCES    : ResourceDB: loading cache (id=3 name=logs path=/home/profile/logs/logs_2025-01-25_18-16-25/resourceDatabase.rdb)
18:16:26.319 ENGINE       : GameProject load
18:16:26.319  ENGINE       : Loaded addons:
18:16:26.319   ENGINE       : gproj: './addons/core/core.gproj' guid: '5614BBCCBB55ED1C'
18:16:26.319   ENGINE       : gproj: './addons/data/ArmaReforger.gproj' guid: '58D0FB3206B6F859'
18:16:26.320 ENGINE       : GameProject load
18:16:26.320  INIT         : GameProject load project data @"./addons/data/ArmaReforger.gproj"
18:16:26.320   RESOURCES (E): Wrong GUID/name for resource @"{C014582791ECBF24}Language/localization.st" in property "StringTableSource"
18:16:26.320 ENGINE       : Loading custom engine user config '$profile:.save/settings/ReforgerEngineSettings.conf'
18:16:26.320 INIT         : GameProject engine user settings load @"$profile:.save/settings/ReforgerEngineSettings.conf"
18:16:26.320  ENGINE       : Engine user settings config loaded
18:16:26.321 RENDER       : Basic screen setup:
18:16:26.321 RENDER       :   Back buffer width x height: 0x0
18:16:26.321 RENDER       :   Back buffer format	       : TEXFMT_UNKNOWN (0)
18:16:26.321 RENDER       :   MSAA                      : none
18:16:26.321 RENDER       : GPU_DUMMY (0xFFFF) (Enfusion dummy render) with 1 GPU detected, VRAM 128MB (fast 128MB), shared 128MB, driver version Unknown version, stereo not available
18:16:26.321 RENDER       : Detected output devices:
18:16:26.321 RENDER       :  * 1 device/s connected to Dummy:
18:16:26.321 RENDER       :    Dummy output (Dummy device for our dummy render.), 1920x1080 (offset 0x0), 60Hz
18:16:26.321 RENDER       :   Concurrent frames limit 2
18:16:26.321 ENGINE       : Job system settings: coreCount=8, shortJobContextCount=8, shortJobThreadCount=7, longJobThreadCount=3
18:16:26.395 AUDIO     (E): Audio device initialization failed with error: 9
18:16:26.397 ENGINE       : Initializing inputs.
18:16:26.402 NETWORK      : Initializing networking.
18:16:26.403 SCRIPT       : SCRIPT       : Initializing scripts
18:16:26.403  SCRIPT       : SCRIPT       : ScriptProjectManager init
18:16:26.403  PROFILING    : ScriptProjectManager init took: 0.016000 ms
18:16:26.422 PROFILING    : Initializing scripts took: 18.877000 ms
18:16:26.422 ENGINE       : Enfusion engine successfully created.
18:16:26.425 GUI          : Using default language (en_us)
18:16:26.425 GUI          : Loading 'en_us' localization file.
18:16:26.425 INIT         : INIT         : Loading StringTable
18:16:26.458 PROFILING    : Loading StringTable took: 33.806000 ms
18:16:26.459 SCRIPT       : SCRIPT       : Compiling GameLib scripts
18:16:26.482  SCRIPT       : Module: GameLib; loaded 301x files; 528x classes; used 478/2097 kB (22%) of static memory; defines: "PLATFORM_LINUX,ENF_ENABLE_VHC_OVERRIDE,ENF_ENABLE_RPLCOMPONENT_IN_GAMECODE"; CRC32: 3bbbb874
18:16:26.484 PROFILING    : Compiling GameLib scripts took: 25.450000 ms
18:16:26.484 SCRIPT       : SCRIPT       : Compiling Game scripts
18:16:27.199 SCRIPT       : Compiling Game scripts
18:16:27.199  SCRIPT    (W): @"scripts/Game/Campaign/UI/SCR_CampaignUIMutePlayerComponent.c,28": 'GetPlayerBlockedState' is obsolete: Session blocking is no longer supported.
18:16:27.199  SCRIPT    (W): @"scripts/Game/Campaign/UI/SCR_CampaignUIMutePlayerComponent.c,30": 'SetPlayerBlockedState' is obsolete: Session blocking is no longer supported.
18:16:27.199  SCRIPT    (W): @"scripts/Game/Campaign/UI/SCR_CampaignUIMutePlayerComponent.c,35": 'SetPlayerBlockedState' is obsolete: Session blocking is no longer supported.
18:16:27.387  SCRIPT    (W): @"scripts/Game/Groups/SCR_GroupTileButton.c,671": 'GetPlayerMutedState' is obsolete: Use SocialComponent.IsMuted(playerId).
18:16:27.498  SCRIPT    (W): @"scripts/Game/UI/HUD/SCR_PlayerListMenu.c,436": 'SetPlayerMutedState' is obsolete: Use SocialComponent.SetMuted(playerId, muted).
18:16:27.498  SCRIPT    (W): @"scripts/Game/UI/HUD/SCR_PlayerListMenu.c,438": 'GetPlayerMutedState' is obsolete: Use SocialComponent.IsMuted(playerId).
18:16:27.498  SCRIPT    (W): @"scripts/Game/UI/HUD/SCR_PlayerListMenu.c,499": 'GetPlayerMutedState' is obsolete: Use SocialComponent.IsMuted(playerId).
18:16:27.498  SCRIPT    (W): @"scripts/Game/UI/HUD/SCR_PlayerListMenu.c,474": Variable 'enableBlock' is not used
18:16:27.499  SCRIPT    (W): @"scripts/Game/UI/HUD/SCR_PlayerListMenu.c,1133": 'GetPlayerMutedState' is obsolete: Use SocialComponent.IsMuted(playerId).
18:16:27.499  SCRIPT    (W): @"scripts/Game/UI/HUD/SCR_PlayerListMenu.c,1136": 'GetPlayerMutedState' is obsolete: Use SocialComponent.IsMuted(playerId).
18:16:27.499  SCRIPT    (W): @"scripts/Game/UI/HUD/SCR_PlayerListMenu.c,1140": 'GetPlayerMutedState' is obsolete: Use SocialComponent.IsMuted(playerId).
18:16:27.636  SCRIPT       : Module: Game; loaded 4395x files; 8943x classes; used 19363/41943 kB (46%) of static memory; defines: "PLATFORM_LINUX,ENF_ENABLE_VHC_OVERRIDE,ENF_ENABLE_RPLCOMPONENT_IN_GAMECODE,ENABLE_BASE_DESTRUCTION,DEBUG,RESPAWN_TIMER_COMPONENT_DEBUG,DEBUG_NEARBY_CONTEXT_DISPLAY,DEBUG_CONFIGURABLE_DIALOGS,DISABLE_WEAPON_SWITCHING,SCRIPTED_AIM_MODIFIER_DEBUG"; CRC32: 237f9ed2
18:16:28.170 PROFILING    : Compiling Game scripts took: 1685.715000 ms
18:16:28.171 INIT         : Creating game instance(ArmaReforgerScripted), version 1.2.1.189 built 2025-01-21 9:02:04 UTC.
18:16:28.184 BACKEND      : Loading dedicated server config.
18:16:28.184  BACKEND      : Server config loaded.
18:16:28.184  BACKEND      : JSON Schema Validation:
18:16:28.184   BACKEND      : JSON is Valid
18:16:28.184 BACKEND      : Loading dedicated server config.
18:16:28.184  RESOURCES    : GetResourceObject @"{691E6388556B67A5}Missions/REAPER_JustInTime.conf"
18:16:28.184   RESOURCES (E): Failed to open
18:16:28.184  RESOURCES (E): MissionHeader::ReadMissionHeader cannot load the resource 'Missions/REAPER_JustInTime.conf'!
18:16:28.191 ENGINE       : Game successfully created.
18:16:28.208 PLATFORM     : Save data from container 'settings' have been loaded
18:16:28.307 PLATFORM     : Save data from container 'sessions' have been loaded
18:16:28.307 PLATFORM     : GameProject user settings load from profile @"ReforgerGameSettings.conf"
18:16:28.307  ENGINE       : Game user settings config loaded
18:16:28.307 NETWORK      : Starting dedicated server using command line args.
18:16:29.996 BACKEND      : Addon Download started 595F2BF2F44836FB - RHS - Status Quo
18:16:29.996 BACKEND      : Downloading 595F2BF2F44836FB version 0.10.4075
18:16:38.450 BACKEND      : Download
18:16:38.450  BACKEND      : Downloading 1 addons:
18:16:38.450  BACKEND      : RHS - Status Quo: ==>__________________ 9% 623/6912 MB
18:16:38.450  BACKEND      : Download speed 62804.20 KB/s
18:16:48.498 BACKEND      : Download
18:16:48.498  BACKEND      : Downloading 1 addons:
18:16:48.498  BACKEND      : RHS - Status Quo: ======>______________ 29% 2071/6912 MB
18:16:48.498  BACKEND      : Download speed 72586.99 KB/s
18:16:58.540 BACKEND      : Download
18:16:58.540  BACKEND      : Downloading 1 addons:
18:16:58.540  BACKEND      : RHS - Status Quo: ==========>__________ 49% 3420/6912 MB
18:16:58.540  BACKEND      : Download speed 67718.05 KB/s
18:17:08.586 BACKEND      : Download
18:17:08.586  BACKEND      : Downloading 1 addons:
18:17:08.586  BACKEND      : RHS - Status Quo: ==============>______ 63% 4386/6912 MB
18:17:08.586  BACKEND      : Download speed 40302.72 KB/s
18:17:28.684 BACKEND      : Download
18:17:28.684  BACKEND      : Downloading 1 addons:
18:17:28.684  BACKEND      : RHS - Status Quo: ================>____ 79% 5461/6912 MB
18:17:28.684  BACKEND      : Download speed 35165.80 KB/s
18:17:48.788 BACKEND      : Download
18:17:48.788  BACKEND      : Downloading 1 addons:
18:17:48.788  BACKEND      : RHS - Status Quo: ====================> 92% 6409/6912 MB
18:17:48.788  BACKEND      : Download speed 10955.36 KB/s
18:18:16.824 BACKEND      : Required addons are ready to use.
18:18:17.042 ENGINE       : Game destroyed.
18:18:17.153 ENGINE       : Addon dirs:
18:18:17.153  ENGINE       : dir: '/reforger/workshop'
18:18:17.153  ENGINE       : dir: './addons'
18:18:17.153  ENGINE       : dir: '/home/profile/addons'
18:18:17.153  ENGINE       : dir: '/reforger/workshop/addons/'
18:18:17.153 ENGINE       : Available addons:
18:18:17.153  ENGINE       : gproj: './addons/data/ArmaReforger.gproj' guid: '58D0FB3206B6F859' (packed)
18:18:17.153  ENGINE       : gproj: './addons/core/core.gproj' guid: '5614BBCCBB55ED1C' (packed)
18:18:17.153  ENGINE       : gproj: '/reforger/workshop/addons/RHS-StatusQuo_595F2BF2F44836FB/addon.gproj' guid: '595F2BF2F44836FB' (packed)
18:18:17.153  ENGINE       : gproj: '/reforger/workshop/addons/REAPER_JustInTime_617B2ED33DE29156/addon.gproj' guid: '617B2ED33DE29156' (packed)
18:18:17.153  ENGINE       : gproj: '/reforger/workshop/addons/REAPER_CORE_5EB139459EBF5C16/addon.gproj' guid: '5EB139459EBF5C16' (packed)
18:18:17.153  ENGINE       : gproj: '/reforger/workshop/addons/REAPER_CORE_Pack2_61B8FA7B3BF8656B/addon.gproj' guid: '61B8FA7B3BF8656B' (packed)
18:18:17.160 ENGINE       : FileSystem: Adding package '/reforger/workshop/addons/RHS-StatusQuo_595F2BF2F44836FB/' (pak count: 4) to filesystem under name RHSStatusQuo
18:18:17.161 ENGINE       : FileSystem: Adding package '/reforger/workshop/addons/REAPER_JustInTime_617B2ED33DE29156/' (pak count: 1) to filesystem under name REAPER_JustInTime
18:18:17.166 ENGINE       : FileSystem: Adding package '/reforger/workshop/addons/REAPER_CORE_5EB139459EBF5C16/' (pak count: 3) to filesystem under name REAPER_CORE
18:18:17.170 ENGINE       : FileSystem: Adding package '/reforger/workshop/addons/REAPER_CORE_Pack2_61B8FA7B3BF8656B/' (pak count: 2) to filesystem under name REAPER_CORE_Pack2
18:18:17.234 ENGINE       : FileSystem: Adding package './addons/data/' (pak count: 4) to filesystem under name ArmaReforger
18:18:17.236 ENGINE       : FileSystem: Adding package './addons/core/' (pak count: 1) to filesystem under name core
18:18:17.237 RESOURCES    : ResourceDB: loading cache (id=0 name=RHSStatusQuo path=/reforger/workshop/addons/RHS-StatusQuo_595F2BF2F44836FB/resourceDatabase.rdb)
18:18:17.256 RESOURCES    : ResourceDB: loading cache (id=1 name=REAPER_JustInTime path=/reforger/workshop/addons/REAPER_JustInTime_617B2ED33DE29156/resourceDatabase.rdb)
18:18:17.256 RESOURCES    : ResourceDB: loading cache (id=2 name=REAPER_CORE path=/reforger/workshop/addons/REAPER_CORE_5EB139459EBF5C16/resourceDatabase.rdb)
18:18:17.262 RESOURCES    : ResourceDB: loading cache (id=3 name=REAPER_CORE_Pack2 path=/reforger/workshop/addons/REAPER_CORE_Pack2_61B8FA7B3BF8656B/resourceDatabase.rdb)
18:18:17.265 RESOURCES    : ResourceDB: loading cache (id=4 name=ArmaReforger path=./addons/data/resourceDatabase.rdb)
18:18:17.390 RESOURCES    : ResourceDB: loading cache (id=5 name=core path=./addons/core/resourceDatabase.rdb)
18:18:17.392 RESOURCES    : ResourceDB: loading cache (id=6 name=profile path=/home/profile/profile/resourceDatabase.rdb)
18:18:17.392 RESOURCES    : ResourceDB: loading cache (id=7 name=logs path=/home/profile/logs/logs_2025-01-25_18-16-25/resourceDatabase.rdb)
18:18:17.539 ENGINE       : GameProject load
18:18:17.539  ENGINE       : Loaded addons:
18:18:17.539   ENGINE       : gproj: './addons/core/core.gproj' guid: '5614BBCCBB55ED1C'
18:18:17.539   ENGINE       : gproj: './addons/data/ArmaReforger.gproj' guid: '58D0FB3206B6F859'
18:18:17.539   ENGINE       : gproj: '/reforger/workshop/addons/REAPER_CORE_Pack2_61B8FA7B3BF8656B/addon.gproj' guid: '61B8FA7B3BF8656B'
18:18:17.539   ENGINE       : gproj: '/reforger/workshop/addons/REAPER_CORE_5EB139459EBF5C16/addon.gproj' guid: '5EB139459EBF5C16'
18:18:17.539   ENGINE       : gproj: '/reforger/workshop/addons/REAPER_JustInTime_617B2ED33DE29156/addon.gproj' guid: '617B2ED33DE29156'
18:18:17.539   ENGINE       : gproj: '/reforger/workshop/addons/RHS-StatusQuo_595F2BF2F44836FB/addon.gproj' guid: '595F2BF2F44836FB'
18:18:17.539 ENGINE       : GameProject load
18:18:17.539  INIT         : GameProject load project data @"./addons/data/ArmaReforger.gproj"
18:18:17.539   RESOURCES (E): Wrong GUID/name for resource @"{C014582791ECBF24}Language/localization.st" in property "StringTableSource"
18:18:17.540  INIT         : GameProject load project data @"/reforger/workshop/addons/RHS-StatusQuo_595F2BF2F44836FB/addon.gproj"
18:18:17.540   RESOURCES (E): Wrong GUID/name for resource @"{0AFDD005CD669892}Language/rhs_localization.st" in property "StringTableSource"
18:18:17.540 GUI          : Using default language (en_us)
18:18:17.540 GUI          : Loading 'en_us' localization file.
18:18:17.540 INIT         : INIT         : Loading StringTable
18:18:17.561 PROFILING    : Loading StringTable took: 20.915000 ms
18:18:17.561 SCRIPT       : SCRIPT       : Compiling GameLib scripts
18:18:17.582  SCRIPT       : Module: GameLib; loaded 301x files; 528x classes; used 472/2097 kB (22%) of static memory; defines: "PLATFORM_LINUX,ENF_ENABLE_VHC_OVERRIDE,ENF_ENABLE_RPLCOMPONENT_IN_GAMECODE"; CRC32: 3bbbb874
18:18:17.584 PROFILING    : Compiling GameLib scripts took: 22.899000 ms
18:18:17.584 SCRIPT       : SCRIPT       : Compiling Game scripts
18:18:18.338 SCRIPT       : Compiling Game scripts
18:18:18.338  SCRIPT    (W): @"Scripts/Game/Campaign/UI/SCR_CampaignUIMutePlayerComponent.c,28": 'GetPlayerBlockedState' is obsolete: Session blocking is no longer supported.
18:18:18.338  SCRIPT    (W): @"Scripts/Game/Campaign/UI/SCR_CampaignUIMutePlayerComponent.c,30": 'SetPlayerBlockedState' is obsolete: Session blocking is no longer supported.
18:18:18.338  SCRIPT    (W): @"Scripts/Game/Campaign/UI/SCR_CampaignUIMutePlayerComponent.c,35": 'SetPlayerBlockedState' is obsolete: Session blocking is no longer supported.
18:18:18.549  SCRIPT    (W): @"Scripts/Game/Groups/SCR_GroupTileButton.c,671": 'GetPlayerMutedState' is obsolete: Use SocialComponent.IsMuted(playerId).
18:18:18.665  SCRIPT    (W): @"Scripts/Game/UI/HUD/SCR_PlayerListMenu.c,436": 'SetPlayerMutedState' is obsolete: Use SocialComponent.SetMuted(playerId, muted).
18:18:18.665  SCRIPT    (W): @"Scripts/Game/UI/HUD/SCR_PlayerListMenu.c,438": 'GetPlayerMutedState' is obsolete: Use SocialComponent.IsMuted(playerId).
18:18:18.665  SCRIPT    (W): @"Scripts/Game/UI/HUD/SCR_PlayerListMenu.c,499": 'GetPlayerMutedState' is obsolete: Use SocialComponent.IsMuted(playerId).
18:18:18.665  SCRIPT    (W): @"Scripts/Game/UI/HUD/SCR_PlayerListMenu.c,474": Variable 'enableBlock' is not used
18:18:18.666  SCRIPT    (W): @"Scripts/Game/UI/HUD/SCR_PlayerListMenu.c,1133": 'GetPlayerMutedState' is obsolete: Use SocialComponent.IsMuted(playerId).
18:18:18.666  SCRIPT    (W): @"Scripts/Game/UI/HUD/SCR_PlayerListMenu.c,1136": 'GetPlayerMutedState' is obsolete: Use SocialComponent.IsMuted(playerId).
18:18:18.666  SCRIPT    (W): @"Scripts/Game/UI/HUD/SCR_PlayerListMenu.c,1140": 'GetPlayerMutedState' is obsolete: Use SocialComponent.IsMuted(playerId).
18:18:18.945  SCRIPT       : Module: Game; loaded 4890x files; 10203x classes; used 21714/41943 kB (51%) of static memory; defines: "PLATFORM_LINUX,ENF_ENABLE_VHC_OVERRIDE,ENF_ENABLE_RPLCOMPONENT_IN_GAMECODE,ENABLE_BASE_DESTRUCTION,DEBUG,RESPAWN_TIMER_COMPONENT_DEBUG,DEBUG_NEARBY_CONTEXT_DISPLAY,DEBUG_CONFIGURABLE_DIALOGS,DISABLE_WEAPON_SWITCHING,SCRIPTED_AIM_MODIFIER_DEBUG"; CRC32: 0ec004fc
18:18:19.886 PROFILING    : Compiling Game scripts took: 2301.967000 ms
18:18:19.888 INIT         : Creating game instance(ArmaReforgerScripted), version 1.2.1.189 built 2025-01-21 9:02:04 UTC.
18:18:19.897 INIT         : InputManager config load @"{795184CF9AD764DB}Configs/System/chimeraInputCommon.conf"
18:18:19.897  INPUT     (E): InputManager: unknown key ''
18:18:19.897  INPUT     (E): InputManager: unknown key ''
18:18:19.897  INPUT     (E): InputManager: unknown key ''
18:18:19.897  INPUT     (E): InputManager: unknown key ''
18:18:19.901 BACKEND      : Loading dedicated server config.
18:18:19.901  BACKEND      : Server config loaded.
18:18:19.901  BACKEND      : JSON Schema Validation:
18:18:19.902   BACKEND      : JSON is Valid
18:18:19.909 ENGINE       : Game successfully created.
18:18:19.999 PLATFORM     : Save data from container 'settings' have been loaded
18:18:20.099 PLATFORM     : Save data from container 'sessions' have been loaded
18:18:20.099 PLATFORM     : GameProject user settings load from profile @"ReforgerGameSettings.conf"
18:18:20.099  ENGINE       : Game user settings config loaded
18:18:20.099 WORLD        : WORLD        : Entities load @"{552B52BC2D30A4CE}JustInTime.ent"
18:18:20.979 WORLD        : Entities load @"{552B52BC2D30A4CE}JustInTime.ent"
18:18:20.979  WORLD        : Subscene load @"{853E92315D1D9EFE}worlds/Eden/Eden.ent"
18:18:20.979   RESOURCES    : GetResourceObject @"{C8FAB83670BCF7C3}Prefabs/Structures/Cultural/Calvaries/CalvaryLarge_01.et"
18:18:20.979    WORLD        : Entity prefab load @"{C8FAB83670BCF7C3}Prefabs/Structures/Cultural/Calvaries/CalvaryLarge_01.et"
18:18:20.979     RESOURCES (E): Wrong GUID/name for resource @"{45ECF6B1797D3CD9}system/wbdata/PreviewWindow/TransparentMat.emat" in property "AssignedMaterial"
18:18:21.211  WORLD        : Entity layer load @"JustInTime_Layers/AI_Montignac.layer"
18:18:21.211   RESOURCES    : GetResourceObject @"{16C1F16C9B053801}Prefabs/Vehicles/Wheeled/Ural4320/Ural4320_transport.et"
18:18:21.211    WORLD        : Entity prefab load @"{16C1F16C9B053801}Prefabs/Vehicles/Wheeled/Ural4320/Ural4320_transport.et"
18:18:21.211     RESOURCES    : GetResourceObject @"{4597626AF36C0858}Prefabs/Vehicles/Wheeled/Ural4320/Ural4320.et"
18:18:21.211      WORLD        : Entity prefab load @"{4597626AF36C0858}Prefabs/Vehicles/Wheeled/Ural4320/Ural4320.et"
18:18:21.211       RESOURCES    : GetResourceObject @"{4597626AF36C0858}Prefabs/Vehicles/Wheeled/Ural4320/Ural4320.et"
18:18:21.211        WORLD        : Entity prefab load @"{4597626AF36C0858}Prefabs/Vehicles/Wheeled/Ural4320/Ural4320.et"
18:18:21.211         RESOURCES    : GetResourceObject @"{E03D5609EEA6E03D}Prefabs/Vehicles/Core/Wheeled_Truck_Base.et"
18:18:21.211          WORLD        : Entity prefab load @"{E03D5609EEA6E03D}Prefabs/Vehicles/Core/Wheeled_Truck_Base.et"
18:18:21.211           RESOURCES    : GetResourceObject @"{62F416029692CE40}Prefabs/Vehicles/Core/Wheeled_Base.et"
18:18:21.211            WORLD        : Entity prefab load @"{62F416029692CE40}Prefabs/Vehicles/Core/Wheeled_Base.et"
18:18:21.211             RESOURCES    : GetResourceObject @"{FA11A8598F401058}Prefabs/Vehicles/Core/Configs/PilotCompartment_Base.conf"
18:18:21.211              DEFAULT      : Config load @"{FA11A8598F401058}Prefabs/Vehicles/Core/Configs/PilotCompartment_Base.conf"
18:18:21.211               DEFAULT   (E): Unknown keyword/data 'BrakeEffect' at offset 2202(0x89a)
18:18:21.211               DEFAULT   (E): Unknown keyword/data 'BrakeEffectReverse' at offset 2375(0x947)
18:18:21.266 PROFILING    : Entities load took: 1166.943000 ms
18:18:21.266 WORLD        : WORLD        : Game::LoadEntities
18:18:21.286  NETWORK      : Enabled lag compensation, 29 frames with 100 FPS and 280 ms rewind limits.
18:18:21.286  WORLD        : WORLD        : Preload
18:18:22.115 RESOURCES    : Particle effect load @"Assets/Weapons/BARRETT_M107A1/Particles/M107_blast.ptc"
18:18:22.115  RESOURCES (E): Wrong GUID/name for resource @"{29FBEC1991810EEF}system/wbdata/ParticleEditor/defaultPrefab.et" in property "Prefab"
18:18:22.115  RESOURCES (E): Wrong GUID/name for resource @"{29FBEC1991810EEF}system/wbdata/ParticleEditor/defaultPrefab.et" in property "Prefab"
18:18:22.115  RESOURCES (E): Wrong GUID/name for resource @"{29FBEC1991810EEF}system/wbdata/ParticleEditor/defaultPrefab.et" in property "Prefab"
18:18:22.115  RESOURCES (E): Wrong GUID/name for resource @"{29FBEC1991810EEF}system/wbdata/ParticleEditor/defaultPrefab.et" in property "Prefab"
18:18:22.190  PROFILING    : Preload took: 903.859000 ms
18:18:22.190  WORLD        : WORLD        : Wait for preloading data
18:18:22.283 RESOURCES    : Particle effect load @"Particles/Weapon/Explosion_TM62M_AT_Mine_LOD1.ptc"
18:18:22.283  RESOURCES (E): Wrong GUID/name for resource @"{29FBEC1991810EEF}system/wbdata/ParticleEditor/defaultPrefab.et" in property "Prefab"
18:18:22.283 RESOURCES    : Particle effect load @"Particles/Weapon/Explosion_TM62M_AT_Mine.ptc"
18:18:22.283  RESOURCES (E): Wrong GUID/name for resource @"{29FBEC1991810EEF}system/wbdata/ParticleEditor/defaultPrefab.et" in property "Prefab"
18:18:22.284 RESOURCES    : Particle effect load @"Particles/Weapon/Explosion_TM62M_AT_Mine_LOD2.ptc"
18:18:22.284  RESOURCES (E): Wrong GUID/name for resource @"{29FBEC1991810EEF}system/wbdata/ParticleEditor/defaultPrefab.et" in property "Prefab"
18:18:24.772 MATERIAL     : Material load @"{63F10E1A366AE509}Assets/Structures/BuildingsParts/Electrical/SpeakerAddon_E_01/Data/Speaker_Addon_E_01_grate.emat"
18:18:24.772  MATERIAL     : Material load @"{63F10E1A366AE509}Assets/Structures/BuildingsParts/Electrical/SpeakerAddon_E_01/Data/Speaker_Addon_E_01_grate.emat"
18:18:24.772   MATERIAL  (E): Unknown keyword/data 'ClutterThresholdAngle' at offset 64(0x40)
18:18:26.599  PROFILING    : Wait for preloading data took: 4409.144000 ms
18:18:26.599  WORLD        : WORLD        : CreateEntities
18:18:26.599   WORLD        : WORLD        : CreateEntities
18:18:26.599    WORLD        : WORLD        : NotifyBeforeEntitiesCreated
18:18:26.603 WORLD        : Game::LoadEntities
18:18:26.603  WORLD        : CreateEntities
18:18:26.603   WORLD        : CreateEntities
18:18:26.603    WORLD        : NotifyBeforeEntitiesCreated
18:18:26.603     RESOURCES    : GetResourceObject '$RHSStatusQuo:Missions/RHS_Conflict.conf'
18:18:26.604      DEFAULT      : Config load '$RHSStatusQuo:Missions/RHS_Conflict.conf'
18:18:26.604       DEFAULT   (E): Unknown keyword/data 'm_iMaximumRespawnRadios' at offset 685(0x2ad)
18:18:26.604     RESOURCES    : GetResourceObject '$RHSStatusQuo:Missions/RHS_ConflictWithoutAIs.conf'
18:18:26.604      DEFAULT      : Config load '$RHSStatusQuo:Missions/RHS_ConflictWithoutAIs.conf'
18:18:26.604       RESOURCES    : GetResourceObject @"{AAD43C10045857C1}Missions/RHS_Conflict.conf"
18:18:26.604        DEFAULT      : Config load @"{AAD43C10045857C1}Missions/RHS_Conflict.conf"
18:18:26.604         DEFAULT   (E): Unknown keyword/data 'm_iMaximumRespawnRadios' at offset 685(0x2ad)
18:18:26.604       DEFAULT   (E): Unknown keyword/data 'm_iMaximumRespawnRadios' at offset 256(0x100)
18:18:26.605     RESOURCES    : GetResourceObject '$RHSStatusQuo:Missions/RHS_Conflict_Arland.conf'
18:18:26.605      DEFAULT      : Config load '$RHSStatusQuo:Missions/RHS_Conflict_Arland.conf'
18:18:26.605       DEFAULT   (E): Unknown keyword/data 'm_iMaximumRespawnRadios' at offset 766(0x2fe)
18:18:26.605     RESOURCES    : GetResourceObject '$RHSStatusQuo:Missions/RHS_Conflict_East.conf'
18:18:26.605      DEFAULT      : Config load '$RHSStatusQuo:Missions/RHS_Conflict_East.conf'
18:18:26.605       DEFAULT   (E): Unknown keyword/data 'm_iMaximumRespawnRadios' at offset 278(0x116)
18:18:26.605     RESOURCES    : GetResourceObject '$RHSStatusQuo:Missions/RHS_Conflict_West.conf'
18:18:26.605      DEFAULT      : Config load '$RHSStatusQuo:Missions/RHS_Conflict_West.conf'
18:18:26.605       DEFAULT   (E): Unknown keyword/data 'm_iMaximumRespawnRadios' at offset 276(0x114)
18:18:26.606     RESOURCES    : Loaded mission headers from 6 addon(s)!
18:18:26.606    PROFILING    : NotifyBeforeEntitiesCreated took: 7.387000 ms
18:18:26.731    ENTITY       : Create entity @"ENTITY:1" ('world', GenericWorldEntity) at <0.000000 0.000000 0.000000>
18:18:26.731     RESOURCES (E):   Failed to decompress memory image data. Data is not DXT.
18:18:26.731     WORLD     (E): Shore map CPU data creation failed - decompression of DF near atlas texture failed.
18:18:26.733     WORLD     (E): Loading of shore map failed - creation of CPU data failed
18:18:26.733     WORLD     (E): Loading of shore map failed - post load checks failed
18:18:26.736    ENTITY       : Create entity @"ENTITY:2" ('Eden', GenericTerrainEntity) at <0.000000 0.000000 0.000000>
18:18:26.736     PROFILING    : PROFILING    : Terrain load
18:18:30.895     PROFILING    : Terrain load took: 4158.865000 ms
18:18:31.354    ENTITY       : Create entity @"ENTITY:47511" ('PreloadManager1', BasePreloadManager) at <0.033000 0.000000 -0.021000> @"{104F8505FD1871EF}Prefabs/World/Game/PreloadManager.et"
18:18:31.354     ENTITY       : SpawnEntityPrefab @"{6058AB54781A0C52}Prefabs/Characters/Factions/BLUFOR/US_Army/Character_US_AMG.et"
18:18:31.354      WORLD        : InitEntities 'PreloadWorld'
18:18:31.354       ENTITY       : Init entity @"ENTITY:1" ('SCR_ChimeraCharacter','Assets/Character/Men/REAPER_BaseBody_Upgrade.xob') at <0.000000 0.000000 0.000000> @"{6058AB54781A0C52}Prefabs/Characters/Factions/BLUFOR/US_Army/Character_US_AMG.et"
18:18:31.354        INVENTORY (E): Couldn't insert item @"ENTITY:55" ('GenericEntity','Assets/Weapons/Magazines/STANAG/Magazine_30rnd_STANAG.xob') at <0.000000 0.000000 0.000000> @"{D8F2CA92583B23D3}Prefabs/Weapons/Magazines/Magazine_556x45_STANAG_30rnd_M855_M856_Last_5Tracer.et" into storage @"ENTITY:22" ('GenericEntity','Assets/Items/Equipment/Accessories/Pouch_ALICE_30rnd_STANAG/Pouch_ALICE_30rnd_STANAG.xob') at <-0.144399 1.162781 0.105744> @"{E3154E0EAC48D67B}Prefabs/Items/Equipment/Accessories/Pouch_ALICE_30rnd_STANAG/Pouch_ALICE_30rnd_STANAG.et" while spawning initial items inside the storage.
18:18:31.354        NETWORK   (W): Replication: RplComponent on entity @"ENTITY:55" ('GenericEntity','Assets/Weapons/Magazines/STANAG/Magazine_30rnd_STANAG.xob') at <0.000000 0.000000 0.000000> @"{D8F2CA92583B23D3}Prefabs/Weapons/Magazines/Magazine_556x45_STANAG_30rnd_M855_M856_Last_5Tracer.et" destroyed during loading of the world. This might cause issues with startup sync!
18:18:31.354        INVENTORY (E): Couldn't insert item @"ENTITY:56" ('GenericEntity','Assets/Weapons/Magazines/STANAG/Magazine_30rnd_STANAG.xob') at <0.000000 0.000000 0.000000> @"{D8F2CA92583B23D3}Prefabs/Weapons/Magazines/Magazine_556x45_STANAG_30rnd_M855_M856_Last_5Tracer.et" into storage @"ENTITY:22" ('GenericEntity','Assets/Items/Equipment/Accessories/Pouch_ALICE_30rnd_STANAG/Pouch_ALICE_30rnd_STANAG.xob') at <-0.144399 1.162781 0.105744> @"{E3154E0EAC48D67B}Prefabs/Items/Equipment/Accessories/Pouch_ALICE_30rnd_STANAG/Pouch_ALICE_30rnd_STANAG.et" while spawning initial items inside the storage.
18:18:31.354        NETWORK   (W): Replication: RplComponent on entity @"ENTITY:56" ('GenericEntity','Assets/Weapons/Magazines/STANAG/Magazine_30rnd_STANAG.xob') at <0.000000 0.000000 0.000000> @"{D8F2CA92583B23D3}Prefabs/Weapons/Magazines/Magazine_556x45_STANAG_30rnd_M855_M856_Last_5Tracer.et" destroyed during loading of the world. This might cause issues with startup sync!
18:18:31.354        INVENTORY (E): Couldn't insert item @"ENTITY:57" ('GenericEntity','Assets/Weapons/Magazines/STANAG/Magazine_30rnd_STANAG.xob') at <0.000000 0.000000 0.000000> @"{D8F2CA92583B23D3}Prefabs/Weapons/Magazines/Magazine_556x45_STANAG_30rnd_M855_M856_Last_5Tracer.et" into storage @"ENTITY:22" ('GenericEntity','Assets/Items/Equipment/Accessories/Pouch_ALICE_30rnd_STANAG/Pouch_ALICE_30rnd_STANAG.xob') at <-0.144399 1.162781 0.105744> @"{E3154E0EAC48D67B}Prefabs/Items/Equipment/Accessories/Pouch_ALICE_30rnd_STANAG/Pouch_ALICE_30rnd_STANAG.et" while spawning initial items inside the storage.
18:18:31.354        NETWORK   (W): Replication: RplComponent on entity @"ENTITY:57" ('GenericEntity','Assets/Weapons/Magazines/STANAG/Magazine_30rnd_STANAG.xob') at <0.000000 0.000000 0.000000> @"{D8F2CA92583B23D3}Prefabs/Weapons/Magazines/Magazine_556x45_STANAG_30rnd_M855_M856_Last_5Tracer.et" destroyed during loading of the world. This might cause issues with startup sync!
18:18:31.384     ENTITY       : SpawnEntityPrefab @"{5B1996C05B1E51A4}Prefabs/Characters/Factions/BLUFOR/US_Army/Character_US_AR.et"
18:18:31.384      WORLD        : InitEntities 'PreloadWorld'
18:18:31.384       ENTITY       : Init entity @"ENTITY:61" ('SCR_ChimeraCharacter','Assets/Character/Men/REAPER_BaseBody_Upgrade.xob') at <0.000000 0.000000 0.000000> @"{5B1996C05B1E51A4}Prefabs/Characters/Factions/BLUFOR/US_Army/Character_US_AR.et"
18:18:31.384        INVENTORY (E): Couldn't insert item @"ENTITY:103" ('GenericEntity','Assets/Weapons/Magazines/M249/Magazine_200rnd_M249_item.xob') at <0.000000 0.000000 0.000000> @"{06D722FC2666EB83}Prefabs/Weapons/Magazines/Box_556x45_M249_200rnd_4Ball_1Tracer.et" into storage @"ENTITY:78" ('GenericEntity','Assets/Items/Equipment/Accessories/Pouch_ALICE_200rnd_M249/Pouch_ALICE_200rnd_M249.xob') at <-0.160200 1.020988 0.135575> @"{4F018E3CF74D8636}Prefabs/Items/Equipment/Accessories/Pouch_ALICE_200rnd_M249/Pouch_ALICE_200rnd_M249.et" while spawning initial items inside the storage.
18:18:31.384        NETWORK   (W): Replication: RplComponent on entity @"ENTITY:103" ('GenericEntity','Assets/Weapons/Magazines/M249/Magazine_200rnd_M249_item.xob') at <0.000000 0.000000 0.000000> @"{06D722FC2666EB83}Prefabs/Weapons/Magazines/Box_556x45_M249_200rnd_4Ball_1Tracer.et" destroyed during loading of the world. This might cause issues with startup sync!
18:18:31.400     ENTITY       : SpawnEntityPrefab @"{84029128FA6F6BB9}Prefabs/Characters/Factions/BLUFOR/US_Army/Character_US_GL.et"
18:18:31.400      WORLD        : InitEntities 'PreloadWorld'
18:18:31.400       ENTITY       : Init entity @"ENTITY:105" ('SCR_ChimeraCharacter','Assets/Character/Men/REAPER_BaseBody_Upgrade.xob') at <0.000000 0.000000 0.000000> @"{84029128FA6F6BB9}Prefabs/Characters/Factions/BLUFOR/US_Army/Character_US_GL.et"
18:18:31.400        INVENTORY (E): Couldn't insert item @"ENTITY:153" ('GenericEntity','Assets/Weapons/Magazines/STANAG/Magazine_30rnd_STANAG.xob') at <0.000000 0.000000 0.000000> @"{D8F2CA92583B23D3}Prefabs/Weapons/Magazines/Magazine_556x45_STANAG_30rnd_M855_M856_Last_5Tracer.et" into storage @"ENTITY:124" ('GenericEntity','Assets/Items/Equipment/Accessories/Pouch_ALICE_30rnd_STANAG/Pouch_ALICE_30rnd_STANAG.xob') at <-0.105000 1.129568 0.050876> @"{0B0D67BC8F43A052}Prefabs/Items/Equipment/Accessories/Pouch_ALICE_30rnd_STANAG/Pouch_ALICE_30rnd_STANAG_base.et" while spawning initial items inside the storage.
18:18:31.400        NETWORK   (W): Replication: RplComponent on entity @"ENTITY:153" ('GenericEntity','Assets/Weapons/Magazines/STANAG/Magazine_30rnd_STANAG.xob') at <0.000000 0.000000 0.000000> @"{D8F2CA92583B23D3}Prefabs/Weapons/Magazines/Magazine_556x45_STANAG_30rnd_M855_M856_Last_5Tracer.et" destroyed during loading of the world. This might cause issues with startup sync!
18:18:31.400        INVENTORY (E): Couldn't insert item @"ENTITY:154" ('GenericEntity','Assets/Weapons/Magazines/STANAG/Magazine_30rnd_STANAG.xob') at <0.000000 0.000000 0.000000> @"{D8F2CA92583B23D3}Prefabs/Weapons/Magazines/Magazine_556x45_STANAG_30rnd_M855_M856_Last_5Tracer.et" into storage @"ENTITY:124" ('GenericEntity','Assets/Items/Equipment/Accessories/Pouch_ALICE_30rnd_STANAG/Pouch_ALICE_30rnd_STANAG.xob') at <-0.105000 1.129568 0.050876> @"{0B0D67BC8F43A052}Prefabs/Items/Equipment/Accessories/Pouch_ALICE_30rnd_STANAG/Pouch_ALICE_30rnd_STANAG_base.et" while spawning initial items inside the storage.
18:18:31.400        NETWORK   (W): Replication: RplComponent on entity @"ENTITY:154" ('GenericEntity','Assets/Weapons/Magazines/STANAG/Magazine_30rnd_STANAG.xob') at <0.000000 0.000000 0.000000> @"{D8F2CA92583B23D3}Prefabs/Weapons/Magazines/Magazine_556x45_STANAG_30rnd_M855_M856_Last_5Tracer.et" destroyed during loading of the world. This might cause issues with startup sync!
18:18:31.400        INVENTORY (E): Couldn't insert item @"ENTITY:155" ('GenericEntity','Assets/Weapons/Grenades/M67/Grenade_M67.xob') at <0.000000 0.000000 0.000000> @"{E8F00BF730225B00}Prefabs/Weapons/Grenades/Grenade_M67.et" into storage @"ENTITY:124" ('GenericEntity','Assets/Items/Equipment/Accessories/Pouch_ALICE_30rnd_STANAG/Pouch_ALICE_30rnd_STANAG.xob') at <-0.105000 1.129568 0.050876> @"{0B0D67BC8F43A052}Prefabs/Items/Equipment/Accessories/Pouch_ALICE_30rnd_STANAG/Pouch_ALICE_30rnd_STANAG_base.et" while spawning initial items inside the storage.
18:18:31.400        NETWORK   (W): Replication: RplComponent on entity @"ENTITY:155" ('GenericEntity','Assets/Weapons/Grenades/M67/Grenade_M67.xob') at <0.000000 0.000000 0.000000> @"{E8F00BF730225B00}Prefabs/Weapons/Grenades/Grenade_M67.et" destroyed during loading of the world. This might cause issues with startup sync!
18:18:31.400        INVENTORY (E): Couldn't insert item @"ENTITY:156" ('GenericEntity','Assets/Weapons/Grenades/M67/Grenade_M67.xob') at <0.000000 0.000000 0.000000> @"{E8F00BF730225B00}Prefabs/Weapons/Grenades/Grenade_M67.et" into storage @"ENTITY:124" ('GenericEntity','Assets/Items/Equipment/Accessories/Pouch_ALICE_30rnd_STANAG/Pouch_ALICE_30rnd_STANAG.xob') at <-0.105000 1.129568 0.050876> @"{0B0D67BC8F43A052}Prefabs/Items/Equipment/Accessories/Pouch_ALICE_30rnd_STANAG/Pouch_ALICE_30rnd_STANAG_base.et" while spawning initial items inside the storage.
18:18:31.400        NETWORK   (W): Replication: RplComponent on entity @"ENTITY:156" ('GenericEntity','Assets/Weapons/Grenades/M67/Grenade_M67.xob') at <0.000000 0.000000 0.000000> @"{E8F00BF730225B00}Prefabs/Weapons/Grenades/Grenade_M67.et" destroyed during loading of the world. This might cause issues with startup sync!
18:18:31.400        INVENTORY (E): Couldn't insert item @"ENTITY:157" ('GenericEntity','Assets/Weapons/Grenades/M67/Grenade_M67.xob') at <0.000000 0.000000 0.000000> @"{E8F00BF730225B00}Prefabs/Weapons/Grenades/Grenade_M67.et" into storage @"ENTITY:124" ('GenericEntity','Assets/Items/Equipment/Accessories/Pouch_ALICE_30rnd_STANAG/Pouch_ALICE_30rnd_STANAG.xob') at <-0.105000 1.129568 0.050876> @"{0B0D67BC8F43A052}Prefabs/Items/Equipment/Accessories/Pouch_ALICE_30rnd_STANAG/Pouch_ALICE_30rnd_STANAG_base.et" while spawning initial items inside the storage.
18:18:31.400        NETWORK   (W): Replication: RplComponent on entity @"ENTITY:157" ('GenericEntity','Assets/Weapons/Grenades/M67/Grenade_M67.xob') at <0.000000 0.000000 0.000000> @"{E8F00BF730225B00}Prefabs/Weapons/Grenades/Grenade_M67.et" destroyed during loading of the world. This might cause issues with startup sync!
18:18:31.412     ENTITY       : SpawnEntityPrefab @"{27BF1FF235DD6036}Prefabs/Characters/Factions/BLUFOR/US_Army/Character_US_LAT.et"
18:18:31.412      WORLD        : InitEntities 'PreloadWorld'
18:18:31.412       ENTITY       : Init entity @"ENTITY:178" ('SCR_ChimeraCharacter','Assets/Character/Men/REAPER_BaseBody_Upgrade.xob') at <0.000000 0.000000 0.000000> @"{27BF1FF235DD6036}Prefabs/Characters/Factions/BLUFOR/US_Army/Character_US_LAT.et"
18:18:31.412        INVENTORY (E): Couldn't insert item @"ENTITY:228" ('GenericEntity','Assets/Weapons/Magazines/STANAG/Magazine_30rnd_STANAG.xob') at <0.000000 0.000000 0.000000> @"{D8F2CA92583B23D3}Prefabs/Weapons/Magazines/Magazine_556x45_STANAG_30rnd_M855_M856_Last_5Tracer.et" into storage @"ENTITY:199" ('GenericEntity','Assets/Items/Equipment/Accessories/Pouch_ALICE_30rnd_STANAG/Pouch_ALICE_30rnd_STANAG.xob') at <-0.144399 1.162781 0.105744> @"{E3154E0EAC48D67B}Prefabs/Items/Equipment/Accessories/Pouch_ALICE_30rnd_STANAG/Pouch_ALICE_30rnd_STANAG.et" while spawning initial items inside the storage.
18:18:31.412        NETWORK   (W): Replication: RplComponent on entity @"ENTITY:228" ('GenericEntity','Assets/Weapons/Magazines/STANAG/Magazine_30rnd_STANAG.xob') at <0.000000 0.000000 0.000000> @"{D8F2CA92583B23D3}Prefabs/Weapons/Magazines/Magazine_556x45_STANAG_30rnd_M855_M856_Last_5Tracer.et" destroyed during loading of the world. This might cause issues with startup sync!
18:18:31.412        INVENTORY (E): Couldn't insert item @"ENTITY:229" ('GenericEntity','Assets/Weapons/Magazines/STANAG/Magazine_30rnd_STANAG.xob') at <0.000000 0.000000 0.000000> @"{D8F2CA92583B23D3}Prefabs/Weapons/Magazines/Magazine_556x45_STANAG_30rnd_M855_M856_Last_5Tracer.et" into storage @"ENTITY:199" ('GenericEntity','Assets/Items/Equipment/Accessories/Pouch_ALICE_30rnd_STANAG/Pouch_ALICE_30rnd_STANAG.xob') at <-0.144399 1.162781 0.105744> @"{E3154E0EAC48D67B}Prefabs/Items/Equipment/Accessories/Pouch_ALICE_30rnd_STANAG/Pouch_ALICE_30rnd_STANAG.et" while spawning initial items inside the storage.
18:18:31.412        NETWORK   (W): Replication: RplComponent on entity @"ENTITY:229" ('GenericEntity','Assets/Weapons/Magazines/STANAG/Magazine_30rnd_STANAG.xob') at <0.000000 0.000000 0.000000> @"{D8F2CA92583B23D3}Prefabs/Weapons/Magazines/Magazine_556x45_STANAG_30rnd_M855_M856_Last_5Tracer.et" destroyed during loading of the world. This might cause issues with startup sync!
18:18:31.412        INVENTORY (E): Couldn't insert item @"ENTITY:230" ('GenericEntity','Assets/Weapons/Magazines/STANAG/Magazine_30rnd_STANAG.xob') at <0.000000 0.000000 0.000000> @"{D8F2CA92583B23D3}Prefabs/Weapons/Magazines/Magazine_556x45_STANAG_30rnd_M855_M856_Last_5Tracer.et" into storage @"ENTITY:199" ('GenericEntity','Assets/Items/Equipment/Accessories/Pouch_ALICE_30rnd_STANAG/Pouch_ALICE_30rnd_STANAG.xob') at <-0.144399 1.162781 0.105744> @"{E3154E0EAC48D67B}Prefabs/Items/Equipment/Accessories/Pouch_ALICE_30rnd_STANAG/Pouch_ALICE_30rnd_STANAG.et" while spawning initial items inside the storage.
18:18:31.412        NETWORK   (W): Replication: RplComponent on entity @"ENTITY:230" ('GenericEntity','Assets/Weapons/Magazines/STANAG/Magazine_30rnd_STANAG.xob') at <0.000000 0.000000 0.000000> @"{D8F2CA92583B23D3}Prefabs/Weapons/Magazines/Magazine_556x45_STANAG_30rnd_M855_M856_Last_5Tracer.et" destroyed during loading of the world. This might cause issues with startup sync!
18:18:31.429     ENTITY       : SpawnEntityPrefab @"{C9E4FEAF5AAC8D8C}Prefabs/Characters/Factions/BLUFOR/US_Army/Character_US_Medic.et"
18:18:31.429      WORLD        : InitEntities 'PreloadWorld'
18:18:31.429       ENTITY       : Init entity @"ENTITY:234" ('SCR_ChimeraCharacter','Assets/Character/Men/REAPER_BaseBody_Upgrade.xob') at <0.000000 0.000000 0.000000> @"{C9E4FEAF5AAC8D8C}Prefabs/Characters/Factions/BLUFOR/US_Army/Character_US_Medic.et"
18:18:31.429        INVENTORY (E): Couldn't insert item @"ENTITY:307" ('GenericEntity','Assets/Weapons/Magazines/STANAG/Magazine_30rnd_STANAG.xob') at <0.000000 0.000000 0.000000> @"{D8F2CA92583B23D3}Prefabs/Weapons/Magazines/Magazine_556x45_STANAG_30rnd_M855_M856_Last_5Tracer.et" into storage @"ENTITY:255" ('GenericEntity','Assets/Items/Equipment/Accessories/Pouch_ALICE_30rnd_STANAG/Pouch_ALICE_30rnd_STANAG.xob') at <-0.144399 1.162781 0.105744> @"{E3154E0EAC48D67B}Prefabs/Items/Equipment/Accessories/Pouch_ALICE_30rnd_STANAG/Pouch_ALICE_30rnd_STANAG.et" while spawning initial items inside the storage.
18:18:31.429        NETWORK   (W): Replication: RplComponent on entity @"ENTITY:307" ('GenericEntity','Assets/Weapons/Magazines/STANAG/Magazine_30rnd_STANAG.xob') at <0.000000 0.000000 0.000000> @"{D8F2CA92583B23D3}Prefabs/Weapons/Magazines/Magazine_556x45_STANAG_30rnd_M855_M856_Last_5Tracer.et" destroyed during loading of the world. This might cause issues with startup sync!
18:18:31.429        INVENTORY (E): Couldn't insert item @"ENTITY:308" ('GenericEntity','Assets/Weapons/Magazines/STANAG/Magazine_30rnd_STANAG.xob') at <0.000000 0.000000 0.000000> @"{D8F2CA92583B23D3}Prefabs/Weapons/Magazines/Magazine_556x45_STANAG_30rnd_M855_M856_Last_5Tracer.et" into storage @"ENTITY:255" ('GenericEntity','Assets/Items/Equipment/Accessories/Pouch_ALICE_30rnd_STANAG/Pouch_ALICE_30rnd_STANAG.xob') at <-0.144399 1.162781 0.105744> @"{E3154E0EAC48D67B}Prefabs/Items/Equipment/Accessories/Pouch_ALICE_30rnd_STANAG/Pouch_ALICE_30rnd_STANAG.et" while spawning initial items inside the storage.
18:18:31.429        NETWORK   (W): Replication: RplComponent on entity @"ENTITY:308" ('GenericEntity','Assets/Weapons/Magazines/STANAG/Magazine_30rnd_STANAG.xob') at <0.000000 0.000000 0.000000> @"{D8F2CA92583B23D3}Prefabs/Weapons/Magazines/Magazine_556x45_STANAG_30rnd_M855_M856_Last_5Tracer.et" destroyed during loading of the world. This might cause issues with startup sync!
18:18:31.453     ENTITY       : SpawnEntityPrefab @"{26A9756790131354}Prefabs/Characters/Factions/BLUFOR/US_Army/Character_US_Rifleman.et"
18:18:31.453      WORLD        : InitEntities 'PreloadWorld'
18:18:31.453       ENTITY       : Init entity @"ENTITY:357" ('SCR_ChimeraCharacter','Assets/Character/Men/REAPER_BaseBody_Upgrade.xob') at <0.000000 0.000000 0.000000> @"{26A9756790131354}Prefabs/Characters/Factions/BLUFOR/US_Army/Character_US_Rifleman.et"
18:18:31.453        INVENTORY (E): Couldn't insert item @"ENTITY:405" ('GenericEntity','Assets/Weapons/Magazines/STANAG/Magazine_30rnd_STANAG.xob') at <0.000000 0.000000 0.000000> @"{D8F2CA92583B23D3}Prefabs/Weapons/Magazines/Magazine_556x45_STANAG_30rnd_M855_M856_Last_5Tracer.et" into storage @"ENTITY:376" ('GenericEntity','Assets/Items/Equipment/Accessories/Pouch_ALICE_30rnd_STANAG/Pouch_ALICE_30rnd_STANAG.xob') at <-0.144399 1.162781 0.105744> @"{E3154E0EAC48D67B}Prefabs/Items/Equipment/Accessories/Pouch_ALICE_30rnd_STANAG/Pouch_ALICE_30rnd_STANAG.et" while spawning initial items inside the storage.
18:18:31.453        NETWORK   (W): Replication: RplComponent on entity @"ENTITY:405" ('GenericEntity','Assets/Weapons/Magazines/STANAG/Magazine_30rnd_STANAG.xob') at <0.000000 0.000000 0.000000> @"{D8F2CA92583B23D3}Prefabs/Weapons/Magazines/Magazine_556x45_STANAG_30rnd_M855_M856_Last_5Tracer.et" destroyed during loading of the world. This might cause issues with startup sync!
18:18:31.453        INVENTORY (E): Couldn't insert item @"ENTITY:406" ('GenericEntity','Assets/Weapons/Magazines/STANAG/Magazine_30rnd_STANAG.xob') at <0.000000 0.000000 0.000000> @"{D8F2CA92583B23D3}Prefabs/Weapons/Magazines/Magazine_556x45_STANAG_30rnd_M855_M856_Last_5Tracer.et" into storage @"ENTITY:376" ('GenericEntity','Assets/Items/Equipment/Accessories/Pouch_ALICE_30rnd_STANAG/Pouch_ALICE_30rnd_STANAG.xob') at <-0.144399 1.162781 0.105744> @"{E3154E0EAC48D67B}Prefabs/Items/Equipment/Accessories/Pouch_ALICE_30rnd_STANAG/Pouch_ALICE_30rnd_STANAG.et" while spawning initial items inside the storage.
18:18:31.453        NETWORK   (W): Replication: RplComponent on entity @"ENTITY:406" ('GenericEntity','Assets/Weapons/Magazines/STANAG/Magazine_30rnd_STANAG.xob') at <0.000000 0.000000 0.000000> @"{D8F2CA92583B23D3}Prefabs/Weapons/Magazines/Magazine_556x45_STANAG_30rnd_M855_M856_Last_5Tracer.et" destroyed during loading of the world. This might cause issues with startup sync!
18:18:31.453        INVENTORY (E): Couldn't insert item @"ENTITY:407" ('GenericEntity','Assets/Weapons/Magazines/STANAG/Magazine_30rnd_STANAG.xob') at <0.000000 0.000000 0.000000> @"{D8F2CA92583B23D3}Prefabs/Weapons/Magazines/Magazine_556x45_STANAG_30rnd_M855_M856_Last_5Tracer.et" into storage @"ENTITY:376" ('GenericEntity','Assets/Items/Equipment/Accessories/Pouch_ALICE_30rnd_STANAG/Pouch_ALICE_30rnd_STANAG.xob') at <-0.144399 1.162781 0.105744> @"{E3154E0EAC48D67B}Prefabs/Items/Equipment/Accessories/Pouch_ALICE_30rnd_STANAG/Pouch_ALICE_30rnd_STANAG.et" while spawning initial items inside the storage.
18:18:31.453        NETWORK   (W): Replication: RplComponent on entity @"ENTITY:407" ('GenericEntity','Assets/Weapons/Magazines/STANAG/Magazine_30rnd_STANAG.xob') at <0.000000 0.000000 0.000000> @"{D8F2CA92583B23D3}Prefabs/Weapons/Magazines/Magazine_556x45_STANAG_30rnd_M855_M856_Last_5Tracer.et" destroyed during loading of the world. This might cause issues with startup sync!
18:18:31.461     ENTITY       : SpawnEntityPrefab @"{1CA3D30464EE4674}Prefabs/Characters/Factions/BLUFOR/US_Army/Character_US_Spotter.et"
18:18:31.461      WORLD        : InitEntities 'PreloadWorld'
18:18:31.461       ENTITY       : Init entity @"ENTITY:411" ('SCR_ChimeraCharacter','Assets/Character/Men/REAPER_BaseBody_Upgrade.xob') at <0.000000 0.000000 0.000000> @"{1CA3D30464EE4674}Prefabs/Characters/Factions/BLUFOR/US_Army/Character_US_Spotter.et"
18:18:31.461        INVENTORY (E): Couldn't insert item @"ENTITY:461" ('GenericEntity','Assets/Weapons/Magazines/STANAG/Magazine_30rnd_STANAG.xob') at <0.000000 0.000000 0.000000> @"{D8F2CA92583B23D3}Prefabs/Weapons/Magazines/Magazine_556x45_STANAG_30rnd_M855_M856_Last_5Tracer.et" into storage @"ENTITY:432" ('GenericEntity','Assets/Items/Equipment/Accessories/Pouch_ALICE_30rnd_STANAG/Pouch_ALICE_30rnd_STANAG.xob') at <-0.105000 1.129568 0.050876> @"{0B0D67BC8F43A052}Prefabs/Items/Equipment/Accessories/Pouch_ALICE_30rnd_STANAG/Pouch_ALICE_30rnd_STANAG_base.et" while spawning initial items inside the storage.
18:18:31.461        NETWORK   (W): Replication: RplComponent on entity @"ENTITY:461" ('GenericEntity','Assets/Weapons/Magazines/STANAG/Magazine_30rnd_STANAG.xob') at <0.000000 0.000000 0.000000> @"{D8F2CA92583B23D3}Prefabs/Weapons/Magazines/Magazine_556x45_STANAG_30rnd_M855_M856_Last_5Tracer.et" destroyed during loading of the world. This might cause issues with startup sync!
18:18:31.461        INVENTORY (E): Couldn't insert item @"ENTITY:462" ('GenericEntity','Assets/Weapons/Magazines/STANAG/Magazine_30rnd_STANAG.xob') at <0.000000 0.000000 0.000000> @"{D8F2CA92583B23D3}Prefabs/Weapons/Magazines/Magazine_556x45_STANAG_30rnd_M855_M856_Last_5Tracer.et" into storage @"ENTITY:432" ('GenericEntity','Assets/Items/Equipment/Accessories/Pouch_ALICE_30rnd_STANAG/Pouch_ALICE_30rnd_STANAG.xob') at <-0.105000 1.129568 0.050876> @"{0B0D67BC8F43A052}Prefabs/Items/Equipment/Accessories/Pouch_ALICE_30rnd_STANAG/Pouch_ALICE_30rnd_STANAG_base.et" while spawning initial items inside the storage.
18:18:31.461        NETWORK   (W): Replication: RplComponent on entity @"ENTITY:462" ('GenericEntity','Assets/Weapons/Magazines/STANAG/Magazine_30rnd_STANAG.xob') at <0.000000 0.000000 0.000000> @"{D8F2CA92583B23D3}Prefabs/Weapons/Magazines/Magazine_556x45_STANAG_30rnd_M855_M856_Last_5Tracer.et" destroyed during loading of the world. This might cause issues with startup sync!
18:18:31.461        INVENTORY (E): Couldn't insert item @"ENTITY:463" ('GenericEntity','Assets/Weapons/Grenades/M67/Grenade_M67.xob') at <0.000000 0.000000 0.000000> @"{E8F00BF730225B00}Prefabs/Weapons/Grenades/Grenade_M67.et" into storage @"ENTITY:432" ('GenericEntity','Assets/Items/Equipment/Accessories/Pouch_ALICE_30rnd_STANAG/Pouch_ALICE_30rnd_STANAG.xob') at <-0.105000 1.129568 0.050876> @"{0B0D67BC8F43A052}Prefabs/Items/Equipment/Accessories/Pouch_ALICE_30rnd_STANAG/Pouch_ALICE_30rnd_STANAG_base.et" while spawning initial items inside the storage.
18:18:31.461        NETWORK   (W): Replication: RplComponent on entity @"ENTITY:463" ('GenericEntity','Assets/Weapons/Grenades/M67/Grenade_M67.xob') at <0.000000 0.000000 0.000000> @"{E8F00BF730225B00}Prefabs/Weapons/Grenades/Grenade_M67.et" destroyed during loading of the world. This might cause issues with startup sync!
18:18:31.461        INVENTORY (E): Couldn't insert item @"ENTITY:464" ('GenericEntity','Assets/Weapons/Grenades/M67/Grenade_M67.xob') at <0.000000 0.000000 0.000000> @"{E8F00BF730225B00}Prefabs/Weapons/Grenades/Grenade_M67.et" into storage @"ENTITY:432" ('GenericEntity','Assets/Items/Equipment/Accessories/Pouch_ALICE_30rnd_STANAG/Pouch_ALICE_30rnd_STANAG.xob') at <-0.105000 1.129568 0.050876> @"{0B0D67BC8F43A052}Prefabs/Items/Equipment/Accessories/Pouch_ALICE_30rnd_STANAG/Pouch_ALICE_30rnd_STANAG_base.et" while spawning initial items inside the storage.
18:18:31.461        NETWORK   (W): Replication: RplComponent on entity @"ENTITY:464" ('GenericEntity','Assets/Weapons/Grenades/M67/Grenade_M67.xob') at <0.000000 0.000000 0.000000> @"{E8F00BF730225B00}Prefabs/Weapons/Grenades/Grenade_M67.et" destroyed during loading of the world. This might cause issues with startup sync!
18:18:31.462        INVENTORY (E): Couldn't insert item @"ENTITY:465" ('GenericEntity','Assets/Weapons/Grenades/M67/Grenade_M67.xob') at <0.000000 0.000000 0.000000> @"{E8F00BF730225B00}Prefabs/Weapons/Grenades/Grenade_M67.et" into storage @"ENTITY:432" ('GenericEntity','Assets/Items/Equipment/Accessories/Pouch_ALICE_30rnd_STANAG/Pouch_ALICE_30rnd_STANAG.xob') at <-0.105000 1.129568 0.050876> @"{0B0D67BC8F43A052}Prefabs/Items/Equipment/Accessories/Pouch_ALICE_30rnd_STANAG/Pouch_ALICE_30rnd_STANAG_base.et" while spawning initial items inside the storage.
18:18:31.462        NETWORK   (W): Replication: RplComponent on entity @"ENTITY:465" ('GenericEntity','Assets/Weapons/Grenades/M67/Grenade_M67.xob') at <0.000000 0.000000 0.000000> @"{E8F00BF730225B00}Prefabs/Weapons/Grenades/Grenade_M67.et" destroyed during loading of the world. This might cause issues with startup sync!
18:18:31.519     ENTITY       : SpawnEntityPrefab @"{23ADBBC31B6A3DC6}Prefabs/Characters/Factions/OPFOR/USSR_Army/Character_USSR_AR.et"
18:18:31.519      WORLD        : InitEntities 'PreloadWorld'
18:18:31.519       ENTITY       : Init entity @"ENTITY:533" ('SCR_ChimeraCharacter','Assets/Character/Men/REAPER_BaseBody_Upgrade.xob') at <0.000000 0.000000 0.000000> @"{23ADBBC31B6A3DC6}Prefabs/Characters/Factions/OPFOR/USSR_Army/Character_USSR_AR.et"
18:18:31.520        INVENTORY (E): Couldn't insert item @"ENTITY:573" ('GenericEntity','Assets/Weapons/Magazines/RPK74/Magazine_45rnd_RPK74.xob') at <0.000000 0.000000 0.000000> @"{D78C667F59829717}Prefabs/Weapons/Magazines/Magazine_545x39_RPK_45rnd_4Ball_1Tracer.et" into storage @"ENTITY:550" ('GenericEntity','Assets/Items/Equipment/Accessories/Pouch_Soviet_45rnd_RPK74/Pouch_Soviet_45rnd_RPK74.xob') at <-0.128100 1.112103 0.103191> @"{B6EEF03975F21E4E}Prefabs/Items/Equipment/Accessories/Pouch_Soviet_45rnd_RPK74/Pouch_Soviet_45rnd_RPK74.et" while spawning initial items inside the storage.
18:18:31.520        NETWORK   (W): Replication: RplComponent on entity @"ENTITY:573" ('GenericEntity','Assets/Weapons/Magazines/RPK74/Magazine_45rnd_RPK74.xob') at <0.000000 0.000000 0.000000> @"{D78C667F59829717}Prefabs/Weapons/Magazines/Magazine_545x39_RPK_45rnd_4Ball_1Tracer.et" destroyed during loading of the world. This might cause issues with startup sync!
18:18:31.520        INVENTORY (E): Couldn't insert item @"ENTITY:574" ('GenericEntity','Assets/Weapons/Magazines/RPK74/Magazine_45rnd_RPK74.xob') at <0.000000 0.000000 0.000000> @"{D78C667F59829717}Prefabs/Weapons/Magazines/Magazine_545x39_RPK_45rnd_4Ball_1Tracer.et" into storage @"ENTITY:550" ('GenericEntity','Assets/Items/Equipment/Accessories/Pouch_Soviet_45rnd_RPK74/Pouch_Soviet_45rnd_RPK74.xob') at <-0.128100 1.112103 0.103191> @"{B6EEF03975F21E4E}Prefabs/Items/Equipment/Accessories/Pouch_Soviet_45rnd_RPK74/Pouch_Soviet_45rnd_RPK74.et" while spawning initial items inside the storage.
18:18:31.520        NETWORK   (W): Replication: RplComponent on entity @"ENTITY:574" ('GenericEntity','Assets/Weapons/Magazines/RPK74/Magazine_45rnd_RPK74.xob') at <0.000000 0.000000 0.000000> @"{D78C667F59829717}Prefabs/Weapons/Magazines/Magazine_545x39_RPK_45rnd_4Ball_1Tracer.et" destroyed during loading of the world. This might cause issues with startup sync!
18:18:31.520        INVENTORY (E): Couldn't insert item @"ENTITY:575" ('GenericEntity','Assets/Weapons/Magazines/RPK74/Magazine_45rnd_RPK74.xob') at <0.000000 0.000000 0.000000> @"{D78C667F59829717}Prefabs/Weapons/Magazines/Magazine_545x39_RPK_45rnd_4Ball_1Tracer.et" into storage @"ENTITY:550" ('GenericEntity','Assets/Items/Equipment/Accessories/Pouch_Soviet_45rnd_RPK74/Pouch_Soviet_45rnd_RPK74.xob') at <-0.128100 1.112103 0.103191> @"{B6EEF03975F21E4E}Prefabs/Items/Equipment/Accessories/Pouch_Soviet_45rnd_RPK74/Pouch_Soviet_45rnd_RPK74.et" while spawning initial items inside the storage.
18:18:31.520        NETWORK   (W): Replication: RplComponent on entity @"ENTITY:575" ('GenericEntity','Assets/Weapons/Magazines/RPK74/Magazine_45rnd_RPK74.xob') at <0.000000 0.000000 0.000000> @"{D78C667F59829717}Prefabs/Weapons/Magazines/Magazine_545x39_RPK_45rnd_4Ball_1Tracer.et" destroyed during loading of the world. This might cause issues with startup sync!
18:18:31.520        INVENTORY (E): Couldn't insert item @"ENTITY:576" ('GenericEntity','Assets/Weapons/Magazines/RPK74/Magazine_45rnd_RPK74.xob') at <0.000000 0.000000 0.000000> @"{D78C667F59829717}Prefabs/Weapons/Magazines/Magazine_545x39_RPK_45rnd_4Ball_1Tracer.et" into storage @"ENTITY:550" ('GenericEntity','Assets/Items/Equipment/Accessories/Pouch_Soviet_45rnd_RPK74/Pouch_Soviet_45rnd_RPK74.xob') at <-0.128100 1.112103 0.103191> @"{B6EEF03975F21E4E}Prefabs/Items/Equipment/Accessories/Pouch_Soviet_45rnd_RPK74/Pouch_Soviet_45rnd_RPK74.et" while spawning initial items inside the storage.
18:18:31.520        NETWORK   (W): Replication: RplComponent on entity @"ENTITY:576" ('GenericEntity','Assets/Weapons/Magazines/RPK74/Magazine_45rnd_RPK74.xob') at <0.000000 0.000000 0.000000> @"{D78C667F59829717}Prefabs/Weapons/Magazines/Magazine_545x39_RPK_45rnd_4Ball_1Tracer.et" destroyed during loading of the world. This might cause issues with startup sync!
18:18:35.081    ENTITY       : Create entity @"ENTITY:611109" ('StaticModelEntity','Assets/Structures/Infrastructure/Towers/TransmitterTower_01/TransmitterTower_01_small.xob') at <1931.796021 81.777000 5138.725098> @"{6A004A8F0571D456}Prefabs/Structures/Infrastructure/Towers/TransmitterTower_01/TransmitterTower_01_small.et"
18:18:35.082     DEFAULT   (W): World doesn't contain RadioManagerEntity to support any BaseRadioComponent.
18:18:38.489    ENTITY       : Create entity @"ENTITY:1102567" ('StaticModelEntity') at <8831.291016 95.934265 2673.487061>
18:18:38.489     MATERIAL     : Material load @"{45ECF6B1797D3CD9}system/wbdata/PreviewWindow/TransparentMat.emat"
18:18:38.489      MATERIAL  (E): Material file not found
18:18:38.489     MATERIAL  (E): Object @"Assets/Structures/Cultural/Calvaries/CalvaryLarge_01/CalvaryLarge_01.xob" - cannot load material @"system/wbdata/PreviewWindow/TransparentMat.emat", creating default one (class MatPBRBasic)
18:18:40.423    ENTITY       : Create entity @"ENTITY:2305843009213694425" ('Ural4320_transport1', Vehicle) at <4821.931152 169.774002 6982.250977> @"{16C1F16C9B053801}Prefabs/Vehicles/Wheeled/Ural4320/Ural4320_transport.et"
18:18:40.423     DEFAULT   (W): BaseRadioComponent does not have any transceiver. (Entity: @"ENTITY:2305843009213694425" ('Ural4320_transport1', Vehicle) at <4821.931152 169.774002 6982.250977> @"{16C1F16C9B053801}Prefabs/Vehicles/Wheeled/Ural4320/Ural4320_transport.et"). Only printing this message once. There're possibly more nodes with this requirement.
18:18:42.335    ENTITY       : Create entity @"ENTITY:2305843009213694963" ('SCR_FactionManager') at <4971.789062 2.900000 3858.123047> @"REAPER_FactionManager"
18:18:42.335     RESOURCES    : GetResourceObject @"{DDDD9B51F1234DF3}Prefabs/Vehicles/Helicopters/UH1H/UH1H_armed.et"
18:18:42.335      WORLD        : Entity prefab load @"{DDDD9B51F1234DF3}Prefabs/Vehicles/Helicopters/UH1H/UH1H_armed.et"
18:18:42.335       RESOURCES    : GetResourceObject @"{70BAEEFC2D3FEE64}Prefabs/Vehicles/Helicopters/UH1H/UH1H.et"
18:18:42.335        WORLD        : Entity prefab load @"{70BAEEFC2D3FEE64}Prefabs/Vehicles/Helicopters/UH1H/UH1H.et"
18:18:42.335         RESOURCES    : GetResourceObject @"{D03C0F6044DB5208}Prefabs/Vehicles/Helicopters/UH1H/UH1H_base.et"
18:18:42.335          WORLD        : Entity prefab load @"{D03C0F6044DB5208}Prefabs/Vehicles/Helicopters/UH1H/UH1H_base.et"
18:18:42.335           WORLD     (E): Unknown keyword/data 'm_bShowEffectInWB' at offset 17107(0x42d3)
18:18:42.382     RESOURCES    : GetResourceObject @"{EC13D4E934B2ADD8}Prefabs/Items/Demining/MineFlags/MineFlag_US.et"
18:18:42.382      WORLD        : Entity prefab load @"{EC13D4E934B2ADD8}Prefabs/Items/Demining/MineFlags/MineFlag_US.et"
18:18:42.382       RESOURCES    : GetResourceObject @"{37535B53F57D1632}Prefabs/Items/Demining/MineFlags/MineFlag_base.et"
18:18:42.382        WORLD        : Entity prefab load @"{37535B53F57D1632}Prefabs/Items/Demining/MineFlags/MineFlag_base.et"
18:18:42.382         RESOURCES (E): Wrong GUID/name for resource @"{A65C460102F07AF5}Assets/Items/Medicine/PressureBandage_01/PressureBandage_01.xob" in property "Object"
18:18:42.434     RESOURCES    : GetResourceObject @"{7BD282AF716ED639}Prefabs/Vehicles/Helicopters/Mi8MT/Mi8MT_armed.et"
18:18:42.434      WORLD        : Entity prefab load @"{7BD282AF716ED639}Prefabs/Vehicles/Helicopters/Mi8MT/Mi8MT_armed.et"
18:18:42.434       RESOURCES    : GetResourceObject @"{20C37D5090E4E0E6}Prefabs/Vehicles/Helicopters/Mi8MT/Mi8MT_armed_base.et"
18:18:42.434        WORLD        : Entity prefab load @"{20C37D5090E4E0E6}Prefabs/Vehicles/Helicopters/Mi8MT/Mi8MT_armed_base.et"
18:18:42.434         RESOURCES    : GetResourceObject @"{AFF6067A5CE8A853}Prefabs/Vehicles/Helicopters/Mi8MT/Mi8MT_base.et"
18:18:42.434          WORLD        : Entity prefab load @"{AFF6067A5CE8A853}Prefabs/Vehicles/Helicopters/Mi8MT/Mi8MT_base.et"
18:18:42.434           RESOURCES    : GetResourceObject @"{AFF6067A5CE8A852}Prefabs/Vehicles/Helicopters/Mi8MT/Mi8_base.et"
18:18:42.434            WORLD        : Entity prefab load @"{AFF6067A5CE8A852}Prefabs/Vehicles/Helicopters/Mi8MT/Mi8_base.et"
18:18:42.434             RESOURCES    : GetResourceObject @"{AFF6067A5CE8A852}Prefabs/Vehicles/Helicopters/Mi8MT/Mi8_base.et"
18:18:42.434              WORLD        : Entity prefab load @"{AFF6067A5CE8A852}Prefabs/Vehicles/Helicopters/Mi8MT/Mi8_base.et"
18:18:42.434               WORLD     (E): Unknown keyword/data 'm_bShowEffectInWB' at offset 19174(0x4ae6)
18:18:42.669    ENTITY       : Create entity @"ENTITY:2305843009213696642" ('SCR_DestructibleEntity') at <2228.251953 18.163221 7541.690918>
18:18:42.669     ENTITY    (E): Destructible SCR_DestructibleEntityClass doesn't have a initial and final phase!
18:18:42.669     DEFAULT   (E): SCR_DestructionMultiPhaseComponent can't be attached to a destructible entity @"ENTITY:2305843009213696642" ('SCR_DestructibleEntity','Assets/Props/Military/Fortification/BarbedWire/BarbedTape_Coil.xob') at <2228.251953 18.163221 7541.690918> @"{CF2D97841C514559}Prefabs/Compositions/Misc/SubCompositions/Decorations/BarbedCoil_Light_USSR_01.et"
18:18:43.164    WORLD        : WORLD        : NotifyBeforeEntitiesInitialized
18:18:43.164    PROFILING    : NotifyBeforeEntitiesInitialized took: 0.036000 ms
18:18:43.164    WORLD        : InitEntities 'world'
18:18:43.164     ENTITY       : Init entity @"ENTITY:3" ('SCR_MapEntity1', SCR_MapEntity) at <6400.000000 0.000000 6400.000000> @"{E1B88C66BF6CA1F9}Prefabs/World/Game/MapEntity_Everon.et"
18:18:43.164      SCRIPT    (W): SCR_MapEntity: Cannot get the size from terrain. Using default.
18:18:43.991     ENTITY       : Init entity @"ENTITY:2305843009213698918" ('SCR_BaseTaskManager') at <4974.275879 3.146000 3857.872070> @"{5A0559B1D379BA96}Prefabs/World/REAPER_SF_TaskManager_V1.2.et"
18:18:43.991      SCRIPT    (E): No data found for keyboard:KC_ESCAPE !! Check 'chimeraMapping.conf' and add data if necessary! Provided Actioname: TasksClose.
18:18:43.993    WORLD        : WORLD        : NotifyEntitiesInitialized
18:18:43.993     TERRAIN      : TERRAIN      : Initializing road networks...
18:18:43.996     PROFILING    : Initializing road networks... took: 2.670000 ms
18:18:44.051     INIT         : INIT         : SoundWorldInit
18:18:44.103     PROFILING    : SoundWorldInit took: 52.243000 ms
18:18:44.103    PROFILING    : NotifyEntitiesInitialized took: 110.058000 ms
18:18:44.103   PROFILING    : CreateEntities took: 17504.662000 ms
18:18:44.104  PROFILING    : CreateEntities took: 17504.688000 ms
18:18:44.104  WORLD        : WORLD        : EOnActivate
18:18:44.138  PROFILING    : EOnActivate took: 33.982000 ms
18:18:44.138 PROFILING    : Game::LoadEntities took: 22871.544000 ms
18:18:44.225 NETWORK      : RPL listen address not specified. Using default fallback.
18:18:44.236 NETWORK      : Starting RPL server, listening on address 0.0.0.0:2001, fastValidation=true
18:18:44.336 DEFAULT      : BattlEye Server: Loading BattlEye library from path '/reforger/battleye/BEServer_x64.so'.
18:18:44.338 DEFAULT      : BattlEye Server: 'Initialized (v1.220, Arma Reforger 1.2.1.189)'
18:18:44.338 DEFAULT      : BattlEye Server: Initialized.
18:18:44.338 DEFAULT      : BattlEye Server: 'Config entry: GameID armar'
18:18:44.338 DEFAULT      : BattlEye Server: 'Config entry: MasterPort 2001'
18:18:45.529 BACKEND      : Server registered with address: 65.21.188.218:2001
18:18:45.530 BACKEND      : Direct Join Code: 0572356404
18:18:45.530 BACKEND      : Ping Site: frankfurt
18:18:46.085 DEFAULT      : Entered online game state.
18:18:46.195 SCRIPT       : ScenarioFramework: Available tasks are empty, no new tasks will be generated.
18:18:49.044 SCRIPT       : Map load time: 1644ms
18:18:49.079 WORLD        : Frame start
18:18:49.079  NETWORK      : Projectiles will simulate using: EOnFrame
18:18:49.080  SCRIPT       : ScenarioFramework: Available tasks are empty, no new tasks will be generated.
18:18:49.090 WORLD        : UpdateEntities
18:18:49.090  WORLD        : Frame
18:18:49.090   SCRIPT       : SCR_BaseGameMode::OnGameStateChanged = GAME
18:18:49.090   SCRIPT       : REAPER_PlayerProtectionComponent - Loading Data from file...
18:18:49.090   SCRIPT       : REAPER_PlayerProtectionComponent - File not found. No players will be protected.
18:18:49.090   SCRIPT       : REAPER: DataCollector (OnGameModeStart) creating fresh stats, GameModeStart!
18:18:49.219 WORLD        : UpdateEntities
18:18:49.219  WORLD        : FixedFrame
18:18:49.219   SCRIPT    (E): ScenarioFramework: Object SCR_AIWaypoint<0x000078B75E66F438> @"ENTITY:4611686018427388798" ('SCR_AIWaypoint') at <2950.869141 72.199997 6675.652832> @"{22A875E30470BD4F}Prefabs/AI/Waypoints/AIWaypoint_Patrol.et" already exists and won't be spawned for SlotWP_DL4_GRP1_Patrol1, exiting...
18:18:49.219   SCRIPT    (E): ScenarioFramework: Object <0x0000000009164E60> SCR_AIGroup already exists and won't be spawned for SlotAI_DL4_GRP1, exiting...
18:18:49.219   SCRIPT    (E): ScenarioFramework: Object SCR_CharacterTriggerEntity<0x000078B851522130> @"ENTITY:4611686018427388800" ('SCR_CharacterTriggerEntity') at <3859.234131 22.005001 7647.748047> @"{47D49EA6A216CFD5}Prefabs/ScenarioFramework/Triggers/TriggerCharacterSlow.et" already exists and won't be spawned for SlotTrigger_Gravette, exiting...
18:18:49.219   SCRIPT    (E): ScenarioFramework: Object SCR_CharacterTriggerEntity<0x000078B8502473A0> @"ENTITY:4611686018427388801" ('SCR_CharacterTriggerEntity') at <3245.585938 112.762001 4725.813965> @"{47D49EA6A216CFD5}Prefabs/ScenarioFramework/Triggers/TriggerCharacterSlow.et" already exists and won't be spawned for inf1_forest_PlayerTrigger, exiting...
18:18:49.220   SCRIPT    (E): ScenarioFramework: Object SCR_AIWaypoint<0x000078B75E66F5A0> @"ENTITY:4611686018427388802" ('SCR_AIWaypoint') at <2873.867920 91.662994 4891.396973> @"{22A875E30470BD4F}Prefabs/AI/Waypoints/AIWaypoint_Patrol.et" already exists and won't be spawned for SlotWP_Patrol1_informant3_W1, exiting...
18:18:49.220   SCRIPT    (E): ScenarioFramework: Object SCR_AIWaypoint<0x000078B75E66F708> @"ENTITY:4611686018427388803" ('SCR_AIWaypoint') at <3053.002930 96.642998 4930.443848> @"{22A875E30470BD4F}Prefabs/AI/Waypoints/AIWaypoint_Patrol.et" already exists and won't be spawned for SlotWP_Patrol2_informant3_W1, exiting...
18:18:49.220   SCRIPT    (E): ScenarioFramework: Object <0x0000000008BB02B0> SCR_AIGroup already exists and won't be spawned for SlotAI_Patrol1_Informant3, exiting...
18:18:49.220   SCRIPT    (E): ScenarioFramework: Object SCR_CharacterTriggerEntity<0x000078B850246FE0> @"ENTITY:4611686018427388805" ('SCR_CharacterTriggerEntity') at <7457.829102 137.593002 4729.647949> @"{47D49EA6A216CFD5}Prefabs/ScenarioFramework/Triggers/TriggerCharacterSlow.et" already exists and won't be spawned for SlotTrigger_AI_Levie_Spawn_AI, exiting...
18:18:49.220   SCRIPT    (E): ScenarioFramework: Object SCR_CharacterTriggerEntity<0x000078B850246C30> @"ENTITY:4611686018427388806" ('SCR_CharacterTriggerEntity') at <4812.486328 170.182007 6979.037109> @"{47D49EA6A216CFD5}Prefabs/ScenarioFramework/Triggers/TriggerCharacterSlow.et" already exists and won't be spawned for SlotTrigger_Montignac, exiting...
18:18:49.220   SCRIPT    (E): ScenarioFramework: Object <0x00000000093C0A90> SCR_AIGroup already exists and won't be spawned for SlotAI_Montignac_GRP1, exiting...
18:18:49.220   SCRIPT    (E): ScenarioFramework: Object SCR_AIWaypoint<0x000078B75E66F870> @"ENTITY:4611686018427388808" ('SCR_AIWaypoint') at <2876.953125 92.063004 4890.922852> @"{750A8D1695BD6998}Prefabs/AI/Waypoints/AIWaypoint_Move.et" already exists and won't be spawned for wp_PatrolVehicle1_01, exiting...
18:18:49.220   SCRIPT    (E): ScenarioFramework: Object <0x0000000008C1A090> SCR_AIGroup already exists and won't be spawned for SlotAI_VehicleCrew_PV1, exiting...
18:18:49.220   SCRIPT    (E): ScenarioFramework: Object SCR_CharacterTriggerEntity<0x000078B8502468B0> @"ENTITY:4611686018427388810" ('SCR_CharacterTriggerEntity') at <3571.819092 115.212997 5387.312012> @"{47D49EA6A216CFD5}Prefabs/ScenarioFramework/Triggers/TriggerCharacterSlow.et" already exists and won't be spawned for PinewoodForest_PlayerTrigger, exiting...
18:18:49.220   SCRIPT    (E): ScenarioFramework: Object GenericEntity<0x000078B73BDBE890> @"ENTITY:4611686018427388811" ('GenericEntity','Assets/Props/REAPER_gun_case_medium_open.xob') at <3453.154053 167.541992 5916.647949> @"{517ED41EA269D809}Prefabs/Props/Ammoboxes/REAPER_ammobox_1.et" already exists and won't be spawned for Slot_AmmoBox_hill, exiting...
18:18:49.220   SCRIPT    (E): ScenarioFramework: Object GenericEntity<0x000078B73BDBF440> @"ENTITY:4611686018427388822" ('GenericEntity','Assets/Props/REAPER_gun_case_medium_open.xob') at <7975.522949 173.502991 4485.464844> @"{517ED41EA269D809}Prefabs/Props/Ammoboxes/REAPER_ammobox_1.et" already exists and won't be spawned for Slot_AmmoBox_levie, exiting...
18:18:49.220   SCRIPT    (E): ScenarioFramework: Object GenericEntity<0x0000000020000030> @"ENTITY:4611686018427388833" ('GenericEntity','Assets/Props/REAPER_gun_case_medium_open.xob') at <4846.289062 116.378998 8055.709961> @"{517ED41EA269D809}Prefabs/Props/Ammoboxes/REAPER_ammobox_1.et" already exists and won't be spawned for Slot_AmmoBox_gorey, exiting...
18:18:49.220   SCRIPT    (E): ScenarioFramework: Object GenericEntity<0x0000000020000BE0> @"ENTITY:4611686018427388844" ('GenericEntity') at <4474.057129 58.804996 6210.633789> @"{7C8453E612E28222}Prefabs/Task/REAPER_CustomMapMarker.et" already exists and won't be spawned for Campside_TriggerMarker, exiting...
18:18:49.220   SCRIPT    (E): ScenarioFramework: Object SCR_CharacterTriggerEntity<0x000078B850246450> @"ENTITY:4611686018427388845" ('SCR_CharacterTriggerEntity') at <5729.713867 218.979996 7072.222168> @"{47D49EA6A216CFD5}Prefabs/ScenarioFramework/Triggers/TriggerCharacterSlow.et" already exists and won't be spawned for CarCrash_PlayerTrigger, exiting...
18:18:49.220   SCRIPT    (E): ScenarioFramework: Object GenericEntity<0x0000000020000CF0> @"ENTITY:4611686018427388846" ('GenericEntity') at <2226.717041 8.266000 6546.191895> @"{7C8453E612E28222}Prefabs/Task/REAPER_CustomMapMarker.et" already exists and won't be spawned for CS_Redon_Marker1, exiting...
18:18:49.220   SCRIPT    (E): ScenarioFramework: Object SCR_ChimeraCharacter<0x000078B739E0D070> @"ENTITY:4611686018427388847" ('SCR_ChimeraCharacter','Assets/Character/Men/REAPER_BaseBody_Upgrade.xob') at <2258.531006 8.513000 6526.199707> @"{6F5A71376479B353}Prefabs/Characters/Factions/CIV/ConstructionWorker/Character_CIV_ConstructionWorker_1.et" already exists and won't be spawned for SlotAI_CS_CIV1, exiting...
18:18:49.220   SCRIPT    (E): ScenarioFramework: Object SCR_CharacterTriggerEntity<0x000078B85C02A780> @"ENTITY:4611686018427388862" ('SCR_CharacterTriggerEntity') at <3452.481934 34.085999 7031.330078> @"{47D49EA6A216CFD5}Prefabs/ScenarioFramework/Triggers/TriggerCharacterSlow.et" already exists and won't be spawned for TillersFind_PlayerTrigger, exiting...
18:18:49.220   SCRIPT    (E): ScenarioFramework: Object SCR_CharacterTriggerEntity<0x0000000008BB12F0> @"ENTITY:4611686018427388863" ('SCR_CharacterTriggerEntity') at <5336.585938 80.539001 6311.929199> @"{47D49EA6A216CFD5}Prefabs/ScenarioFramework/Triggers/TriggerCharacterSlow.et" already exists and won't be spawned for SlotTrigger_PineLake, exiting...
18:18:49.220   SCRIPT    (E): ScenarioFramework: Object SCR_CharacterTriggerEntity<0x0000000008BB23A0> @"ENTITY:4611686018427388864" ('SCR_CharacterTriggerEntity') at <2658.799072 92.765999 5358.999023> @"{47D49EA6A216CFD5}Prefabs/ScenarioFramework/Triggers/TriggerCharacterSlow.et" already exists and won't be spawned for LeMoule_PlayerTrigger, exiting...
18:18:49.220   SCRIPT    (E): ScenarioFramework: Object SCR_CharacterTriggerEntity<0x0000000008BB2BA0> @"ENTITY:4611686018427388865" ('SCR_CharacterTriggerEntity') at <4140.639160 100.851997 5358.765137> @"{47D49EA6A216CFD5}Prefabs/ScenarioFramework/Triggers/TriggerCharacterSlow.et" already exists and won't be spawned for SlotTrigger_Treeside, exiting...
18:18:49.220   SCRIPT    (E): ScenarioFramework: Object SCR_AIWaypoint<0x000078B75E66FB40> @"ENTITY:4611686018427388866" ('SCR_AIWaypoint') at <3912.679932 118.534996 4879.338867> @"{22A875E30470BD4F}Prefabs/AI/Waypoints/AIWaypoint_Patrol.et" already exists and won't be spawned for SlotWP_NBuilding1, exiting...
18:18:49.220   SCRIPT    (E): ScenarioFramework: Object SCR_ChimeraCharacter<0x000078B739E0D3B0> @"ENTITY:4611686018427388867" ('SCR_ChimeraCharacter','Assets/Character/Men/REAPER_BaseBody_Upgrade.xob') at <3894.434082 118.675995 4880.727051> @"{12186F0C7D153ECF}Prefabs/AI/SpyCharacters/AI_SpyCharacter_09.et" already exists and won't be spawned for SlotAI_Roadblock1_NBulding_SPY1, exiting...
18:18:49.220   SCRIPT    (E): ScenarioFramework: Object SCR_AIWaypoint<0x000078B75E66FE10> @"ENTITY:4611686018427388879" ('SCR_AIWaypoint') at <3774.053955 115.531998 4964.241211> @"{22A875E30470BD4F}Prefabs/AI/Waypoints/AIWaypoint_Patrol.et" already exists and won't be spawned for WP1_Patrol_RoadBlock1, exiting...
18:18:49.220   SCRIPT    (E): ScenarioFramework: Object SCR_CharacterTriggerEntity<0x00000000092D2440> @"ENTITY:4611686018427388880" ('SCR_CharacterTriggerEntity') at <6513.574219 17.076000 4552.054199> @"{47D49EA6A216CFD5}Prefabs/ScenarioFramework/Triggers/TriggerCharacterSlow.et" already exists and won't be spawned for RoadStones_PlayerTrigger, exiting...
18:18:49.220   SCRIPT    (E): ScenarioFramework: Object Vehicle<0x000078B73A7E54C0> @"ENTITY:4611686018427388881" ('Vehicle','Assets/Vehicles/Wheeled/UAZ469/UAZ469_base.xob') at <7395.937500 136.011002 4732.560059> @"{5070B3749C7782D8}Prefabs/Vehicles/Wheeled/UAZ469/UAZ469_covered_CIV_JZD.et" already exists and won't be spawned for SlotVeh_placedVehicle_12, exiting...
18:18:49.220   SCRIPT    (E): ScenarioFramework: Object Vehicle<0x000078B73A7E5638> @"ENTITY:4611686018427388947" ('Vehicle','Assets/Vehicles/Wheeled/UAZ469/UAZ469_base.xob') at <4961.209961 2.248000 3854.800049> @"{599DFCA424399DBF}Prefabs/Vehicles/Wheeled/UAZ469/UAZ469_uncovered_CIV_red.et" already exists and won't be spawned for WarehouseCar1, exiting...
18:18:51.023 WORLD        : UpdateEntities
18:18:51.023  WORLD        : FixedFrame
18:18:51.023   SCRIPT    (E): ScenarioFramework: Object SCR_AIWaypoint<0x00000000204F5C50> @"ENTITY:4611686018427388995" ('SCR_AIWaypoint') at <2969.520996 77.763000 6597.535156> @"{22A875E30470BD4F}Prefabs/AI/Waypoints/AIWaypoint_Patrol.et" already exists and won't be spawned for SlotWP_DL4_GRP1_Patrol2, exiting...
18:18:51.023   SCRIPT    (E): ScenarioFramework: Object Vehicle<0x000078B73A7E57B0> @"ENTITY:4611686018427388996" ('Vehicle','Assets/Vehicles/Wheeled/Ural4320/Ural_4320_base.xob') at <2926.166016 75.901001 6643.996094> @"{16C1F16C9B053801}Prefabs/Vehicles/Wheeled/Ural4320/Ural4320_transport.et" already exists and won't be spawned for SlotVeh_DL4_URAL1, exiting...
18:18:51.023   SCRIPT    (E): ScenarioFramework: Object SCR_AIWaypoint<0x00000000204F7B40> @"ENTITY:4611686018427389064" ('SCR_AIWaypoint') at <2651.614014 74.937996 4851.270020> @"{22A875E30470BD4F}Prefabs/AI/Waypoints/AIWaypoint_Patrol.et" already exists and won't be spawned for SlotWP_Patrol1_informant3_W2, exiting...
18:18:51.023   SCRIPT    (E): ScenarioFramework: Object SCR_AIWaypoint<0x00000000204F7CA8> @"ENTITY:4611686018427389065" ('SCR_AIWaypoint') at <3053.936035 98.776993 4772.544922> @"{22A875E30470BD4F}Prefabs/AI/Waypoints/AIWaypoint_Patrol.et" already exists and won't be spawned for SlotWP_Patrol2_informant3_W2, exiting...
18:18:51.023   SCRIPT    (E): ScenarioFramework: Object <0x0000000020F5BC10> SCR_AIGroup already exists and won't be spawned for SlotAI_Patrol2_Informant3, exiting...
18:18:51.023   SCRIPT    (E): ScenarioFramework: Object <0x0000000020F6F420> SCR_AIGroup already exists and won't be spawned for SlotAI_Montignac_GRP2, exiting...
18:18:51.023   SCRIPT    (E): ScenarioFramework: Object SCR_AIWaypoint<0x00000000204F7E10> @"ENTITY:4611686018427389068" ('SCR_AIWaypoint') at <3904.750977 104.781998 6253.502930> @"{750A8D1695BD6998}Prefabs/AI/Waypoints/AIWaypoint_Move.et" already exists and won't be spawned for wp_PatrolVehicle1_02, exiting...
18:18:51.023   SCRIPT    (E): ScenarioFramework: Object <0x0000000020F84420> SCR_AIGroup already exists and won't be spawned for SlotAI_VehicleCrew_PV2, exiting...
18:18:51.023   SCRIPT    (E): ScenarioFramework: Object GenericEntity<0x0000000020536CD0> @"ENTITY:4611686018427389070" ('GenericEntity') at <3456.699951 168.171997 5915.602051> @"{7C8453E612E28222}Prefabs/Task/REAPER_CustomMapMarker.et" already exists and won't be spawned for AmmoBoxMarker_hill, exiting...
18:18:51.023   SCRIPT    (E): ScenarioFramework: Object GenericEntity<0x0000000020536DE0> @"ENTITY:4611686018427389071" ('GenericEntity') at <7975.797852 173.959991 4488.854980> @"{7C8453E612E28222}Prefabs/Task/REAPER_CustomMapMarker.et" already exists and won't be spawned for AmmoBoxMarker_levie, exiting...
18:18:51.023   SCRIPT    (E): ScenarioFramework: Object GenericEntity<0x0000000020536EF0> @"ENTITY:4611686018427389072" ('GenericEntity') at <4846.277832 117.826996 8056.734863> @"{7C8453E612E28222}Prefabs/Task/REAPER_CustomMapMarker.et" already exists and won't be spawned for AmmoBoxMarker_Gorey, exiting...
18:18:51.023   SCRIPT    (E): ScenarioFramework: Object SCR_CharacterTriggerEntity<0x00000000202BE480> @"ENTITY:4611686018427389073" ('SCR_CharacterTriggerEntity') at <4470.206055 58.655998 6214.568848> @"{47D49EA6A216CFD5}Prefabs/ScenarioFramework/Triggers/TriggerCharacterSlow.et" already exists and won't be spawned for Campside_PlayerTrigger, exiting...
18:18:51.023   SCRIPT    (E): ScenarioFramework: Object SCR_CharacterTriggerEntity<0x0000000020F996A0> @"ENTITY:4611686018427389074" ('SCR_CharacterTriggerEntity') at <2226.717041 8.266000 6546.191895> @"{47D49EA6A216CFD5}Prefabs/ScenarioFramework/Triggers/TriggerCharacterSlow.et" already exists and won't be spawned for CS_Redon_PlayerTrigger, exiting...
18:18:51.023   SCRIPT    (E): ScenarioFramework: Object SCR_ChimeraCharacter<0x000078B739E0DBD0> @"ENTITY:4611686018427389075" ('SCR_ChimeraCharacter','Assets/Character/Men/REAPER_BaseBody_Upgrade.xob') at <2247.864014 8.158999 6518.558105> @"{C97B985FCFC3E4D6}Prefabs/Characters/Factions/CIV/ConstructionWorker/Character_CIV_ConstructionWorker_2.et" already exists and won't be spawned for SlotAI_CS_CIV2, exiting...
18:18:51.023   SCRIPT    (E): ScenarioFramework: Object SCR_AIWaypoint<0x0000000020E30198> @"ENTITY:4611686018427389090" ('SCR_AIWaypoint') at <3897.369141 118.917000 4873.875977> @"{22A875E30470BD4F}Prefabs/AI/Waypoints/AIWaypoint_Patrol.et" already exists and won't be spawned for SlotWP_NBuilding2, exiting...
18:18:51.023   SCRIPT    (E): ScenarioFramework: Object SCR_ChimeraCharacter<0x000078B739E0DF10> @"ENTITY:4611686018427389091" ('SCR_ChimeraCharacter','Assets/Character/Men/REAPER_BaseBody_Upgrade.xob') at <3915.246094 116.624001 4872.921875> @"{DC8C785D5281BDD3}Prefabs/AI/SpyCharacters/AI_SpyCharacter_02.et" already exists and won't be spawned for SlotAI_Roadblock1_NBulding_SPY2, exiting...
18:18:51.023   SCRIPT    (E): ScenarioFramework: Object SCR_AIWaypoint<0x0000000020E30468> @"ENTITY:4611686018427389102" ('SCR_AIWaypoint') at <3781.054932 118.141998 4869.841309> @"{22A875E30470BD4F}Prefabs/AI/Waypoints/AIWaypoint_Patrol.et" already exists and won't be spawned for WP2_Patrol_RoadBlock1, exiting...
18:18:51.023   SCRIPT    (E): ScenarioFramework: Object <0x00000000210C62D0> SCR_AIGroup already exists and won't be spawned for SlotAI_Group1_RoadBlock1, exiting...
18:18:51.023   SCRIPT    (E): ScenarioFramework: Object Vehicle<0x000078B73A7E6370> @"ENTITY:4611686018427389104" ('Vehicle','Assets/Vehicles/Wheeled/UAZ469/UAZ469_base.xob') at <7604.148438 79.937996 5516.729980> @"{5070B3749C7782D8}Prefabs/Vehicles/Wheeled/UAZ469/UAZ469_covered_CIV_JZD.et" already exists and won't be spawned for SlotVeh_placedVehicle_01, exiting...
18:18:51.023   SCRIPT    (E): ScenarioFramework: Object Vehicle<0x000078B73A7E64E8> @"ENTITY:4611686018427389170" ('Vehicle','Assets/Vehicles/Wheeled/UAZ469/UAZ469_base.xob') at <4977.327148 2.244000 3843.790039> @"{A4D16A62B432451A}Prefabs/Vehicles/Wheeled/UAZ469/UAZ469_covered_CIV_red.et" already exists and won't be spawned for WarehouseCar2, exiting...
18:18:51.416 WORLD        : UpdateEntities
18:18:51.416  WORLD        : FixedFrame
18:18:51.416   SCRIPT    (E): ScenarioFramework: Object SCR_AIWaypoint<0x0000000020E321F0> @"ENTITY:4611686018427389475" ('SCR_AIWaypoint') at <2918.864990 77.780998 6566.250000> @"{22A875E30470BD4F}Prefabs/AI/Waypoints/AIWaypoint_Patrol.et" already exists and won't be spawned for SlotWP_DL4_GRP1_Patrol3, exiting...
18:18:51.416   SCRIPT    (E): ScenarioFramework: Object Vehicle<0x00000000221CA660> @"ENTITY:4611686018427389476" ('Vehicle','Assets/Vehicles/Wheeled/Ural4320/Ural_4320_base.xob') at <2920.916016 76.179001 6640.423828> @"{16C1F16C9B053801}Prefabs/Vehicles/Wheeled/Ural4320/Ural4320_transport.et" already exists and won't be spawned for SlotVeh_DL4_URAL2, exiting...
18:18:51.416   SCRIPT    (E): ScenarioFramework: Object SCR_AIWaypoint<0x0000000022240198> @"ENTITY:4611686018427389544" ('SCR_AIWaypoint') at <2694.114990 75.237999 4652.574707> @"{22A875E30470BD4F}Prefabs/AI/Waypoints/AIWaypoint_Patrol.et" already exists and won't be spawned for SlotWP_Patrol1_informant3_W3, exiting...
18:18:51.416   SCRIPT    (E): ScenarioFramework: Object SCR_TimedWaypoint<0x00000000221F5450> @"ENTITY:4611686018427389545" ('SCR_TimedWaypoint') at <2871.197021 92.367996 4845.799805> @"{B3E7B8DC2BAB8ACC}Prefabs/AI/Waypoints/AIWaypoint_SearchAndDestroy.et" already exists and won't be spawned for SlotWP_Patrol2_informant3_W3, exiting...
18:18:51.416   SCRIPT    (E): ScenarioFramework: Object SCR_CharacterTriggerEntity<0x0000000022C7D720> @"ENTITY:4611686018427389546" ('SCR_CharacterTriggerEntity') at <2877.335938 97.884995 4849.841797> @"{47D49EA6A216CFD5}Prefabs/ScenarioFramework/Triggers/TriggerCharacterSlow.et" already exists and won't be spawned for SlotTrigger_Informant3_Attack, exiting...
18:18:51.416   SCRIPT    (E): ScenarioFramework: Object SCR_ChimeraCharacter<0x000078B739E0E730> @"ENTITY:4611686018427389547" ('SCR_ChimeraCharacter','Assets/Character/Men/REAPER_BaseBody_Upgrade.xob') at <4807.781250 169.826004 6982.312988> @"{D463076156752A55}Prefabs/AI/EnemyCharacters/AI_soldier_AK74_3.et" already exists and won't be spawned for SlotAI_Montignac_gunner1, exiting...
18:18:51.416   SCRIPT    (E): ScenarioFramework: Object SCR_AIWaypoint<0x0000000022240468> @"ENTITY:4611686018427389578" ('SCR_AIWaypoint') at <3499.010254 135.895004 4462.259766> @"{750A8D1695BD6998}Prefabs/AI/Waypoints/AIWaypoint_Move.et" already exists and won't be spawned for wp_PatrolVehicle1_03, exiting...
18:18:51.416   SCRIPT    (E): ScenarioFramework: Object Vehicle<0x00000000221CAF30> @"ENTITY:4611686018427389579" ('Vehicle','Assets/Vehicles/Wheeled/UAZ469/UAZ469_base.xob') at <3190.883057 116.473999 5176.806641> @"{0B4DEA8078B78A9B}Prefabs/Vehicles/Wheeled/UAZ469/UAZ469_PKM.et" already exists and won't be spawned for SlotVeh_PatrolVehicle1, exiting...
18:18:51.416   SCRIPT    (E): ScenarioFramework: Object Vehicle<0x00000000221CB0A8> @"ENTITY:4611686018427389635" ('Vehicle','Assets/Vehicles/Wheeled/UAZ469/UAZ469_base.xob') at <3462.473877 167.677002 5921.980957> @"{C8B16ABCA57679A2}Prefabs/Vehicles/Wheeled/UAZ469/UAZ469_covered_CIV_blue.et" already exists and won't be spawned for SlotVeh_ammobox_hill, exiting...
18:18:51.416   SCRIPT    (E): ScenarioFramework: Object Vehicle<0x00000000221CB220> @"ENTITY:4611686018427389700" ('Vehicle','Assets/Vehicles/Wheeled/UAZ469/UAZ469_base.xob') at <7976.371094 173.449997 4491.113770> @"{B6D330E7E40FE7DD}Prefabs/Vehicles/Wheeled/UAZ469/UAZ469_covered_CIV_forest.et" already exists and won't be spawned for SlotVeh_levie, exiting...
18:18:51.416   SCRIPT    (E): ScenarioFramework: Object SCR_CharacterTriggerEntity<0x000000002399EAC0> @"ENTITY:4611686018427389766" ('SCR_CharacterTriggerEntity') at <4859.017090 115.408997 8050.696777> @"{47D49EA6A216CFD5}Prefabs/ScenarioFramework/Triggers/TriggerCharacterSlow.et" already exists and won't be spawned for SlotTrigger_Gorey, exiting...
18:18:51.416   SCRIPT    (E): ScenarioFramework: Object SCR_ChimeraCharacter<0x000078B739E0EF50> @"ENTITY:4611686018427389767" ('SCR_ChimeraCharacter','Assets/Character/Men/REAPER_BaseBody_Upgrade.xob') at <2250.854980 8.497000 6531.354980> @"{11D3F19EB64AFA8A}Prefabs/Characters/Factions/CIV/ConstructionWorker/Character_CIV_ConstructionWorker_4.et" already exists and won't be spawned for SlotAI_CS_CIV3, exiting...
18:18:51.416   SCRIPT    (E): ScenarioFramework: Object SCR_AIWaypoint<0x0000000022242E98> @"ENTITY:4611686018427389782" ('SCR_AIWaypoint') at <3902.936035 122.195999 4882.684082> @"{22A875E30470BD4F}Prefabs/AI/Waypoints/AIWaypoint_Patrol.et" already exists and won't be spawned for SlotWP_NBuilding3, exiting...
18:18:51.416   SCRIPT    (E): ScenarioFramework: Object SCR_AIWaypoint<0x0000000022243000> @"ENTITY:4611686018427389783" ('SCR_AIWaypoint') at <3674.260010 108.909996 4866.362305> @"{22A875E30470BD4F}Prefabs/AI/Waypoints/AIWaypoint_Patrol.et" already exists and won't be spawned for WP3_Patrol_RoadBlock1, exiting...
18:18:51.416   SCRIPT    (E): ScenarioFramework: Object <0x0000000023BE6E30> SCR_AIGroup already exists and won't be spawned for SlotAI_Group2_RoadBlock1, exiting...
18:18:51.416   SCRIPT    (E): ScenarioFramework: Object Vehicle<0x00000000221CB978> @"ENTITY:4611686018427389785" ('Vehicle','Assets/Vehicles/Wheeled/UAZ469/UAZ469_base.xob') at <7064.827148 119.613998 6051.373047> @"{5070B3749C7782D8}Prefabs/Vehicles/Wheeled/UAZ469/UAZ469_covered_CIV_JZD.et" already exists and won't be spawned for SlotVeh_placedVehicle_02, exiting...
18:18:51.417   SCRIPT    (E): ScenarioFramework: Object Vehicle<0x00000000221CBAF0> @"ENTITY:4611686018427389851" ('Vehicle','Assets/Vehicles/REAPER_RHIB/REAPER_RIB.xob') at <4924.721191 -0.319000 3850.167969> @"{2006ADD2700C6D45}Prefabs/Vehicles/RHIB/REAPER_RHIB_BK.et" already exists and won't be spawned for SlotVEH_RHIB1, exiting...
18:18:52.510 WORLD        : UpdateEntities
18:18:52.510  WORLD        : FixedFrame
18:18:52.510   SCRIPT    (E): ScenarioFramework: Object GenericEntity<0x00000000221E8360> @"ENTITY:4611686018427389473" ('GenericEntity','Assets/empty.xob') at <2883.066895 93.648003 4857.460938> @"{C3552E3077B439EB}Prefabs/empty_slot.et" already exists and won't be spawned for SlotTalkToInformant3, exiting...
18:18:52.510   SCRIPT    (E): ScenarioFramework: Object SCR_DefendWaypoint<0x00000000215A4650> @"ENTITY:4611686018427389474" ('SCR_DefendWaypoint') at <2850.180908 91.376007 4862.478027> @"{4ECD14650D82F5CA}Prefabs/AI/Waypoints/AIWaypoint_Loiter_CO.et" already exists and won't be spawned for SlotWaypoint9, exiting...
18:18:52.581   SCRIPT    (E): ScenarioFramework: Object SCR_AIWaypoint<0x0000000023B0A088> @"ENTITY:4611686018427392339" ('SCR_AIWaypoint') at <2874.120117 75.809998 6626.112793> @"{22A875E30470BD4F}Prefabs/AI/Waypoints/AIWaypoint_Patrol.et" already exists and won't be spawned for SlotWP_DL4_GRP1_Patrol4, exiting...
18:18:52.581   SCRIPT    (E): ScenarioFramework: Object SCR_ChimeraCharacter<0x00000000251E6250> @"ENTITY:4611686018427392340" ('SCR_ChimeraCharacter','Assets/Character/Men/REAPER_BaseBody_Upgrade.xob') at <2935.448975 76.602997 6682.097168> @"{F01A00E272A5D609}Prefabs/AI/EnemyCharacters/AI_soldier_M14_EBR_SNIPER.et" already exists and won't be spawned for SlotAI_DL4_DeerTower, exiting...
18:18:52.581   SCRIPT    (E): ScenarioFramework: Object SCR_AIWaypoint<0x0000000023B0A358> @"ENTITY:4611686018427392373" ('SCR_AIWaypoint') at <2763.694092 72.255997 4618.199707> @"{22A875E30470BD4F}Prefabs/AI/Waypoints/AIWaypoint_Patrol.et" already exists and won't be spawned for SlotWP_Patrol1_informant3_W4, exiting...
18:18:52.581   SCRIPT    (E): ScenarioFramework: Object AIWaypointCycle<0x00000000251E6590> @"ENTITY:4611686018427392374" ('AIWaypointCycle') at <2940.662109 77.561996 4648.803711> @"{35BD6541CBB8AC08}Prefabs/AI/Waypoints/AIWaypoint_Cycle.et" already exists and won't be spawned for SlotWP_Patrol1_Informant3, exiting...
18:18:52.581   SCRIPT    (E): ScenarioFramework: Object SCR_ChimeraCharacter<0x00000000251E6730> @"ENTITY:4611686018427392375" ('SCR_ChimeraCharacter','Assets/Character/Men/REAPER_BaseBody_Upgrade.xob') at <4809.249023 169.895004 6974.114258> @"{D463076156752A55}Prefabs/AI/EnemyCharacters/AI_soldier_AK74_3.et" already exists and won't be spawned for SlotAI_Montignac_gunner2, exiting...
18:18:52.581   SCRIPT    (E): ScenarioFramework: Object SCR_AIWaypoint<0x0000000023B0A628> @"ENTITY:4611686018427392406" ('SCR_AIWaypoint') at <2606.952148 94.158997 5408.833008> @"{750A8D1695BD6998}Prefabs/AI/Waypoints/AIWaypoint_Move.et" already exists and won't be spawned for wp_PatrolVehicle1_04, exiting...
18:18:52.581   SCRIPT    (E): ScenarioFramework: Object Vehicle<0x0000000027703220> @"ENTITY:4611686018427392407" ('Vehicle','Assets/Vehicles/Wheeled/UAZ469/UAZ469_base.xob') at <4002.139160 103.584999 5966.510742> @"{0B4DEA8078B78A9B}Prefabs/Vehicles/Wheeled/UAZ469/UAZ469_PKM.et" already exists and won't be spawned for SlotVeh_PatrolVehicle2, exiting...
18:18:52.581   SCRIPT    (E): ScenarioFramework: Object SCR_ChimeraCharacter<0x00000000251E6C10> @"ENTITY:4611686018427392463" ('SCR_ChimeraCharacter','Assets/Character/Men/REAPER_BaseBody_Upgrade.xob') at <2265.771973 9.011000 6522.876953> @"{F44FBD67BAAF6DE1}Prefabs/Characters/Factions/CIV/ConstructionWorker/Character_CIV_ConstructionWorker_5.et" already exists and won't be spawned for SlotAI_CS_CIV4, exiting...
18:18:52.581   SCRIPT    (E): ScenarioFramework: Object SCR_AIWaypoint<0x0000000023B0B438> @"ENTITY:4611686018427392478" ('SCR_AIWaypoint') at <3903.319092 118.676994 4884.560059> @"{22A875E30470BD4F}Prefabs/AI/Waypoints/AIWaypoint_Patrol.et" already exists and won't be spawned for SlotWP_NBuilding4, exiting...
18:18:52.581   SCRIPT    (E): ScenarioFramework: Object SCR_AIWaypoint<0x0000000023B0B5A0> @"ENTITY:4611686018427392479" ('SCR_AIWaypoint') at <3614.734863 105.613998 4851.193359> @"{22A875E30470BD4F}Prefabs/AI/Waypoints/AIWaypoint_Patrol.et" already exists and won't be spawned for WP4_Patrol_RoadBlock1, exiting...
18:18:52.581   SCRIPT    (E): ScenarioFramework: Object <0x0000000028779D40> SCR_AIGroup already exists and won't be spawned for SlotAI_GRP_Wood, exiting...
18:18:52.581   SCRIPT    (E): ScenarioFramework: Object Vehicle<0x0000000027703978> @"ENTITY:4611686018427392481" ('Vehicle','Assets/Vehicles/Wheeled/UAZ469/UAZ469_base.xob') at <5262.455078 65.784996 5272.750977> @"{5070B3749C7782D8}Prefabs/Vehicles/Wheeled/UAZ469/UAZ469_covered_CIV_JZD.et" already exists and won't be spawned for SlotVeh_placedVehicle_03, exiting...
18:18:52.581   SCRIPT    (E): ScenarioFramework: Object Vehicle<0x0000000027703AF0> @"ENTITY:4611686018427392547" ('Vehicle','Assets/Vehicles/REAPER_RHIB/REAPER_RIB.xob') at <4913.379883 -0.300000 3857.501953> @"{2006ADD2700C6D45}Prefabs/Vehicles/RHIB/REAPER_RHIB_BK.et" already exists and won't be spawned for SlotVEH_RHIB2, exiting...
18:18:52.682 ENTITY       : SpawnEntityPrefab @"{C1BC430CBC7AFDB3}Prefabs/Weapons/Explosives/TNT_Time_bomb/Time_bomb_TNT.et"
18:18:52.682  ENTITY       : Create entity @"ENTITY:4611686018427392856" ('GenericEntity','Assets/Weapons/Explosive/Time_bomb.xob') at <0.000000 -3.367500 0.000000> @"{C1BC430CBC7AFDB3}Prefabs/Weapons/Explosives/TNT_Time_bomb/Time_bomb_TNT.et"
18:18:52.682   RESOURCES    : GetResourceObject @"{E6D3AC3088E43C3E}Assets/Weapons/Explosives/workspace/TSh400g.asi"
18:18:52.682    ANIMATION    : AnimSetInstanceImpl load @"{E6D3AC3088E43C3E}Assets/Weapons/Explosives/workspace/TSh400g.asi"
18:18:52.682     RESOURCES (E): Wrong GUID/name for resource @"{C4244C677F019957}Assets/Weapons/Explosives/DemoBlock_TSh400g/anims/p_M112_IK.anm" in property "IkPose"
18:18:52.685     RESOURCES    : GetResourceObject @"{C4244C677F019957}Assets/Weapons/Explosives/DemoBlock_TSh400g/anims/p_M112_IK.anm"
18:18:52.685      RESOURCES (E): Failed to open
18:18:52.807 WORLD        : UpdateEntities
18:18:52.807  WORLD        : FixedFrame
18:18:52.807   SCRIPT    (E): ScenarioFramework: Object SCR_AIWaypoint<0x0000000023B096B0> @"ENTITY:4611686018427390884" ('SCR_AIWaypoint') at <2941.967041 91.833008 4885.997070> @"{22A875E30470BD4F}Prefabs/AI/Waypoints/AIWaypoint_Patrol.et" already exists and won't be spawned for SlotWaypoint10, exiting...
18:18:52.807   SCRIPT    (E): ScenarioFramework: Object SCR_ChimeraCharacter<0x00000000251E4ED0> @"ENTITY:4611686018427390885" ('SCR_ChimeraCharacter','Assets/Character/Men/REAPER_BaseBody_Upgrade.xob') at <2882.544922 91.276627 4862.559082> @"{E7355B7D3A76CFF3}Prefabs/Task/SlotItems/REAPER_SlotItem_informant.et" already exists and won't be spawned for SlotAI_Informant3, exiting...
18:18:52.833 WORLD        : UpdateEntities
18:18:52.833  WORLD        : FixedFrame
18:18:52.833   SCRIPT       : REAPER: Randomized SlotBase! Asset disabled! - SlotAI_Roadblock1_NBulding3
18:18:52.847 WORLD        : UpdateEntities
18:18:52.847  WORLD        : FixedFrame
18:18:52.847   SCRIPT    (E): ScenarioFramework: Object SCR_AIWaypoint<0x0000000028655278> @"ENTITY:4611686018427393255" ('SCR_AIWaypoint') at <2918.203125 73.807999 4636.131836> @"{22A875E30470BD4F}Prefabs/AI/Waypoints/AIWaypoint_Patrol.et" already exists and won't be spawned for SlotWP_Patrol1_informant3_W5, exiting...
18:18:52.847   SCRIPT    (E): ScenarioFramework: Object AIWaypointCycle<0x00000000251E7430> @"ENTITY:4611686018427393256" ('AIWaypointCycle') at <2813.013916 93.653000 4877.189941> @"{35BD6541CBB8AC08}Prefabs/AI/Waypoints/AIWaypoint_Cycle.et" already exists and won't be spawned for SlotWP_Patrol2_Informant3, exiting...
18:18:52.847   SCRIPT    (E): ScenarioFramework: Object SCR_ChimeraCharacter<0x00000000251E75D0> @"ENTITY:4611686018427393257" ('SCR_ChimeraCharacter','Assets/Character/Men/REAPER_BaseBody_Upgrade.xob') at <4812.035156 169.870010 6972.249023> @"{5DAB7F78E6543210}Prefabs/AI/EnemyCharacters/AI_soldier_AK74_1.et" already exists and won't be spawned for SlotAI_Montignac_gunner3, exiting...
18:18:52.847   SCRIPT    (E): ScenarioFramework: Object SCR_AIWaypoint<0x0000000028655548> @"ENTITY:4611686018427393287" ('SCR_AIWaypoint') at <4456.457031 59.017002 6210.452148> @"{750A8D1695BD6998}Prefabs/AI/Waypoints/AIWaypoint_Move.et" already exists and won't be spawned for wp_PatrolVehicle1_05, exiting...
18:18:52.847   SCRIPT    (E): ScenarioFramework: Object AIWaypointCycle<0x00000000251E7910> @"ENTITY:4611686018427393288" ('AIWaypointCycle') at <3200.730225 116.858002 5181.152832> @"{35BD6541CBB8AC08}Prefabs/AI/Waypoints/AIWaypoint_Cycle.et" already exists and won't be spawned for wp_PatrolVehicle1_Cycle, exiting...
18:18:52.847   SCRIPT    (E): ScenarioFramework: Object SCR_AIWaypoint<0x00000000286556B0> @"ENTITY:4611686018427393289" ('SCR_AIWaypoint') at <3891.821045 117.802994 4885.649902> @"{22A875E30470BD4F}Prefabs/AI/Waypoints/AIWaypoint_Patrol.et" already exists and won't be spawned for SlotWP_NBuilding5, exiting...
18:18:52.847   SCRIPT    (E): ScenarioFramework: Object <0x000000002A5782F0> SCR_AIGroup already exists and won't be spawned for SlotAI_GRP_Figari1, exiting...
18:18:52.847   SCRIPT    (E): ScenarioFramework: Object Vehicle<0x0000000029516080> @"ENTITY:4611686018427393292" ('Vehicle','Assets/Vehicles/Wheeled/UAZ469/UAZ469_base.xob') at <4911.727051 53.353001 5896.771973> @"{5070B3749C7782D8}Prefabs/Vehicles/Wheeled/UAZ469/UAZ469_covered_CIV_JZD.et" already exists and won't be spawned for SlotVeh_placedVehicle_04, exiting...
18:18:52.847   SCRIPT    (E): ScenarioFramework: Object Vehicle<0x00000000295161F8> @"ENTITY:4611686018427393358" ('Vehicle','Assets/Vehicles/Wheeled/UAZ469/UAZ469_base.xob') at <5001.080078 2.207000 3865.899902> @"{599DFCA424399DBF}Prefabs/Vehicles/Wheeled/UAZ469/UAZ469_uncovered_CIV_red.et" already exists and won't be spawned for WarehouseCar3, exiting...
18:18:52.916 WORLD        : UpdateEntities
18:18:52.916  WORLD        : FixedFrame
18:18:52.916   SCRIPT       : REAPER: Randomized SlotBase! Asset disabled! - SlotAI_I3_SPY2
18:18:52.916 WORLD        : UpdateEntities
18:18:52.916  WORLD        : FixedFrame
18:18:52.916   SCRIPT    (E): ScenarioFramework: Object SCR_DefendWaypoint<0x0000000028675D48> @"ENTITY:4611686018427393242" ('SCR_DefendWaypoint') at <2872.632080 90.482002 4833.984863> @"{4ECD14650D82F5CA}Prefabs/AI/Waypoints/AIWaypoint_Loiter_CO.et" already exists and won't be spawned for SlotWaypoint11, exiting...
18:18:52.916   SCRIPT    (E): ScenarioFramework: Object SCR_ChimeraCharacter<0x00000000251E70F0> @"ENTITY:4611686018427393243" ('SCR_ChimeraCharacter','Assets/Character/Men/REAPER_BaseBody_Upgrade.xob') at <2857.266846 90.761497 4870.629883> @"{8DEC69859B29BBCA}Prefabs/AI/SpyCharacters/AI_SpyCharacter_06.et" already exists and won't be spawned for SlotAI_I3_SPY1, exiting...
18:18:53.065 WORLD        : UpdateEntities
18:18:53.065  WORLD        : FixedFrame
18:18:53.065   SCRIPT    (E): ScenarioFramework: Object SCR_ChimeraCharacter<0x000000002A754B90> @"ENTITY:4611686018427393991" ('SCR_ChimeraCharacter','Assets/Character/Men/REAPER_BaseBody_Upgrade.xob') at <2926.311035 78.040001 6550.812988> @"{68E2BF8E49E3A3F0}Prefabs/AI/EnemyCharacters/AI_Leader3.et" already exists and won't be spawned for SlotAI_DL4_RoadBlock2, exiting...
18:18:53.065   SCRIPT    (E): ScenarioFramework: Object SCR_AIWaypoint<0x0000000028657B40> @"ENTITY:4611686018427394033" ('SCR_AIWaypoint') at <2934.635010 79.046997 4663.788574> @"{22A875E30470BD4F}Prefabs/AI/Waypoints/AIWaypoint_Patrol.et" already exists and won't be spawned for SlotWP_Patrol1_informant3_W6, exiting...
18:18:53.066   SCRIPT    (E): ScenarioFramework: Object SCR_ChimeraCharacter<0x000000002A754ED0> @"ENTITY:4611686018427394034" ('SCR_ChimeraCharacter','Assets/Character/Men/REAPER_BaseBody_Upgrade.xob') at <4841.888184 170.353012 6995.756348> @"{865C0643B2D7C3FF}Prefabs/AI/EnemyCharacters/AI_soldier_PKM.et" already exists and won't be spawned for SlotAI_Montignac_gunner4, exiting...
18:18:53.066   SCRIPT    (E): ScenarioFramework: Object AIWaypointCycle<0x000000002A755210> @"ENTITY:4611686018427394066" ('AIWaypointCycle') at <2731.260254 98.311005 5315.243652> @"{35BD6541CBB8AC08}Prefabs/AI/Waypoints/AIWaypoint_Cycle.et" already exists and won't be spawned for wp_PatrolVehicle2_Cycle, exiting...
18:18:53.066   SCRIPT    (E): ScenarioFramework: Object <0x000000002AE8F770> SCR_AIGroup already exists and won't be spawned for SlotAI_GRP_Figari2, exiting...
18:18:53.066   SCRIPT    (E): ScenarioFramework: Object Vehicle<0x000000002AC0A7D8> @"ENTITY:4611686018427394068" ('Vehicle','Assets/Vehicles/Wheeled/UAZ469/UAZ469_base.xob') at <3283.229980 114.491997 5156.310059> @"{5070B3749C7782D8}Prefabs/Vehicles/Wheeled/UAZ469/UAZ469_covered_CIV_JZD.et" already exists and won't be spawned for SlotVeh_placedVehicle_05, exiting...
18:18:53.066   SCRIPT    (E): ScenarioFramework: Object Vehicle<0x000000002AC0A950> @"ENTITY:4611686018427394134" ('Vehicle','Assets/Vehicles/Wheeled/UAZ469/UAZ469_base.xob') at <4953.397949 2.185000 3908.091064> @"{D7C51A961BF675B2}Prefabs/Vehicles/Wheeled/UAZ469/UAZ469_covered_CIV_brown.et" already exists and won't be spawned for WarehouseCar4, exiting...
18:18:53.120 WORLD        : UpdateEntities
18:18:53.120  WORLD        : FixedFrame
18:18:53.120   SCRIPT    (E): ScenarioFramework: Object SCR_DefendWaypoint<0x000000002A4C38D8> @"ENTITY:4611686018427393655" ('SCR_DefendWaypoint') at <2870.115967 91.026009 4859.328125> @"{4ECD14650D82F5CA}Prefabs/AI/Waypoints/AIWaypoint_Loiter_CO.et" already exists and won't be spawned for SlotWaypoint12, exiting...
18:18:53.430 WORLD        : UpdateEntities
18:18:53.430  WORLD        : FixedFrame
18:18:53.430   SCRIPT       : REAPER: Randomized SlotBase! Asset disabled! - SlotAI_Roadblock1_NBulding5
18:18:53.445 WORLD        : UpdateEntities
18:18:53.445  WORLD        : FixedFrame
18:18:53.445   SCRIPT    (E): ScenarioFramework: Object SCR_ChimeraCharacter<0x000000002A755890> @"ENTITY:4611686018427395091" ('SCR_ChimeraCharacter','Assets/Character/Men/REAPER_BaseBody_Upgrade.xob') at <2952.599121 78.758003 6555.544922> @"{68E2BF8E49E3A3EF}Prefabs/AI/EnemyCharacters/AI_Leader5_NVG.et" already exists and won't be spawned for SlotAI_DL4_RoadBlock3, exiting...
18:18:53.445   SCRIPT    (E): ScenarioFramework: Object SCR_ChimeraCharacter<0x000000002A755BD0> @"ENTITY:4611686018427395130" ('SCR_ChimeraCharacter','Assets/Character/Men/REAPER_BaseBody_Upgrade.xob') at <4824.375000 173.832001 7022.015137> @"{F01A00E272A5D609}Prefabs/AI/EnemyCharacters/AI_soldier_M14_EBR_SNIPER.et" already exists and won't be spawned for SlotAI_Montignac_sniper1, exiting...
18:18:53.445   SCRIPT    (E): ScenarioFramework: Object SCR_ChimeraCharacter<0x000000002A755F10> @"ENTITY:4611686018427395164" ('SCR_ChimeraCharacter','Assets/Character/Men/REAPER_BaseBody_Upgrade.xob') at <3826.772949 123.460999 4942.454102> @"{865C0643B2D7C3FF}Prefabs/AI/EnemyCharacters/AI_soldier_PKM.et" already exists and won't be spawned for WP_RoadBlock1_tower2, exiting...
18:18:53.445   SCRIPT    (E): ScenarioFramework: Object Vehicle<0x000000002D4754C0> @"ENTITY:4611686018427395195" ('Vehicle','Assets/Vehicles/Wheeled/UAZ469/UAZ469_base.xob') at <2621.271240 90.453995 5345.733887> @"{5070B3749C7782D8}Prefabs/Vehicles/Wheeled/UAZ469/UAZ469_covered_CIV_JZD.et" already exists and won't be spawned for SlotVeh_placedVehicle_06, exiting...
18:18:53.445   SCRIPT    (E): ScenarioFramework: Object SCR_CharacterTriggerEntity<0x000000002D89C100> @"ENTITY:4611686018427395261" ('SCR_CharacterTriggerEntity') at <4975.291016 2.964000 3872.853027> @"{47D49EA6A216CFD5}Prefabs/ScenarioFramework/Triggers/TriggerCharacterSlow.et" already exists and won't be spawned for SlotTrigger_Warehouse_Sound, exiting...
18:18:53.505 WORLD        : UpdateEntities
18:18:53.505  WORLD        : FixedFrame
18:18:53.505   SCRIPT    (E): ScenarioFramework: Object SCR_DefendWaypoint<0x000000002AF635C8> @"ENTITY:4611686018427394221" ('SCR_DefendWaypoint') at <2867.395020 91.803001 4870.986816> @"{4ECD14650D82F5CA}Prefabs/AI/Waypoints/AIWaypoint_Loiter_CO.et" already exists and won't be spawned for SlotWaypoint14, exiting...
18:18:53.505   SCRIPT    (E): ScenarioFramework: Object Vehicle<0x000000002AFC4BF0> @"ENTITY:4611686018427394222" ('Vehicle','Assets/Vehicles/Wheeled/S105/S105_base.xob') at <2882.399902 90.089203 4834.650879> @"{8EB38BBD860DA06E}Prefabs/Vehicles/Wheeled/S105/S105_lightblue.et" already exists and won't be spawned for Slot_CAR_Informant3, exiting...
18:18:53.540 WORLD        : UpdateEntities
18:18:53.540  WORLD        : FixedFrame
18:18:53.540   SCRIPT    (E): ScenarioFramework: Object SCR_ChimeraCharacter<0x000000002A7563F0> @"ENTITY:4611686018427395548" ('SCR_ChimeraCharacter','Assets/Character/Men/REAPER_BaseBody_Upgrade.xob') at <4803.537109 173.989014 6960.405273> @"{F01A00E272A5D609}Prefabs/AI/EnemyCharacters/AI_soldier_M14_EBR_SNIPER.et" already exists and won't be spawned for SlotAI_Montignac_sniper2, exiting...
18:18:53.541   SCRIPT    (E): ScenarioFramework: Object AIWaypointCycle<0x000000002A756730> @"ENTITY:4611686018427395581" ('AIWaypointCycle') at <3910.269043 118.768997 4892.627930> @"{35BD6541CBB8AC08}Prefabs/AI/Waypoints/AIWaypoint_Cycle.et" already exists and won't be spawned for SlotWP_NBuilding_cycle, exiting...
18:18:53.541   SCRIPT    (E): ScenarioFramework: Object Vehicle<0x000000002D8791D0> @"ENTITY:4611686018427395582" ('Vehicle','Assets/Vehicles/Wheeled/UAZ469/UAZ469_base.xob') at <3925.366211 104.647995 6238.422852> @"{5070B3749C7782D8}Prefabs/Vehicles/Wheeled/UAZ469/UAZ469_covered_CIV_JZD.et" already exists and won't be spawned for SlotVeh_placedVehicle_07, exiting...
18:18:53.541   SCRIPT    (E): ScenarioFramework: Object SCR_CharacterTriggerEntity<0x000000002DF8F860> @"ENTITY:4611686018427395648" ('SCR_CharacterTriggerEntity') at <4930.647949 14.927999 3974.606934> @"{47D49EA6A216CFD5}Prefabs/ScenarioFramework/Triggers/TriggerCharacterSlow.et" already exists and won't be spawned for SlotTrigger_Warehouse, exiting...
18:18:53.656 WORLD        : UpdateEntities
18:18:53.656  WORLD        : FixedFrame
18:18:53.656   SCRIPT       : ScenarioFramework: -> LayerTask: SlotTask SlotTalkToInformant3 - generating task Find the informant. Description: ScenarioFramework: -> LayerTask: SlotTask SlotTalkToInformant3 - generating task Find the informant. Description: reful, there may be spies in the region tracking our activities.
18:18:53.656 WORLD        : UpdateEntities
18:18:53.656  WORLD        : FixedFrame
18:18:53.656   SCRIPT    (E): Can't spawn object AI_Informant3_MainLayer - the slot has 0 activation type set instead of 1
18:18:53.656   SCRIPT    (E): ScenarioFramework: Object SCR_DefendWaypoint<0x000000002D7BA4F0> @"ENTITY:4611686018427395546" ('SCR_DefendWaypoint') at <2906.336914 91.270004 4839.495117> @"{4ECD14650D82F5CA}Prefabs/AI/Waypoints/AIWaypoint_Loiter_CO.et" already exists and won't be spawned for SlotWaypoint17, exiting...
18:18:53.656   SCRIPT    (E): ScenarioFramework: Object GenericEntity<0x000000002D87FDD0> @"ENTITY:4611686018427395547" ('GenericEntity') at <2884.583984 95.320999 4858.520020> @"{7C8453E612E28222}Prefabs/Task/REAPER_CustomMapMarker.et" already exists and won't be spawned for MapMarker_Informant3, exiting...
18:18:53.746 WORLD        : UpdateEntities
18:18:53.746  WORLD        : FixedFrame
18:18:53.746   SCRIPT    (E): ScenarioFramework: Object AIWaypointCycle<0x000000002A756F50> @"ENTITY:4611686018427395689" ('AIWaypointCycle') at <2911.162109 75.848999 6650.744141> @"{35BD6541CBB8AC08}Prefabs/AI/Waypoints/AIWaypoint_Cycle.et" already exists and won't be spawned for SlotWP_DL4_GRP1_Cycle, exiting...
18:18:53.746   SCRIPT    (E): ScenarioFramework: Object SCR_DefendWaypoint<0x000000002DDB5D48> @"ENTITY:4611686018427395690" ('SCR_DefendWaypoint') at <4813.784180 169.712006 6979.653320> @"{93291E72AC23930F}Prefabs/AI/Waypoints/AIWaypoint_Defend.et" already exists and won't be spawned for SlotWP_Montignac_defendRoad, exiting...
18:18:53.746   SCRIPT    (E): ScenarioFramework: Object SCR_AIAnimationWaypoint<0x000000002AF7B560> @"ENTITY:4611686018427395691" ('SCR_AIAnimationWaypoint') at <3913.365967 118.487999 4877.309082> @"{4481F98AAFA79B1C}Prefabs/AI/Waypoints/AIWaypoint_Animation.et" already exists and won't be spawned for SlotWP_NBuilding_sitting1, exiting...
18:18:53.746   SCRIPT    (E): ScenarioFramework: Object Vehicle<0x000000002D879C18> @"ENTITY:4611686018427395692" ('Vehicle','Assets/Vehicles/Wheeled/UAZ469/UAZ469_base.xob') at <2810.223145 82.676994 6427.943359> @"{5070B3749C7782D8}Prefabs/Vehicles/Wheeled/UAZ469/UAZ469_covered_CIV_JZD.et" already exists and won't be spawned for SlotVeh_placedVehicle_10, exiting...
18:18:53.746   SCRIPT    (E): ScenarioFramework: Object SCR_ChimeraCharacter<0x000000002A757290> @"ENTITY:4611686018427395758" ('SCR_ChimeraCharacter','Assets/Character/Men/REAPER_BaseBody_Upgrade.xob') at <4999.621094 2.691000 3904.872070> @"{64B74A7E7390DC7E}Prefabs/AI/CivilianCharacters/REAPER_CIV_09.et" already exists and won't be spawned for SlotAI_Warehouse_sit1, exiting...
18:18:53.854 WORLD        : UpdateEntities
18:18:53.854  WORLD        : FixedFrame
18:18:53.854   SCRIPT    (E): ScenarioFramework: Object SCR_AIWaypoint<0x000000002DDA0B70> @"ENTITY:4611686018427395686" ('SCR_AIWaypoint') at <2869.694092 94.568008 4860.257812> @"{22A875E30470BD4F}Prefabs/AI/Waypoints/AIWaypoint_Patrol.et" already exists and won't be spawned for SlotWaypoint18, exiting...
18:18:53.854   SCRIPT    (E): ScenarioFramework: Object AIWaypointCycle<0x000000002A756DB0> @"ENTITY:4611686018427395687" ('AIWaypointCycle') at <2887.425781 91.385002 4851.135742> @"{35BD6541CBB8AC08}Prefabs/AI/Waypoints/AIWaypoint_Cycle.et" already exists and won't be spawned for SlotAI_Informant3_WP_Cycle, exiting...
18:18:53.974 WORLD        : UpdateEntities
18:18:53.974  WORLD        : FixedFrame
18:18:53.974   SCRIPT    (E): ScenarioFramework: Object SCR_DefendWaypoint<0x000000002E07D108> @"ENTITY:4611686018427395770" ('SCR_DefendWaypoint') at <4820.177246 169.857010 7009.116211> @"{4ECD14650D82F5CA}Prefabs/AI/Waypoints/AIWaypoint_Loiter_CO.et" already exists and won't be spawned for SlotWP_Montignac_loiter, exiting...
18:18:53.974   SCRIPT    (E): ScenarioFramework: Object SCR_AIAnimationWaypoint<0x000000002E03C760> @"ENTITY:4611686018427395771" ('SCR_AIAnimationWaypoint') at <3920.614014 113.667999 4888.278809> @"{4481F98AAFA79B1C}Prefabs/AI/Waypoints/AIWaypoint_Animation.et" already exists and won't be spawned for SlotWP_NBuilding_wallLoiter, exiting...
18:18:53.974   SCRIPT    (E): ScenarioFramework: Object Vehicle<0x000000002D87A1F8> @"ENTITY:4611686018427395772" ('Vehicle','Assets/Vehicles/Wheeled/Ural4320/Ural_4320_base.xob') at <5263.034180 65.195000 5290.057129> @"{D9B91FAB817A6033}Prefabs/Vehicles/Wheeled/Ural4320/Ural4320_transport_covered.et" already exists and won't be spawned for Slot_URAL_Figari, exiting...
18:18:53.974   SCRIPT    (E): ScenarioFramework: Object Vehicle<0x000000002D87A370> @"ENTITY:4611686018427395841" ('Vehicle','Assets/Vehicles/Wheeled/UAZ469/UAZ469_base.xob') at <4729.957031 162.612991 7010.098145> @"{5070B3749C7782D8}Prefabs/Vehicles/Wheeled/UAZ469/UAZ469_covered_CIV_JZD.et" already exists and won't be spawned for SlotVeh_placedVehicle_08, exiting...
18:18:53.974   SCRIPT    (E): ScenarioFramework: Object SCR_ChimeraCharacter<0x000000002A757910> @"ENTITY:4611686018427395907" ('SCR_ChimeraCharacter','Assets/Character/Men/REAPER_BaseBody_Upgrade.xob') at <4992.064941 2.969000 3908.144043> @"{971778172968D655}Prefabs/AI/CivilianCharacters/REAPER_CIV_05.et" already exists and won't be spawned for SlotAI_Warehouse_sit2, exiting...
18:18:54.084 SCRIPT       : REAPER_SF_SlotTalkToInformant - Setup done!
18:18:54.142 WORLD        : UpdateEntities
18:18:54.142  WORLD        : FixedFrame
18:18:54.142   SCRIPT    (E): ScenarioFramework: Object Vehicle<0x000000002D87A950> @"ENTITY:4611686018427395919" ('Vehicle','Assets/Vehicles/Wheeled/UAZ469/UAZ469_base.xob') at <3800.781982 115.720001 4961.735352> @"{259EE7B78C51B624}Prefabs/Vehicles/Wheeled/UAZ469/UAZ469.et" already exists and won't be spawned for SlotVehicle_Roadblock, exiting...
18:18:54.142   SCRIPT    (E): ScenarioFramework: Object Vehicle<0x000000002D87AAC8> @"ENTITY:4611686018427395985" ('Vehicle','Assets/Vehicles/Wheeled/UAZ469/UAZ469_base.xob') at <4852.301270 170.360001 7024.715820> @"{5070B3749C7782D8}Prefabs/Vehicles/Wheeled/UAZ469/UAZ469_covered_CIV_JZD.et" already exists and won't be spawned for SlotVeh_placedVehicle_09, exiting...
18:18:54.142   SCRIPT    (E): ScenarioFramework: Object SCR_AIAnimationWaypoint<0x000000002E3058A0> @"ENTITY:4611686018427396051" ('SCR_AIAnimationWaypoint') at <5001.439941 2.687000 3898.364990> @"{4481F98AAFA79B1C}Prefabs/AI/Waypoints/AIWaypoint_Animation.et" already exists and won't be spawned for SlotWP_Warehouse_sit1, exiting...
18:18:54.336 WORLD        : UpdateEntities
18:18:54.336  WORLD        : FixedFrame
18:18:54.336   SCRIPT    (E): ScenarioFramework: Object SCR_ChimeraCharacter<0x000000002E504030> @"ENTITY:4611686018427396052" ('SCR_ChimeraCharacter','Assets/Character/Men/REAPER_BaseBody_Upgrade.xob') at <3806.330811 115.267998 4985.712402> @"{D463076156752A55}Prefabs/AI/EnemyCharacters/AI_soldier_AK74_3.et" already exists and won't be spawned for SLotAI_RoadBlock1_SIngle1, exiting...
18:18:54.336   SCRIPT    (E): ScenarioFramework: Object Vehicle<0x000000002D87B398> @"ENTITY:4611686018427396083" ('Vehicle','Assets/Vehicles/Wheeled/UAZ469/UAZ469_base.xob') at <5515.562012 95.589996 6091.187988> @"{5070B3749C7782D8}Prefabs/Vehicles/Wheeled/UAZ469/UAZ469_covered_CIV_JZD.et" already exists and won't be spawned for SlotVeh_placedVehicle_11, exiting...
18:18:54.336   SCRIPT    (E): ScenarioFramework: Object SCR_AIAnimationWaypoint<0x000000002E3069E0> @"ENTITY:4611686018427396149" ('SCR_AIAnimationWaypoint') at <4999.716309 2.739000 3896.774902> @"{4481F98AAFA79B1C}Prefabs/AI/Waypoints/AIWaypoint_Animation.et" already exists and won't be spawned for SlotWP_Warehouse_sit2, exiting...
18:18:54.537 WORLD        : UpdateEntities
18:18:54.537  WORLD        : FixedFrame
18:18:54.537   SCRIPT    (E): ScenarioFramework: Object SCR_ChimeraCharacter<0x000000002E504510> @"ENTITY:4611686018427396150" ('SCR_ChimeraCharacter','Assets/Character/Men/REAPER_BaseBody_Upgrade.xob') at <3771.209961 116.181000 4994.681152> @"{865C0643B2D7C3FF}Prefabs/AI/EnemyCharacters/AI_soldier_PKM.et" already exists and won't be spawned for SLotAI_RoadBlock1_SIngle2, exiting...
18:18:54.729 WORLD        : UpdateEntities
18:18:54.729  WORLD        : FixedFrame
18:18:54.729   SCRIPT    (E): ScenarioFramework: Object SCR_ChimeraCharacter<0x000000002E504850> @"ENTITY:4611686018427396182" ('SCR_ChimeraCharacter','Assets/Character/Men/REAPER_BaseBody_Upgrade.xob') at <5283.018066 65.270996 5303.779297> @"{865C0643B2D7C3FF}Prefabs/AI/EnemyCharacters/AI_soldier_PKM.et" already exists and won't be spawned for SlotAI_Figari_Single1, exiting...
18:18:54.930 WORLD        : UpdateEntities
18:18:54.930  WORLD        : FixedFrame
18:18:54.930   SCRIPT    (E): ScenarioFramework: Object SCR_ChimeraCharacter<0x000000002E504B90> @"ENTITY:4611686018427396214" ('SCR_ChimeraCharacter','Assets/Character/Men/REAPER_BaseBody_Upgrade.xob') at <5256.510742 65.153999 5296.061035> @"{E12AC797F9C2BBAA}Prefabs/AI/EnemyCharacters/AI_Leader1.et" already exists and won't be spawned for SlotAI_Figari_Single2, exiting...
18:18:55.320 WORLD        : UpdateEntities
18:18:55.320  WORLD        : FixedFrame
18:18:55.320   SCRIPT    (E): ScenarioFramework: Object AIWaypointCycle<0x000000002E504ED0> @"ENTITY:4611686018427396254" ('AIWaypointCycle') at <3774.387939 115.882996 4972.754395> @"{35BD6541CBB8AC08}Prefabs/AI/Waypoints/AIWaypoint_Cycle.et" already exists and won't be spawned for WP_Cycle_RoadBlock1, exiting...
18:18:55.521 WORLD        : UpdateEntities
18:18:55.521  WORLD        : FixedFrame
18:18:55.521   SCRIPT    (E): ScenarioFramework: Object SCR_TimedWaypoint<0x000000002E306CC0> @"ENTITY:4611686018427396255" ('SCR_TimedWaypoint') at <3826.054932 123.661995 4944.670410> @"{A88F0B6CF25BD1DE}Prefabs/AI/Waypoints/AIWaypoint_Scout.et" already exists and won't be spawned for WP_RoadBlock1_tower, exiting...
18:18:55.737 WORLD        : UpdateEntities
18:18:55.737  WORLD        : FixedFrame
18:18:55.737   SCRIPT    (E): ScenarioFramework: Object SCR_DefendWaypoint<0x000000002E5A8DF8> @"ENTITY:4611686018427396256" ('SCR_DefendWaypoint') at <5278.911133 64.537994 5322.131348> @"{4ECD14650D82F5CA}Prefabs/AI/Waypoints/AIWaypoint_Loiter_CO.et" already exists and won't be spawned for SlotWP_Figari_loiter, exiting...
18:21:13.925 RPL          : ServerImpl event: authenticating (identity=0x00000000, address=46.8.28.102:57652)
18:21:14.098 RPL          : ServerImpl event: connected (identity=0x00000000)
18:21:14.129 WORLD        : UpdateEntities
18:21:14.129  DEFAULT      : BattlEye Server: Adding player identity=0x00000000, name='Reidond'
18:21:14.129  DEFAULT      : BattlEye Server: 'Player #0 Reidond (46.8.28.102:57652) connected'
18:21:14.129  DEFAULT      : BattlEye Server: Setting GUID for player identity=0x00000000, GUID=76561198117480403
18:21:14.129  DEFAULT      : BattlEye Server: 'Player #0 Reidond - BE GUID: 0ff29685078407615ef8faeadc59b566'
18:21:14.261 DEFAULT      : BattlEye Server: 'Connected to BE Master'
18:21:28.344 NETWORK      : Player connected: connectionID=0
18:21:28.344 NETWORK      : ### Connecting player: connectionID=0, Name=
18:21:32.262 WORLD        : UpdateEntities
18:21:32.262  RPL          : rpl::Pip::ProcessNetToGame
18:21:32.262   NETWORK      : ### Creating player: PlayerId=1, Name=Reidond
18:21:32.267 WORLD        : UpdateEntities
18:21:32.267  RPL          : rpl::Pip::ProcessNetToGame
18:21:32.267   RESOURCES    : GetResourceObject @"{CD2B8EF361478648}Prefabs/Characters/Core/DefaultPlayerControllerMP_ScenarioFramework.et"
18:21:32.267    WORLD        : Entity prefab load @"{CD2B8EF361478648}Prefabs/Characters/Core/DefaultPlayerControllerMP_ScenarioFramework.et"
18:21:32.267     RESOURCES    : GetResourceObject @"{225E51284CC95CFA}Prefabs/Characters/Core/DefaultPlayerControllerMP.et"
18:21:32.267      WORLD        : Entity prefab load @"{225E51284CC95CFA}Prefabs/Characters/Core/DefaultPlayerControllerMP.et"
18:21:32.267       RESOURCES    : GetResourceObject @"{6E2BB64764E3BE9B}Prefabs/Characters/Core/DefaultPlayerController.et"
18:21:32.267        WORLD        : Entity prefab load @"{6E2BB64764E3BE9B}Prefabs/Characters/Core/DefaultPlayerController.et"
18:21:32.267         RESOURCES    : GetResourceObject @"{6E2BB64764E3BE9B}Prefabs/Characters/Core/DefaultPlayerController.et"
18:21:32.267          WORLD        : Entity prefab load @"{6E2BB64764E3BE9B}Prefabs/Characters/Core/DefaultPlayerController.et"
18:21:32.267           RESOURCES    : GetResourceObject @"{6E2BB64764E3BE9B}Prefabs/Characters/Core/DefaultPlayerController.et"
18:21:32.267            WORLD        : Entity prefab load @"{6E2BB64764E3BE9B}Prefabs/Characters/Core/DefaultPlayerController.et"
18:21:32.267             RESOURCES    : GetResourceObject @"{80CC0413DDBDFCB9}Configs/ControlHints/AvailableActions.conf"
18:21:32.267              DEFAULT      : Config load @"{80CC0413DDBDFCB9}Configs/ControlHints/AvailableActions.conf"
18:21:32.267               RESOURCES    : GetResourceObject @"{3BDADF72289D17FF}Configs/ControlHints/CharacterRangeAzimuth.conf"
18:21:32.268                DEFAULT      : Config load @"{3BDADF72289D17FF}Configs/ControlHints/CharacterRangeAzimuth.conf"
18:21:32.268                 DEFAULT   (E): Unknown class 'SCR_CharacterIsInGadgetADSCondition' at offset 341(0x155)
18:21:32.270   ENTITY       : SpawnEntityPrefab @"{CD2B8EF361478648}Prefabs/Characters/Core/DefaultPlayerControllerMP_ScenarioFramework.et"
18:21:32.270    RESOURCES    : GetResourceObject @"{F7753F60AE657638}Prefabs/Characters/Factions/Debug/DebugCharacter.et"
18:21:32.270     WORLD        : Entity prefab load @"{F7753F60AE657638}Prefabs/Characters/Factions/Debug/DebugCharacter.et"
18:21:32.270      RESOURCES (E): Wrong GUID/name for resource @"{8F14AFE8C7D19665}Prefabs/Props/TestSite/EXPLISIONCITTIES.et" in property "Prefab"
18:21:32.275   ENTITY       : SpawnEntityPrefab @"{CD2B8EF361478648}Prefabs/Characters/Core/DefaultPlayerControllerMP_ScenarioFramework.et"
18:21:32.275    ENTITY       : Create entity @"ENTITY:4611686018427396258" ('SCR_PlayerController') at <0.000000 0.000000 0.000000> @"{CD2B8EF361478648}Prefabs/Characters/Core/DefaultPlayerControllerMP_ScenarioFramework.et"
18:21:32.275     SCRIPT       : RHS_RadialMenu Initiated
18:21:32.462 WORLD        : UpdateEntities
18:21:32.462  RPL          : rpl::Pip::ProcessNetToGame
18:21:32.462   SCRIPT    (W): Ban Settings could not be loaded from BE Storage: Relying on default config
18:21:32.462 WORLD        : UpdateEntities
18:21:32.462  RPL          : rpl::Pip::ProcessNetToGame
18:21:32.462   SCRIPT       : REAPER: DataCollector (OnPlayerConnected) new Stats created for playerID: 1
18:21:32.467   NETWORK      : ### Updating player: PlayerId=1, Name=Reidond, IdentityId=25c9bb9d-fdd7-4be9-898e-cac20a551dd2
18:21:32.467   NETWORK      : Players connecting: 0
18:21:32.467   NETWORK      : Players connected: 1 / 1
18:21:32.977 SCRIPT       : REAPER: SCR_ArsenalManagerComponent - REAPER_InitLoadoutData
18:21:34.524 RPL          : ServerImpl event: authenticating (identity=0x00000001, address=37.21.217.102:57009)
18:21:34.633 RPL          : ServerImpl event: connected (identity=0x00000001)
18:21:34.662 WORLD        : UpdateEntities
18:21:34.662  DEFAULT      : BattlEye Server: Adding player identity=0x00000001, name='Axon'
18:21:34.662  DEFAULT      : BattlEye Server: 'Player #1 Axon (37.21.217.102:57009) connected'
18:21:34.662  DEFAULT      : BattlEye Server: Setting GUID for player identity=0x00000001, GUID=76561198016173803
18:21:34.662  DEFAULT      : BattlEye Server: 'Player #1 Axon - BE GUID: 1f8cae29aac1294a7695baceaa38aa08'
18:21:47.760 NETWORK      : Player connected: connectionID=1
18:21:47.760 NETWORK      : ### Connecting player: connectionID=1, Name=
18:21:51.426 SCRIPT       : SCR_LatestSaveDSSessionCallback: LocalSave: .LatestSave
18:21:52.045 WORLD        : UpdateEntities
18:21:52.045  RPL          : rpl::Pip::ProcessNetToGame
18:21:52.045   NETWORK      : ### Creating player: PlayerId=2, Name=Axon
18:21:52.045   ENTITY       : SpawnEntityPrefab @"{CD2B8EF361478648}Prefabs/Characters/Core/DefaultPlayerControllerMP_ScenarioFramework.et"
18:21:52.045    ENTITY       : Create entity @"ENTITY:4611686018427396264" ('SCR_PlayerController') at <0.000000 0.000000 0.000000> @"{CD2B8EF361478648}Prefabs/Characters/Core/DefaultPlayerControllerMP_ScenarioFramework.et"
18:21:52.045     SCRIPT       : RHS_RadialMenu Initiated
18:21:52.245 WORLD        : UpdateEntities
18:21:52.245  RPL          : rpl::Pip::ProcessNetToGame
18:21:52.245   SCRIPT       : REAPER: DataCollector (OnPlayerConnected) new Stats created for playerID: 2
18:21:52.247   NETWORK      : ### Updating player: PlayerId=2, Name=Axon, IdentityId=78439c51-f388-4fee-aa65-aca9cde8b061
18:21:52.247   NETWORK      : Players connecting: 0
18:21:52.247   NETWORK      : Players connected: 2 / 2
18:21:52.744 SCRIPT       : REAPER: SCR_ArsenalManagerComponent - REAPER_InitLoadoutData
18:24:51.420 BACKEND   (W): !!! JsonApi Var name="m_vSavePosition" double register attempt - skipping!
18:24:51.438 SCRIPT       : SCR_LatestSaveDSSessionCallback: LocalSave: .LatestSave
18:27:51.429 BACKEND   (W): !!! JsonApi Var name="m_vSavePosition" double register attempt - skipping!
18:27:51.446 SCRIPT       : SCR_LatestSaveDSSessionCallback: LocalSave: .LatestSave
18:30:38.490 RPL          : ServerImpl event: connection timeout (identity=0x00000000)
18:30:38.491 WORLD        : UpdateEntities
18:30:38.491  DEFAULT      : BattlEye Server: Disconnect player identity=0x00000000
18:30:38.491  DEFAULT      : BattlEye Server: 'Player #0 Reidond disconnected'
18:30:38.524 BACKEND      : Reserving slot for player "Reidond" [25c9bb9d-fdd7-4be9-898e-cac20a551dd2] for 60 sec
18:30:38.524 NETWORK      : Player disconnected: connectionID=0
18:30:38.525 SCRIPT    (W): Maybe a problem: DataProgression is not ready but the analytics event was requested
18:30:38.525 NETWORK      : Total number of players: 1
18:30:51.439 BACKEND   (W): !!! JsonApi Var name="m_vSavePosition" double register attempt - skipping!
18:30:51.457 SCRIPT       : SCR_LatestSaveDSSessionCallback: LocalSave: .LatestSave
18:31:28.232 RPL          : ServerImpl event: authenticating (identity=0x00000000, address=46.8.28.102:61062)
18:31:28.429 RPL          : ServerImpl event: connected (identity=0x00000000)
18:31:28.455 WORLD        : UpdateEntities
18:31:28.455  DEFAULT      : BattlEye Server: Adding player identity=0x00000000, name='Reidond'
18:31:28.455  DEFAULT      : BattlEye Server: 'Player #2 Reidond (46.8.28.102:61062) connected'
18:31:28.455  DEFAULT      : BattlEye Server: Setting GUID for player identity=0x00000000, GUID=76561198117480403
18:31:28.455  DEFAULT      : BattlEye Server: 'Player #2 Reidond - BE GUID: 0ff29685078407615ef8faeadc59b566'
18:31:42.703 NETWORK      : Player connected: connectionID=0
18:31:42.703 NETWORK      : ### Connecting player: connectionID=0, Name=
18:31:46.705 WORLD        : UpdateEntities
18:31:46.705  RPL          : rpl::Pip::ProcessNetToGame
18:31:46.705   ENTITY       : SpawnEntityPrefab @"{CD2B8EF361478648}Prefabs/Characters/Core/DefaultPlayerControllerMP_ScenarioFramework.et"
18:31:46.705    ENTITY       : Create entity @"ENTITY:4611686018427396512" ('SCR_PlayerController') at <0.000000 0.000000 0.000000> @"{CD2B8EF361478648}Prefabs/Characters/Core/DefaultPlayerControllerMP_ScenarioFramework.et"
18:31:46.705     SCRIPT       : RHS_RadialMenu Initiated
18:31:47.039 WORLD        : UpdateEntities
18:31:47.039  RPL          : rpl::Pip::ProcessNetToGame
18:31:47.040   SCRIPT       : REAPER: DataCollector (OnPlayerConnected) Stats already available for playerID: 1 -- Sending stats to player.
18:31:47.042   NETWORK      : ### Updating player: PlayerId=1, Name=Reidond, IdentityId=25c9bb9d-fdd7-4be9-898e-cac20a551dd2
18:31:47.042   NETWORK      : Players connecting: 0
18:31:47.042   NETWORK      : Players connected: 2 / 2
18:31:47.552 SCRIPT       : REAPER: SCR_ArsenalManagerComponent - REAPER_InitLoadoutData
18:31:47.553 SCRIPT       : REAPER: SCR_ArsenalManagerComponent - REAPER_InitLoadoutData - Data loaded for PlayerID: 1
18:33:26.338 RPL          : ServerImpl event: connection timeout (identity=0x00000000)
18:33:26.339 BACKEND      : Reserving slot for player "Reidond" [25c9bb9d-fdd7-4be9-898e-cac20a551dd2] for 60 sec
18:33:26.367 WORLD        : UpdateEntities
18:33:26.367  DEFAULT      : BattlEye Server: Disconnect player identity=0x00000000
18:33:26.367  DEFAULT      : BattlEye Server: 'Player #2 Reidond disconnected'
18:33:26.403 NETWORK      : Player disconnected: connectionID=0
18:33:26.404 NETWORK      : Total number of players: 1
18:33:51.448 BACKEND   (W): !!! JsonApi Var name="m_vSavePosition" double register attempt - skipping!
18:33:51.465 SCRIPT       : SCR_LatestSaveDSSessionCallback: LocalSave: .LatestSave
18:34:34.237 RPL          : ServerImpl event: connection timeout (identity=0x00000001)
18:34:34.249 BACKEND      : Reserving slot for player "Axon" [78439c51-f388-4fee-aa65-aca9cde8b061] for 60 sec
18:34:34.264 WORLD        : UpdateEntities
18:34:34.265  DEFAULT      : BattlEye Server: Disconnect player identity=0x00000001
18:34:34.265  DEFAULT      : BattlEye Server: 'Player #1 Axon disconnected'
18:34:34.297 NETWORK      : Player disconnected: connectionID=1
18:34:34.297 SCRIPT    (W): Maybe a problem: DataProgression is not ready but the analytics event was requested
18:34:34.298 NETWORK      : Total number of players: 0
18:35:01.976 RPL          : ServerImpl event: authenticating (identity=0x00000000, address=37.21.217.102:63105)
18:35:02.150 RPL          : ServerImpl event: connected (identity=0x00000000)
18:35:02.180 WORLD        : UpdateEntities
18:35:02.180  DEFAULT      : BattlEye Server: Adding player identity=0x00000000, name='Axon'
18:35:02.180  DEFAULT      : BattlEye Server: 'Player #0 Axon (37.21.217.102:63105) connected'
18:35:02.180  DEFAULT      : BattlEye Server: Setting GUID for player identity=0x00000000, GUID=76561198016173803
18:35:02.180  DEFAULT      : BattlEye Server: 'Player #0 Axon - BE GUID: 1f8cae29aac1294a7695baceaa38aa08'
18:35:15.228 NETWORK      : Player connected: connectionID=0
18:35:15.228 NETWORK      : ### Connecting player: connectionID=0, Name=
18:35:19.514 WORLD        : UpdateEntities
18:35:19.514  RPL          : rpl::Pip::ProcessNetToGame
18:35:19.514   ENTITY       : SpawnEntityPrefab @"{CD2B8EF361478648}Prefabs/Characters/Core/DefaultPlayerControllerMP_ScenarioFramework.et"
18:35:19.514    ENTITY       : Create entity @"ENTITY:4611686018427396574" ('SCR_PlayerController') at <0.000000 0.000000 0.000000> @"{CD2B8EF361478648}Prefabs/Characters/Core/DefaultPlayerControllerMP_ScenarioFramework.et"
18:35:19.514     SCRIPT       : RHS_RadialMenu Initiated
18:35:19.712 WORLD        : UpdateEntities
18:35:19.712  RPL          : rpl::Pip::ProcessNetToGame
18:35:19.712   SCRIPT       : REAPER: DataCollector (OnPlayerConnected) Stats already available for playerID: 2 -- Sending stats to player.
18:35:19.714   NETWORK      : ### Updating player: PlayerId=2, Name=Axon, IdentityId=78439c51-f388-4fee-aa65-aca9cde8b061
18:35:19.714   NETWORK      : Players connecting: 0
18:35:19.714   NETWORK      : Players connected: 1 / 2
18:35:20.211 SCRIPT       : REAPER: SCR_ArsenalManagerComponent - REAPER_InitLoadoutData
18:35:20.212 SCRIPT       : REAPER: SCR_ArsenalManagerComponent - REAPER_InitLoadoutData - Data loaded for PlayerID: 2
18:36:36.625 WORLD        : UpdateEntities
18:36:36.625  WORLD        : Frame
18:36:36.625   SCRIPT    (W): Agent added twice to list of animated agents!
18:36:42.392 WORLD        : UpdateEntities
18:36:42.392  WORLD        : Frame
18:36:42.392   SCRIPT    (W): Agent added twice to list of animated agents!
18:36:51.458 BACKEND   (W): !!! JsonApi Var name="m_vSavePosition" double register attempt - skipping!
18:36:51.476 SCRIPT       : SCR_LatestSaveDSSessionCallback: LocalSave: .LatestSave
18:38:44.534 RPL          : ServerImpl event: authenticating (identity=0x00000001, address=46.8.28.102:60313)
18:38:44.709 RPL          : ServerImpl event: connected (identity=0x00000001)
18:38:44.721 WORLD        : UpdateEntities
18:38:44.721  DEFAULT      : BattlEye Server: Adding player identity=0x00000001, name='Reidond'
18:38:44.721  DEFAULT      : BattlEye Server: 'Player #1 Reidond (46.8.28.102:60313) connected'
18:38:44.721  DEFAULT      : BattlEye Server: Setting GUID for player identity=0x00000001, GUID=76561198117480403
18:38:44.721  DEFAULT      : BattlEye Server: 'Player #1 Reidond - BE GUID: 0ff29685078407615ef8faeadc59b566'
18:38:59.569 NETWORK      : Player connected: connectionID=1
18:38:59.569 NETWORK      : ### Connecting player: connectionID=1, Name=
18:39:03.554 WORLD        : UpdateEntities
18:39:03.554  RPL          : rpl::Pip::ProcessNetToGame
18:39:03.554   ENTITY       : SpawnEntityPrefab @"{CD2B8EF361478648}Prefabs/Characters/Core/DefaultPlayerControllerMP_ScenarioFramework.et"
18:39:03.554    ENTITY       : Create entity @"ENTITY:4611686018427396656" ('SCR_PlayerController') at <0.000000 0.000000 0.000000> @"{CD2B8EF361478648}Prefabs/Characters/Core/DefaultPlayerControllerMP_ScenarioFramework.et"
18:39:03.554     SCRIPT       : RHS_RadialMenu Initiated
18:39:03.787 WORLD        : UpdateEntities
18:39:03.787  RPL          : rpl::Pip::ProcessNetToGame
18:39:03.787   SCRIPT       : REAPER: DataCollector (OnPlayerConnected) Stats already available for playerID: 1 -- Sending stats to player.
18:39:03.788   NETWORK      : ### Updating player: PlayerId=1, Name=Reidond, IdentityId=25c9bb9d-fdd7-4be9-898e-cac20a551dd2
18:39:03.788   NETWORK      : Players connecting: 0
18:39:03.788   NETWORK      : Players connected: 2 / 2
18:39:04.302 SCRIPT       : REAPER: SCR_ArsenalManagerComponent - REAPER_InitLoadoutData
18:39:04.303 SCRIPT       : REAPER: SCR_ArsenalManagerComponent - REAPER_InitLoadoutData - Data loaded for PlayerID: 1
18:39:51.467 BACKEND   (W): !!! JsonApi Var name="m_vSavePosition" double register attempt - skipping!
18:39:51.493 SCRIPT       : SCR_LatestSaveDSSessionCallback: LocalSave: .LatestSave
18:39:54.893 RPL          : ServerImpl event: connection timeout (identity=0x00000000)
18:39:54.903 BACKEND      : Reserving slot for player "Axon" [78439c51-f388-4fee-aa65-aca9cde8b061] for 60 sec
18:39:54.918 WORLD        : UpdateEntities
18:39:54.918  DEFAULT      : BattlEye Server: Disconnect player identity=0x00000000
18:39:54.918  DEFAULT      : BattlEye Server: 'Player #0 Axon disconnected'
18:39:54.943 NETWORK      : Player disconnected: connectionID=0
18:39:54.943 NETWORK      : Total number of players: 1
18:39:56.729 RPL          : ServerImpl event: authenticating (identity=0x00000000, address=92.60.179.41:64211)
18:39:56.838 RPL          : ServerImpl event: connected (identity=0x00000000)
18:39:56.852 WORLD        : UpdateEntities
18:39:56.852  DEFAULT      : BattlEye Server: Adding player identity=0x00000000, name='KpoJluK'
18:39:56.852  DEFAULT      : BattlEye Server: 'Player #2 KpoJluK (92.60.179.41:64211) connected'
18:39:56.852  DEFAULT      : BattlEye Server: Setting GUID for player identity=0x00000000, GUID=76561198160834659
18:39:56.852  DEFAULT      : BattlEye Server: 'Player #2 KpoJluK - BE GUID: 600f19ad948a87728ea7a1c6bf29dd16'
18:40:12.899 NETWORK      : Player connected: connectionID=0
18:40:12.899 NETWORK      : ### Connecting player: connectionID=0, Name=
18:40:19.951 WORLD        : UpdateEntities
18:40:19.951  RPL          : rpl::Pip::ProcessNetToGame
18:40:19.951   NETWORK      : ### Creating player: PlayerId=3, Name=KpoJluK
18:40:19.951   ENTITY       : SpawnEntityPrefab @"{CD2B8EF361478648}Prefabs/Characters/Core/DefaultPlayerControllerMP_ScenarioFramework.et"
18:40:19.951    ENTITY       : Create entity @"ENTITY:4611686018427396721" ('SCR_PlayerController') at <0.000000 0.000000 0.000000> @"{CD2B8EF361478648}Prefabs/Characters/Core/DefaultPlayerControllerMP_ScenarioFramework.et"
18:40:19.951     SCRIPT       : RHS_RadialMenu Initiated
18:40:20.450 WORLD        : UpdateEntities
18:40:20.450  RPL          : rpl::Pip::ProcessNetToGame
18:40:20.450   SCRIPT       : REAPER: DataCollector (OnPlayerConnected) new Stats created for playerID: 3
18:40:20.451   NETWORK      : ### Updating player: PlayerId=3, Name=KpoJluK, IdentityId=18329d5a-1895-43db-afe0-f3ffe1cdefb9
18:40:20.451   NETWORK      : Players connecting: 0
18:40:20.451   NETWORK      : Players connected: 2 / 3
18:40:20.966 SCRIPT       : REAPER: SCR_ArsenalManagerComponent - REAPER_InitLoadoutData
18:41:09.591 RPL          : ServerImpl event: authenticating (identity=0x00000002, address=37.21.217.102:62285)
18:41:09.868 RPL          : ServerImpl event: connected (identity=0x00000002)
18:41:09.882 WORLD        : UpdateEntities
18:41:09.882  DEFAULT      : BattlEye Server: Adding player identity=0x00000002, name='Axon'
18:41:09.882  DEFAULT      : BattlEye Server: 'Player #3 Axon (37.21.217.102:62285) connected'
18:41:09.882  DEFAULT      : BattlEye Server: Setting GUID for player identity=0x00000002, GUID=76561198016173803
18:41:09.882  DEFAULT      : BattlEye Server: 'Player #3 Axon - BE GUID: 1f8cae29aac1294a7695baceaa38aa08'
18:41:22.663 NETWORK      : Player connected: connectionID=2
18:41:22.663 NETWORK      : ### Connecting player: connectionID=2, Name=
18:41:27.016 WORLD        : UpdateEntities
18:41:27.016  RPL          : rpl::Pip::ProcessNetToGame
18:41:27.016   ENTITY       : SpawnEntityPrefab @"{CD2B8EF361478648}Prefabs/Characters/Core/DefaultPlayerControllerMP_ScenarioFramework.et"
18:41:27.016    ENTITY       : Create entity @"ENTITY:4611686018427396758" ('SCR_PlayerController') at <0.000000 0.000000 0.000000> @"{CD2B8EF361478648}Prefabs/Characters/Core/DefaultPlayerControllerMP_ScenarioFramework.et"
18:41:27.016     SCRIPT       : RHS_RadialMenu Initiated
18:41:27.215 WORLD        : UpdateEntities
18:41:27.215  RPL          : rpl::Pip::ProcessNetToGame
18:41:27.215   SCRIPT       : REAPER: DataCollector (OnPlayerConnected) Stats already available for playerID: 2 -- Sending stats to player.
18:41:27.217   NETWORK      : ### Updating player: PlayerId=2, Name=Axon, IdentityId=78439c51-f388-4fee-aa65-aca9cde8b061
18:41:27.217   NETWORK      : Players connecting: 0
18:41:27.217   NETWORK      : Players connected: 3 / 3
18:41:27.729 SCRIPT       : REAPER: SCR_ArsenalManagerComponent - REAPER_InitLoadoutData
18:41:27.730 SCRIPT       : REAPER: SCR_ArsenalManagerComponent - REAPER_InitLoadoutData - Data loaded for PlayerID: 2
18:42:05.039 RPL          : ServerImpl event: connection timeout (identity=0x00000001)
18:42:05.046 WORLD        : UpdateEntities
18:42:05.046  DEFAULT      : BattlEye Server: Disconnect player identity=0x00000001
18:42:05.046  DEFAULT      : BattlEye Server: 'Player #1 Reidond disconnected'
18:42:05.079 BACKEND      : Reserving slot for player "Reidond" [25c9bb9d-fdd7-4be9-898e-cac20a551dd2] for 60 sec
18:42:05.079 NETWORK      : Player disconnected: connectionID=1
18:42:05.080 NETWORK      : Total number of players: 2
18:42:51.477 BACKEND   (W): !!! JsonApi Var name="m_vSavePosition" double register attempt - skipping!
18:42:51.494 SCRIPT       : SCR_LatestSaveDSSessionCallback: LocalSave: .LatestSave
18:42:54.824 RPL          : ServerImpl event: authenticating (identity=0x00000001, address=46.8.28.102:53765)
18:42:55.067 RPL          : ServerImpl event: connected (identity=0x00000001)
18:42:55.094 WORLD        : UpdateEntities
18:42:55.094  DEFAULT      : BattlEye Server: Adding player identity=0x00000001, name='Reidond'
18:42:55.094  DEFAULT      : BattlEye Server: 'Player #4 Reidond (46.8.28.102:53765) connected'
18:42:55.094  DEFAULT      : BattlEye Server: Setting GUID for player identity=0x00000001, GUID=76561198117480403
18:42:55.094  DEFAULT      : BattlEye Server: 'Player #4 Reidond - BE GUID: 0ff29685078407615ef8faeadc59b566'
18:43:09.476 NETWORK      : Player connected: connectionID=1
18:43:09.477 NETWORK      : ### Connecting player: connectionID=1, Name=
18:43:13.461 WORLD        : UpdateEntities
18:43:13.461  RPL          : rpl::Pip::ProcessNetToGame
18:43:13.461   ENTITY       : SpawnEntityPrefab @"{CD2B8EF361478648}Prefabs/Characters/Core/DefaultPlayerControllerMP_ScenarioFramework.et"
18:43:13.461    ENTITY       : Create entity @"ENTITY:4611686018427396856" ('SCR_PlayerController') at <0.000000 0.000000 0.000000> @"{CD2B8EF361478648}Prefabs/Characters/Core/DefaultPlayerControllerMP_ScenarioFramework.et"
18:43:13.461     SCRIPT       : RHS_RadialMenu Initiated
18:43:13.661 WORLD        : UpdateEntities
18:43:13.661  RPL          : rpl::Pip::ProcessNetToGame
18:43:13.661   SCRIPT       : REAPER: DataCollector (OnPlayerConnected) Stats already available for playerID: 1 -- Sending stats to player.
18:43:13.662   NETWORK      : ### Updating player: PlayerId=1, Name=Reidond, IdentityId=25c9bb9d-fdd7-4be9-898e-cac20a551dd2
18:43:13.662   NETWORK      : Players connecting: 0
18:43:13.662   NETWORK      : Players connected: 3 / 3
18:43:14.175 SCRIPT       : REAPER: SCR_ArsenalManagerComponent - REAPER_InitLoadoutData
18:43:14.176 SCRIPT       : REAPER: SCR_ArsenalManagerComponent - REAPER_InitLoadoutData - Data loaded for PlayerID: 1
18:43:45.427 PATHFINDING(W): Failed to create instance of custom link! Tile: [211, 166], link_idx: 4
18:45:23.908 RPL          : ServerImpl event: authenticating (identity=0x00000003, address=109.194.217.28:51544)
18:45:24.077 RPL          : ServerImpl event: connected (identity=0x00000003)
18:45:24.105 WORLD        : UpdateEntities
18:45:24.105  DEFAULT      : BattlEye Server: Adding player identity=0x00000003, name='kiiwee'
18:45:24.105  DEFAULT      : BattlEye Server: 'Player #5 kiiwee (109.194.217.28:51544) connected'
18:45:24.105  DEFAULT      : BattlEye Server: Setting GUID for player identity=0x00000003, GUID=76561198103298220
18:45:24.105  DEFAULT      : BattlEye Server: 'Player #5 kiiwee - BE GUID: 2b2e0ef8666c0ed0710dba7da83a72a6'
18:45:42.920 NETWORK      : Player connected: connectionID=3
18:45:42.920 NETWORK      : ### Connecting player: connectionID=3, Name=
18:45:47.338 WORLD        : UpdateEntities
18:45:47.338  RPL          : rpl::Pip::ProcessNetToGame
18:45:47.338   NETWORK      : ### Creating player: PlayerId=4, Name=kiiwee
18:45:47.338   ENTITY       : SpawnEntityPrefab @"{CD2B8EF361478648}Prefabs/Characters/Core/DefaultPlayerControllerMP_ScenarioFramework.et"
18:45:47.338    ENTITY       : Create entity @"ENTITY:4611686018427397000" ('SCR_PlayerController') at <0.000000 0.000000 0.000000> @"{CD2B8EF361478648}Prefabs/Characters/Core/DefaultPlayerControllerMP_ScenarioFramework.et"
18:45:47.338     SCRIPT       : RHS_RadialMenu Initiated
18:45:47.904 WORLD        : UpdateEntities
18:45:47.904  RPL          : rpl::Pip::ProcessNetToGame
18:45:47.904   SCRIPT       : REAPER: DataCollector (OnPlayerConnected) new Stats created for playerID: 4
18:45:47.905   NETWORK      : ### Updating player: PlayerId=4, Name=kiiwee, IdentityId=c82b3f20-d8cf-4897-b5f5-a808da97a5d6
18:45:47.905   NETWORK      : Players connecting: 0
18:45:47.905   NETWORK      : Players connected: 4 / 4
18:45:48.403 SCRIPT       : REAPER: SCR_ArsenalManagerComponent - REAPER_InitLoadoutData
18:45:51.486 BACKEND   (W): !!! JsonApi Var name="m_vSavePosition" double register attempt - skipping!
18:45:51.503 SCRIPT       : SCR_LatestSaveDSSessionCallback: LocalSave: .LatestSave
18:45:55.958 RPL          : ServerImpl event: connection timeout (identity=0x00000002)
18:45:55.971 WORLD        : UpdateEntities
18:45:55.971  DEFAULT      : BattlEye Server: Disconnect player identity=0x00000002
18:45:55.971  DEFAULT      : BattlEye Server: 'Player #3 Axon disconnected'
18:45:55.998 BACKEND      : Reserving slot for player "Axon" [78439c51-f388-4fee-aa65-aca9cde8b061] for 60 sec
18:45:55.998 NETWORK      : Player disconnected: connectionID=2
18:45:55.999 NETWORK      : Total number of players: 3
18:46:55.472 RPL          : ServerImpl event: authenticating (identity=0x00000002, address=37.21.217.102:64170)
18:46:55.591 RPL          : ServerImpl event: connected (identity=0x00000002)
18:46:55.601 WORLD        : UpdateEntities
18:46:55.601  DEFAULT      : BattlEye Server: Adding player identity=0x00000002, name='Axon'
18:46:55.601  DEFAULT      : BattlEye Server: 'Player #6 Axon (37.21.217.102:64170) connected'
18:46:55.601  DEFAULT      : BattlEye Server: Setting GUID for player identity=0x00000002, GUID=76561198016173803
18:46:55.601  DEFAULT      : BattlEye Server: 'Player #6 Axon - BE GUID: 1f8cae29aac1294a7695baceaa38aa08'
18:47:08.783 NETWORK      : Player connected: connectionID=2
18:47:08.783 NETWORK      : ### Connecting player: connectionID=2, Name=
18:47:13.135 WORLD        : UpdateEntities
18:47:13.135  RPL          : rpl::Pip::ProcessNetToGame
18:47:13.135   ENTITY       : SpawnEntityPrefab @"{CD2B8EF361478648}Prefabs/Characters/Core/DefaultPlayerControllerMP_ScenarioFramework.et"
18:47:13.135    ENTITY       : Create entity @"ENTITY:4611686018427397031" ('SCR_PlayerController') at <0.000000 0.000000 0.000000> @"{CD2B8EF361478648}Prefabs/Characters/Core/DefaultPlayerControllerMP_ScenarioFramework.et"
18:47:13.135     SCRIPT       : RHS_RadialMenu Initiated
18:47:13.468 WORLD        : UpdateEntities
18:47:13.468  RPL          : rpl::Pip::ProcessNetToGame
18:47:13.468   SCRIPT       : REAPER: DataCollector (OnPlayerConnected) Stats already available for playerID: 2 -- Sending stats to player.
18:47:13.469   NETWORK      : ### Updating player: PlayerId=2, Name=Axon, IdentityId=78439c51-f388-4fee-aa65-aca9cde8b061
18:47:13.470   NETWORK      : Players connecting: 0
18:47:13.470   NETWORK      : Players connected: 4 / 4
18:47:13.966 SCRIPT       : REAPER: SCR_ArsenalManagerComponent - REAPER_InitLoadoutData
18:47:13.967 SCRIPT       : REAPER: SCR_ArsenalManagerComponent - REAPER_InitLoadoutData - Data loaded for PlayerID: 2
18:48:11.716 WORLD        : UpdateEntities
18:48:11.716  RPL          : rpl::Pip::ProcessNetToGame
18:48:11.716   SCRIPT       : TrySwapItems
18:48:11.716   SCRIPT       : IEntity pOwnerEntity = GameEntity<0x000000002FE6A310> @"ENTITY:4611686018427397004" ('GameEntity','Assets/Weapons/Attachments/VORTEX_Razor_HD_Gen3_LPVO.xob') at <4973.520020 3.364000 3849.562744> @"{9F10AFB8C857ED84}Prefabs/Weapons/Attachments/Vortex_razor_HD_G3_BR.et"
18:48:11.716   SCRIPT       : BaseInventoryStorageComponent pStorageTo = SCR_WeaponAttachmentsStorageComponent<0x0000000029A4B330>
18:48:34.266 WORLD        : UpdateEntities
18:48:34.266  RPL          : rpl::Pip::ProcessNetToGame
18:48:34.266   SCRIPT       : TrySwapItems
18:48:34.266   SCRIPT       : IEntity pOwnerEntity = GameEntity<0x0000000024120390> @"ENTITY:4611686018427390348" ('GameEntity','Assets/Weapons/Attachments/Scopes/Elcan_Specter_DR/Elcan_Specter_DR.xob') at <4973.520020 3.364000 3849.562744> @"{C5C6DB856A7C3A24}Prefabs/Weapons/Attachments/Elcan_Specter_DR_BR.et"
18:48:34.266   SCRIPT       : BaseInventoryStorageComponent pStorageTo = SCR_WeaponAttachmentsStorageComponent<0x0000000029A4B330>
18:48:51.495 BACKEND   (W): !!! JsonApi Var name="m_vSavePosition" double register attempt - skipping!
18:48:51.513 SCRIPT       : SCR_LatestSaveDSSessionCallback: LocalSave: .LatestSave
18:49:21.713 WORLD        : UpdateEntities
18:49:21.713  RPL          : rpl::Pip::ProcessNetToGame
18:49:21.713   SCRIPT       : REAPER InventoryStorageManager - Server cannot move item!
18:49:21.713   SCRIPT       : IEntity item = GenericEntity<0x00000000241DBCC0> @"ENTITY:4611686018427390552" ('GenericEntity','Assets/Weapons/Attachments/Silencer_tbeast_multi.xob') at <4973.520020 3.364000 3849.562744> @"{12B0832D30E382E0}Prefabs/Weapons/Attachments/Silencer_tbeast_multi_FDE.et"
18:49:27.045 WORLD        : UpdateEntities
18:49:27.045  RPL          : rpl::Pip::ProcessNetToGame
18:49:27.045   SCRIPT       : REAPER InventoryStorageManager - Server cannot move item!
18:49:27.045   SCRIPT       : IEntity item = GenericEntity<0x000000002432C580> @"ENTITY:4611686018427390560" ('GenericEntity','Assets/Weapons/Attachments/Silencer_tbeast_multi.xob') at <4973.520020 3.364000 3849.562744> @"{3A881FBD8F249718}Prefabs/Weapons/Attachments/Silencer_tbeast_multi_tropic.et"
18:49:37.446 WORLD        : UpdateEntities
18:49:37.446  RPL          : rpl::Pip::ProcessNetToGame
18:49:37.446   SCRIPT    (W): REAPER_WeaponLaserComponent - REAPER_WeaponManagerComponent not found on weaponEntity!
18:49:40.879 WORLD        : UpdateEntities
18:49:40.879  RPL          : rpl::Pip::ProcessNetToGame
18:49:40.879   SCRIPT       : REAPER InventoryStorageManager - Server cannot move item!
18:49:40.879   SCRIPT       : IEntity item = GameEntity<0x000000002FE6A430> @"ENTITY:4611686018427397005" ('GameEntity','Assets/Weapons/Attachments/LaserDevices/ATPIAL_AN_PEQ15/ATPIAL_AN_PEQ15.xob') at <4972.948730 3.302893 3849.771484> @"{5B4FA2D63BAF2C3E}Prefabs/Weapons/Attachments/PEQ15_FDE_TOP.et"
18:50:51.326 WORLD        : UpdateEntities
18:50:51.326  WORLD        : Frame
18:50:51.326   SCRIPT    (W): Agent added twice to list of animated agents!
18:50:51.425 WORLD        : UpdateEntities
18:50:51.425  WORLD        : Frame
18:50:51.425   SCRIPT    (W): Agent added twice to list of animated agents!
18:50:56.725 WORLD        : UpdateEntities
18:50:56.725  WORLD        : Frame
18:50:56.725   SCRIPT    (W): Agent added twice to list of animated agents!
18:50:58.626 WORLD        : UpdateEntities
18:50:58.626  WORLD        : Frame
18:50:58.626   SCRIPT    (W): Agent added twice to list of animated agents!
18:50:58.626   SCRIPT    (E): Virtual Machine Exception

Reason: Missing script reference for this agent!

<0x000000002D500810> SCR_ChimeraAIAgent : AI/BehaviorTrees/Chimera/Soldier/Soldier.bt
 (RunBT : ID 0) 

AI/BehaviorTrees/Chimera/Soldier/Behavior_Animate.bt
SCR_AI Get Animation Script Parameters : ID 0

Function: 'NodeError'
Stack trace:
Scripts/Game/AI/Utils/NodeError.c:8 Function NodeError
Scripts/Game/AI/ScriptedNodes/Waypoints/SCR_AIGetAnimationScriptParameters.c:24 Function EOnTaskSimulate
18:51:51.505 BACKEND   (W): !!! JsonApi Var name="m_vSavePosition" double register attempt - skipping!
18:51:51.522 SCRIPT       : SCR_LatestSaveDSSessionCallback: LocalSave: .LatestSave
18:52:52.788 WORLD        : UpdateEntities
18:52:52.788  RPL          : rpl::Pip::ProcessNetToGame
18:52:52.788   SCRIPT       : REAPER InventoryStorageManager - Server cannot move item!
18:52:52.788   SCRIPT       : IEntity item = GenericEntity<0x00000000254C7BB0> @"ENTITY:4611686018427396567" ('GenericEntity','Assets/Weapons/Attachments/Silencer_tbeast_multi.xob') at <4974.339844 3.370000 3853.959717> @"{4122F74D836D5DC6}Prefabs/Weapons/Attachments/Silencer_tbeast_multi_Multicam.et"
18:53:00.921 WORLD        : UpdateEntities
18:53:00.921  RPL          : rpl::Pip::ProcessNetToGame
18:53:00.921   SCRIPT       : REAPER InventoryStorageManager - Server cannot move item!
18:53:00.921   SCRIPT       : IEntity item = GenericEntity<0x00000000267869A0> @"ENTITY:4611686018427391418" ('GenericEntity','Assets/Weapons/Attachments/Silencer_tbeast_multi.xob') at <4974.339844 3.370000 3853.959717> @"{3A881FBD8F249718}Prefabs/Weapons/Attachments/Silencer_tbeast_multi_tropic.et"
18:54:02.385 WORLD        : UpdateEntities
18:54:02.385  RPL          : rpl::Pip::ProcessNetToGame
18:54:02.385   SCRIPT       : REAPER InventoryStorageManager - Server cannot move item!
18:54:02.385   SCRIPT       : IEntity item = GenericEntity<0x0000000026785CE0> @"ENTITY:4611686018427391406" ('GenericEntity','Assets/Weapons/Attachments/Silencer_tbeast_multi.xob') at <4974.339844 3.370000 3853.959717> @"{AB8CE09BEF21D4D9}Prefabs/Weapons/Attachments/Silencer_tbeast_multi_BK.et"
18:54:51.515 BACKEND   (W): !!! JsonApi Var name="m_vSavePosition" double register attempt - skipping!
18:54:51.533 SCRIPT       : SCR_LatestSaveDSSessionCallback: LocalSave: .LatestSave
18:55:19.146 WORLD        : UpdateEntities
18:55:19.146  WORLD        : FixedFrame
18:55:19.147   ENTITY       : SpawnEntityPrefab @"{A5ABDD8AAD872F21}Prefabs/Task/SlotItems/REAPER_SlotItem_AmbientHeli_Mi8_trans_AIRBORNE.et"
18:55:19.147    ENTITY       : Create entity @"ENTITY:4611686018427397200" ('Vehicle','Assets/Vehicles/Helicopters/Mi8/Mi8MT_base.xob') at <5326.349121 113.261993 3499.181152> @"{A5ABDD8AAD872F21}Prefabs/Task/SlotItems/REAPER_SlotItem_AmbientHeli_Mi8_trans_AIRBORNE.et"
18:55:19.147     SPAWN     (W): EmissiveLightSurfaceSlot couldn't find ParametricMaterialInstanceComponent at attached entity. Please check configuration of Light Manager at @"ENTITY:4611686018427397200" ('Vehicle','Assets/Vehicles/Helicopters/Mi8/Mi8MT_base.xob') at <5326.349121 113.261993 3499.181152> @"{A5ABDD8AAD872F21}Prefabs/Task/SlotItems/REAPER_SlotItem_AmbientHeli_Mi8_trans_AIRBORNE.et"
18:55:19.147     SPAWN     (W): EmissiveLightSurfaceSlot couldn't find ParametricMaterialInstanceComponent at attached entity. Please check configuration of Light Manager at @"ENTITY:4611686018427397200" ('Vehicle','Assets/Vehicles/Helicopters/Mi8/Mi8MT_base.xob') at <5326.349121 113.261993 3499.181152> @"{A5ABDD8AAD872F21}Prefabs/Task/SlotItems/REAPER_SlotItem_AmbientHeli_Mi8_trans_AIRBORNE.et"
18:55:19.147     SPAWN     (W): EmissiveLightSurfaceSlot couldn't find ParametricMaterialInstanceComponent at attached entity. Please check configuration of Light Manager at @"ENTITY:4611686018427397200" ('Vehicle','Assets/Vehicles/Helicopters/Mi8/Mi8MT_base.xob') at <5326.349121 113.261993 3499.181152> @"{A5ABDD8AAD872F21}Prefabs/Task/SlotItems/REAPER_SlotItem_AmbientHeli_Mi8_trans_AIRBORNE.et"
18:55:19.147     DEFAULT   (E): PilotCompartmentSlot used without VehicleControllerComponent or its derivate
18:55:19.147     DEFAULT   (E): PilotCompartmentSlot used without VehicleControllerComponent or its derivate
18:55:19.174     SCRIPT    (W): 'SCR_RefuelAtSupportStationAction': '' is missing SCR_FuelManager!
18:55:19.174     SCRIPT    (W): 'SCR_RefuelAtSupportStationAction': '' is missing SCR_FuelManager!
18:55:19.174     NETWORK   (W): NwkHeliMovementComponent needs HelicopterControllerComponent to function properly!
18:55:19.175    WORLD        : InitEntities 'world'
18:55:19.175     ENTITY       : Init entity @"ENTITY:4611686018427397200" ('Vehicle','Assets/Vehicles/Helicopters/Mi8/Mi8MT_base.xob') at <5326.349121 113.261993 3499.181152> @"{A5ABDD8AAD872F21}Prefabs/Task/SlotItems/REAPER_SlotItem_AmbientHeli_Mi8_trans_AIRBORNE.et"
18:55:19.175      DEFAULT   (E): No controller manager associated with the same hierarchy level with compartment PilotCompartmentSlot on entity @"ENTITY:4611686018427397200" ('Vehicle','Assets/Vehicles/Helicopters/Mi8/Mi8MT_base.xob') at <5326.349121 113.261993 3499.181152> @"{A5ABDD8AAD872F21}Prefabs/Task/SlotItems/REAPER_SlotItem_AmbientHeli_Mi8_trans_AIRBORNE.et"
18:55:19.175      DEFAULT   (E): No controller manager associated with the same hierarchy level with compartment PilotCompartmentSlot on entity @"ENTITY:4611686018427397200" ('Vehicle','Assets/Vehicles/Helicopters/Mi8/Mi8MT_base.xob') at <5326.349121 113.261993 3499.181152> @"{A5ABDD8AAD872F21}Prefabs/Task/SlotItems/REAPER_SlotItem_AmbientHeli_Mi8_trans_AIRBORNE.et"
18:55:19.175      DEFAULT   (E): No controller manager associated with the same hierarchy level with compartment CargoCompartmentSlot on entity @"ENTITY:4611686018427397200" ('Vehicle','Assets/Vehicles/Helicopters/Mi8/Mi8MT_base.xob') at <5326.349121 113.261993 3499.181152> @"{A5ABDD8AAD872F21}Prefabs/Task/SlotItems/REAPER_SlotItem_AmbientHeli_Mi8_trans_AIRBORNE.et"
18:55:21.120 SCRIPT       : float pitch = -0.065527
18:55:22.130 SCRIPT       : float pitch = -0.0912277
18:55:23.129 SCRIPT       : float pitch = -0.106648
18:55:24.129 SCRIPT       : float pitch = -0.129098
18:55:25.146 SCRIPT       : float pitch = -0.166214
18:55:26.146 SCRIPT       : float pitch = -0.215085
18:55:27.146 SCRIPT       : float pitch = -0.263179
18:55:28.162 SCRIPT       : float pitch = -0.274377
18:55:29.162 SCRIPT       : float pitch = -0.285547
18:55:30.180 SCRIPT       : float pitch = -0.308099
18:55:31.196 SCRIPT       : float pitch = -0.320731
18:55:32.196 SCRIPT       : float pitch = -0.327478
18:55:33.212 SCRIPT       : float pitch = -0.339628
18:55:34.213 SCRIPT       : float pitch = -0.351819
18:55:35.212 SCRIPT       : float pitch = -0.36751
18:55:36.213 SCRIPT       : float pitch = -0.372479
18:55:37.229 SCRIPT       : float pitch = -0.384297
18:55:38.229 SCRIPT       : float pitch = -0.400848
18:55:39.229 SCRIPT       : float pitch = -0.384695
18:55:40.246 SCRIPT       : float pitch = -0.377558
18:55:41.246 SCRIPT       : float pitch = -0.359204
18:55:42.245 SCRIPT       : float pitch = -0.279092
18:55:43.262 SCRIPT       : float pitch = -0.290544
18:55:44.279 SCRIPT       : float pitch = -0.311007
18:55:45.279 SCRIPT       : float pitch = -0.289036
18:55:46.295 SCRIPT       : float pitch = -0.275256
18:55:47.312 SCRIPT       : float pitch = -0.267041
18:55:48.311 SCRIPT       : float pitch = -0.278734
18:55:49.312 SCRIPT       : float pitch = -0.30409
18:55:50.328 SCRIPT       : float pitch = -0.319738
18:55:51.329 SCRIPT       : float pitch = -0.304643
18:55:52.329 SCRIPT       : float pitch = -0.280592
18:55:53.328 SCRIPT       : float pitch = -0.262167
18:55:54.345 SCRIPT       : float pitch = -0.240834
18:55:55.361 SCRIPT       : float pitch = -0.220462
18:55:56.362 SCRIPT       : float pitch = -0.21023
18:55:57.362 SCRIPT       : float pitch = -0.189313
18:55:58.378 SCRIPT       : float pitch = -0.185656
18:55:59.378 SCRIPT       : float pitch = -0.159707
18:56:00.395 SCRIPT       : float pitch = -0.143587
18:56:01.394 SCRIPT       : float pitch = -0.133941
18:56:02.412 SCRIPT       : float pitch = -0.121954
18:56:03.428 SCRIPT       : float pitch = -0.104218
18:56:04.428 SCRIPT       : float pitch = -0.0900868
18:56:05.428 SCRIPT       : float pitch = -0.0680489
18:56:06.428 SCRIPT       : float pitch = -0.0542811
18:56:07.445 SCRIPT       : float pitch = -0.0471312
18:56:08.445 SCRIPT       : float pitch = -0.0212365
18:56:09.445 SCRIPT       : float pitch = -0.0168956
18:56:10.444 SCRIPT       : float pitch = 0.00816946
18:56:11.461 SCRIPT       : float pitch = 0.018867
18:56:12.478 SCRIPT       : float pitch = 0.0453728
18:56:13.477 SCRIPT       : float pitch = 0.0690456
18:56:14.478 SCRIPT       : float pitch = 0.0851779
18:56:15.494 SCRIPT       : float pitch = 0.100126
18:56:16.494 SCRIPT       : float pitch = 0.118831
18:56:17.494 SCRIPT       : float pitch = 0.131906
18:56:18.494 SCRIPT       : float pitch = 0.147227
18:56:19.494 SCRIPT       : float pitch = 0.15936
18:56:20.494 SCRIPT       : float pitch = 0.178115
18:56:21.510 SCRIPT       : float pitch = 0.229006
18:56:22.511 SCRIPT       : float pitch = 0.215035
18:56:23.511 SCRIPT       : float pitch = 0.198633
18:56:24.511 SCRIPT       : float pitch = 0.184614
18:56:25.527 SCRIPT       : float pitch = 0.212789
18:56:26.527 SCRIPT       : float pitch = 0.228211
18:56:27.527 SCRIPT       : float pitch = 0.258998
18:56:28.527 SCRIPT       : float pitch = 0.312699
18:56:29.527 SCRIPT       : float pitch = 0.342458
18:56:30.543 SCRIPT       : float pitch = 0.348631
18:56:31.544 SCRIPT       : float pitch = 0.321774
18:56:32.543 SCRIPT       : float pitch = 0.323489
18:56:33.544 SCRIPT       : float pitch = 0.306421
18:56:34.560 SCRIPT       : float pitch = 0.329677
18:56:35.576 SCRIPT       : float pitch = 0.324264
18:56:36.577 SCRIPT       : float pitch = 0.335923
18:56:37.594 SCRIPT       : float pitch = 0.356604
18:56:38.593 SCRIPT       : float pitch = 0.316425
18:56:39.610 SCRIPT       : float pitch = 0.285577
18:56:40.610 SCRIPT       : float pitch = 0.267443
18:56:41.626 SCRIPT       : float pitch = 0.196893
18:56:42.626 SCRIPT       : float pitch = 0.18364
18:56:43.643 SCRIPT       : float pitch = 0.20668
18:56:44.643 SCRIPT       : float pitch = 0.231008
18:56:45.660 SCRIPT       : float pitch = 0.22301
18:56:46.660 SCRIPT       : float pitch = 0.194806
18:56:46.661 WORLD        : UpdateEntities
18:56:46.661  WORLD        : Frame
18:56:46.661   SCRIPT    (W): Agent added twice to list of animated agents!
18:56:47.660 SCRIPT       : float pitch = 0.177909
18:56:48.676 SCRIPT       : float pitch = 0.114749
18:56:49.676 SCRIPT       : float pitch = 0.102715
18:56:50.676 SCRIPT       : float pitch = 0.126336
18:56:51.692 SCRIPT       : float pitch = 0.155189
18:56:52.693 SCRIPT       : float pitch = 0.18108
18:56:53.710 SCRIPT       : float pitch = 0.160768
18:56:54.726 SCRIPT       : float pitch = 0.13681
18:56:55.726 SCRIPT       : float pitch = 0.121381
18:56:56.726 SCRIPT       : float pitch = 0.0617771
18:56:57.726 SCRIPT       : float pitch = 0.0499162
18:56:58.726 SCRIPT       : float pitch = 0.0781
18:56:59.725 SCRIPT       : float pitch = 0.100364
18:57:00.726 SCRIPT       : float pitch = 0.126788
18:57:01.725 SCRIPT       : float pitch = 0.113965
18:57:02.742 SCRIPT       : float pitch = 0.0889751
18:57:03.759 SCRIPT       : float pitch = 0.0735948
18:57:04.759 SCRIPT       : float pitch = 0.0710492
18:57:05.758 SCRIPT       : float pitch = 0.0850281
18:57:06.759 SCRIPT       : float pitch = 0.0892148
18:57:07.759 SCRIPT       : float pitch = 0.103656
18:57:08.775 SCRIPT       : float pitch = 0.0771341
18:57:09.792 SCRIPT       : float pitch = 0.088243
18:57:10.792 SCRIPT       : float pitch = 0.0732554
18:57:11.808 SCRIPT       : float pitch = 0.0660635
18:57:12.825 SCRIPT       : float pitch = 0.0938141
18:57:13.825 SCRIPT       : float pitch = 0.110102
18:57:14.842 SCRIPT       : float pitch = 0.168604
18:57:15.858 SCRIPT       : float pitch = 0.160143
18:57:16.875 SCRIPT       : float pitch = 0.149896
18:57:17.875 SCRIPT       : float pitch = 0.141043
18:57:18.874 SCRIPT       : float pitch = 0.128326
18:57:19.892 SCRIPT       : float pitch = 0.129259
18:57:20.891 SCRIPT       : float pitch = 0.149592
18:57:21.891 SCRIPT       : float pitch = 0.16682
18:57:22.908 SCRIPT       : float pitch = 0.186814
18:57:23.908 SCRIPT       : float pitch = 0.200889
18:57:24.908 SCRIPT       : float pitch = 0.224093
18:57:28.511 WORLD        : UpdateEntities
18:57:28.511  WORLD        : Frame
18:57:28.511   SCRIPT    (W): Agent added twice to list of animated agents!
18:57:51.523 BACKEND   (W): !!! JsonApi Var name="m_vSavePosition" double register attempt - skipping!
18:57:51.544 SCRIPT       : SCR_LatestSaveDSSessionCallback: LocalSave: .LatestSave
18:58:44.490 WORLD        : UpdateEntities
18:58:44.490  WORLD        : Frame
18:58:44.490   SCRIPT    (W): Agent added twice to list of animated agents!
19:00:34.804 PATHFINDING(W): Failed to create instance of custom link! Tile: [156, 208], link_idx: 6
19:00:39.138 PATHFINDING(W): Failed to create instance of custom link! Tile: [156, 208], link_idx: 6
19:00:42.886 WORLD        : UpdateEntities
19:00:42.886  WORLD        : Frame
19:00:42.886   SCRIPT    (W): Agent added twice to list of animated agents!
19:00:47.339 WORLD        : UpdateEntities
19:00:47.339  WORLD        : FixedFrame
19:00:47.339   SCRIPT       : REAPER: Randomized SlotBase! Asset disabled! - SlotAI_PinewoodForest_Single2
19:00:47.540 WORLD        : UpdateEntities
19:00:47.540  WORLD        : FixedFrame
19:00:47.540   SCRIPT       : REAPER: Randomized SlotBase! Asset disabled! - SlotAI_PinewoodForest_Single3
19:00:51.517 BACKEND   (W): !!! JsonApi Var name="m_vSavePosition" double register attempt - skipping!
19:00:51.542 SCRIPT       : SCR_LatestSaveDSSessionCallback: LocalSave: .LatestSave
19:00:59.735 WORLD        : UpdateEntities
19:00:59.735  WORLD        : Frame
19:00:59.735   SCRIPT    (W): Agent added twice to list of animated agents!
19:01:26.949 WORLD        : UpdateEntities
19:01:26.949  WORLD        : Frame
19:01:26.949   SCRIPT    (W): Agent added twice to list of animated agents!
19:01:51.383 WORLD        : UpdateEntities
19:01:51.383  WORLD        : Frame
19:01:51.383   SCRIPT    (W): Agent added twice to list of animated agents!
19:03:13.387 RPL          : ServerImpl event: disconnected (identity=0x00000003), group=1, reason=4
19:03:13.397 WORLD        : UpdateEntities
19:03:13.397  DEFAULT      : BattlEye Server: Disconnect player identity=0x00000003
19:03:13.397  DEFAULT      : BattlEye Server: 'Player #5 kiiwee disconnected'
19:03:13.432 BACKEND      : Reserving slot for player "kiiwee" [c82b3f20-d8cf-4897-b5f5-a808da97a5d6] for 60 sec
19:03:13.432 NETWORK      : Player disconnected: connectionID=3
19:03:13.433 SCRIPT    (W): Maybe a problem: DataProgression is not ready but the analytics event was requested
19:03:13.433 NETWORK      : Total number of players: 3
19:03:32.560 RPL          : ServerImpl event: authenticating (identity=0x00000003, address=109.194.217.28:56435)
19:03:32.736 RPL          : ServerImpl event: connected (identity=0x00000003)
19:03:32.762 WORLD        : UpdateEntities
19:03:32.762  DEFAULT      : BattlEye Server: Adding player identity=0x00000003, name='kiiwee'
19:03:32.762  DEFAULT      : BattlEye Server: 'Player #7 kiiwee (109.194.217.28:56435) connected'
19:03:32.762  DEFAULT      : BattlEye Server: Setting GUID for player identity=0x00000003, GUID=76561198103298220
19:03:32.762  DEFAULT      : BattlEye Server: 'Player #7 kiiwee - BE GUID: 2b2e0ef8666c0ed0710dba7da83a72a6'
19:03:51.526 BACKEND   (W): !!! JsonApi Var name="m_vSavePosition" double register attempt - skipping!
19:03:51.557 SCRIPT       : SCR_LatestSaveDSSessionCallback: LocalSave: .LatestSave
19:03:51.779 NETWORK      : Player connected: connectionID=3
19:03:51.780 NETWORK      : ### Connecting player: connectionID=3, Name=
19:03:56.795 WORLD        : UpdateEntities
19:03:56.795  RPL          : rpl::Pip::ProcessNetToGame
19:03:56.795   ENTITY       : SpawnEntityPrefab @"{CD2B8EF361478648}Prefabs/Characters/Core/DefaultPlayerControllerMP_ScenarioFramework.et"
19:03:56.795    ENTITY       : Create entity @"ENTITY:4611686018427399803" ('SCR_PlayerController') at <0.000000 0.000000 0.000000> @"{CD2B8EF361478648}Prefabs/Characters/Core/DefaultPlayerControllerMP_ScenarioFramework.et"
19:03:56.795     SCRIPT       : RHS_RadialMenu Initiated
19:03:56.994 WORLD        : UpdateEntities
19:03:56.994  RPL          : rpl::Pip::ProcessNetToGame
19:03:56.994   SCRIPT       : REAPER: DataCollector (OnPlayerConnected) Stats already available for playerID: 4 -- Sending stats to player.
19:03:56.996   NETWORK      : ### Updating player: PlayerId=4, Name=kiiwee, IdentityId=c82b3f20-d8cf-4897-b5f5-a808da97a5d6
19:03:56.996   NETWORK      : Players connecting: 0
19:03:56.996   NETWORK      : Players connected: 4 / 4
19:03:57.493 SCRIPT       : REAPER: SCR_ArsenalManagerComponent - REAPER_InitLoadoutData
19:03:57.493 SCRIPT       : REAPER: SCR_ArsenalManagerComponent - REAPER_InitLoadoutData - Data loaded for PlayerID: 4
19:06:18.310 WORLD        : UpdateEntities
19:06:18.311  WORLD        : FixedFrame
19:06:18.311   SCRIPT       : ScenarioFramework: -> LayerTask: SlotTask Slot_Download2_Laptop1 - generating task Download intel. Description: ScenarioFramework: -> LayerTask: SlotTask Slot_Download2_Laptop1 - generating task Download intel. Description: ceived the coordinates of a hiding place. There is supposedly a computer with a GPS signal there. Investigate the location with your team and try to save all the data from this device.
19:06:18.539 WORLD        : UpdateEntities
19:06:18.539  WORLD        : FixedFrame
19:06:18.539   SCRIPT       : REAPER: Randomized SlotBase! Asset disabled! - DL2_RND_GRP1
19:06:18.710 WORLD        : UpdateEntities
19:06:18.710  WORLD        : FixedFrame
19:06:18.710   SCRIPT       : REAPER: Randomized SlotBase! Asset disabled! - SlotAI_DL2_RND_Single1
19:06:19.110 WORLD        : UpdateEntities
19:06:19.110  WORLD        : FixedFrame
19:06:19.110   SCRIPT       : REAPER: Randomized SlotBase! Asset disabled! - SlotAI_DL2_RND_Single3
19:06:49.627 WORLD        : UpdateEntities
19:06:49.627  WORLD        : AfterSimulate
19:06:49.627   SCRIPT       : REAPER: DataCollector player killed! Sending stats for playerID: 2
19:06:51.536 BACKEND   (W): !!! JsonApi Var name="m_vSavePosition" double register attempt - skipping!
19:06:51.566 SCRIPT       : SCR_LatestSaveDSSessionCallback: LocalSave: .LatestSave
19:07:45.690 WORLD        : UpdateEntities
19:07:45.690  WORLD        : AfterSimulate
19:07:45.690   SCRIPT       : REAPER: DataCollector player killed! Sending stats for playerID: 2
19:09:51.545 BACKEND   (W): !!! JsonApi Var name="m_vSavePosition" double register attempt - skipping!
19:09:51.568 SCRIPT       : SCR_LatestSaveDSSessionCallback: LocalSave: .LatestSave
19:12:06.210 WORLD        : UpdateEntities
19:12:06.210  WORLD        : FixedFrame
19:12:06.210   NETWORK      : PerformActions
19:12:06.210    AI        (E): GetFormationDefinition was given an invalid handler ID.
19:12:26.381 WORLD        : UpdateEntities
19:12:26.381  WORLD        : AfterSimulate
19:12:26.381   SCRIPT       : REAPER: DataCollector player killed! Sending stats for playerID: 1
19:12:51.555 BACKEND   (W): !!! JsonApi Var name="m_vSavePosition" double register attempt - skipping!
19:12:51.586 SCRIPT       : SCR_LatestSaveDSSessionCallback: LocalSave: .LatestSave
19:15:00.910 WORLD        : UpdateEntities
19:15:00.910  WORLD        : AfterSimulate
19:15:00.910   SCRIPT       : REAPER: DataCollector player killed! Sending stats for playerID: 3
19:15:10.694 RPL          : ServerImpl event: disconnected (identity=0x00000003), group=1, reason=4
19:15:10.702 WORLD        : UpdateEntities
19:15:10.702  DEFAULT      : BattlEye Server: Disconnect player identity=0x00000003
19:15:10.702  DEFAULT      : BattlEye Server: 'Player #7 kiiwee disconnected'
19:15:10.738 BACKEND      : Reserving slot for player "kiiwee" [c82b3f20-d8cf-4897-b5f5-a808da97a5d6] for 60 sec
19:15:10.739 NETWORK      : Player disconnected: connectionID=3
19:15:10.742 NETWORK      : Total number of players: 3
19:15:30.129 RPL          : ServerImpl event: authenticating (identity=0x00000003, address=109.194.217.28:61258)
19:15:30.344 RPL          : ServerImpl event: connected (identity=0x00000003)
19:15:30.368 WORLD        : UpdateEntities
19:15:30.368  DEFAULT      : BattlEye Server: Adding player identity=0x00000003, name='kiiwee'
19:15:30.368  DEFAULT      : BattlEye Server: 'Player #7 kiiwee (109.194.217.28:61258) connected'
19:15:30.368  DEFAULT      : BattlEye Server: Setting GUID for player identity=0x00000003, GUID=76561198103298220
19:15:30.368  DEFAULT      : BattlEye Server: 'Player #7 kiiwee - BE GUID: 2b2e0ef8666c0ed0710dba7da83a72a6'
19:15:49.898 NETWORK      : Player connected: connectionID=3
19:15:49.898 NETWORK      : ### Connecting player: connectionID=3, Name=
19:15:51.564 BACKEND   (W): !!! JsonApi Var name="m_vSavePosition" double register attempt - skipping!
19:15:51.590 SCRIPT       : SCR_LatestSaveDSSessionCallback: LocalSave: .LatestSave
19:15:54.984 WORLD        : UpdateEntities
19:15:54.984  RPL          : rpl::Pip::ProcessNetToGame
19:15:54.984   ENTITY       : SpawnEntityPrefab @"{CD2B8EF361478648}Prefabs/Characters/Core/DefaultPlayerControllerMP_ScenarioFramework.et"
19:15:54.984    ENTITY       : Create entity @"ENTITY:4611686018427404957" ('SCR_PlayerController') at <0.000000 0.000000 0.000000> @"{CD2B8EF361478648}Prefabs/Characters/Core/DefaultPlayerControllerMP_ScenarioFramework.et"
19:15:54.984     SCRIPT       : RHS_RadialMenu Initiated
19:15:55.182 WORLD        : UpdateEntities
19:15:55.182  RPL          : rpl::Pip::ProcessNetToGame
19:15:55.182   SCRIPT       : REAPER: DataCollector (OnPlayerConnected) Stats already available for playerID: 4 -- Sending stats to player.
19:15:55.184   NETWORK      : ### Updating player: PlayerId=4, Name=kiiwee, IdentityId=c82b3f20-d8cf-4897-b5f5-a808da97a5d6
19:15:55.184   NETWORK      : Players connecting: 0
19:15:55.184   NETWORK      : Players connected: 4 / 4
19:15:55.680 SCRIPT       : REAPER: SCR_ArsenalManagerComponent - REAPER_InitLoadoutData
19:15:55.681 SCRIPT       : REAPER: SCR_ArsenalManagerComponent - REAPER_InitLoadoutData - Data loaded for PlayerID: 4
19:16:35.420 WORLD        : UpdateEntities
19:16:35.420  WORLD        : AfterSimulate
19:16:35.420   SCRIPT       : REAPER: DataCollector player killed! Sending stats for playerID: 2
19:18:45.930 WORLD        : UpdateEntities
19:18:45.930  WORLD        : AfterSimulate
19:18:45.930   SCRIPT       : REAPER: DataCollector player killed! Sending stats for playerID: 1
19:18:51.573 BACKEND   (W): !!! JsonApi Var name="m_vSavePosition" double register attempt - skipping!
19:18:51.592 SCRIPT       : SCR_LatestSaveDSSessionCallback: LocalSave: .LatestSave
19:19:08.594 WORLD        : UpdateEntities
19:19:08.594  WORLD        : FixedFrame
19:19:08.594   NETWORK      : PerformActions
19:19:08.594    AI        (E): GetFormationDefinition was given an invalid handler ID.
19:19:08.891 WORLD        : UpdateEntities
19:19:08.892  WORLD        : FixedFrame
19:19:08.892   NETWORK      : PerformActions
19:19:08.892    AI        (E): GetFormationDefinition was given an invalid handler ID.
19:19:16.226 WORLD        : UpdateEntities
19:19:16.226  WORLD        : FixedFrame
19:19:16.226   NETWORK      : PerformActions
19:19:16.226    AI        (E): GetFormationDefinition was given an invalid handler ID.
19:19:17.174 WORLD        : UpdateEntities
19:19:17.174  WORLD        : Frame
19:19:17.174   SCRIPT    (W): Trying to allocate same compartment twice!
19:19:18.025 WORLD        : UpdateEntities
19:19:18.025  WORLD        : FixedFrame
19:19:18.025   NETWORK      : PerformActions
19:19:18.025    AI        (E): GetFormationDefinition was given an invalid handler ID.
19:19:18.459 WORLD        : UpdateEntities
19:19:18.459  WORLD        : FixedFrame
19:19:18.459   NETWORK      : PerformActions
19:19:18.459    AI        (E): GetFormationDefinition was given an invalid handler ID.
19:19:18.494 WORLD        : UpdateEntities
19:19:18.494  WORLD        : FixedFrame
19:19:18.494   SCRIPT       : REAPER: Randomized SlotBase! Asset disabled! - SlotAI_DL2_AttackGRP3
19:19:36.975 WORLD        : UpdateEntities
19:19:36.975  WORLD        : FixedFrame
19:19:36.975   NETWORK      : PerformActions
19:19:36.975    AI        (E): GetFormationDefinition was given an invalid handler ID.
19:19:37.307 WORLD        : UpdateEntities
19:19:37.307  WORLD        : FixedFrame
19:19:37.307   NETWORK      : PerformActions
19:19:37.307    AI        (E): GetFormationDefinition was given an invalid handler ID.
19:19:42.709 WORLD        : UpdateEntities
19:19:42.709  WORLD        : FixedFrame
19:19:42.709   NETWORK      : PerformActions
19:19:42.709    AI        (E): GetFormationDefinition was given an invalid handler ID.
19:19:43.177 WORLD        : UpdateEntities
19:19:43.177  WORLD        : FixedFrame
19:19:43.177   NETWORK      : PerformActions
19:19:43.177    AI        (E): GetFormationDefinition was given an invalid handler ID.
19:21:51.583 BACKEND   (W): !!! JsonApi Var name="m_vSavePosition" double register attempt - skipping!
19:21:51.606 SCRIPT       : SCR_LatestSaveDSSessionCallback: LocalSave: .LatestSave
19:22:01.389 WORLD        : UpdateEntities
19:22:01.389  WORLD        : FixedFrame
19:22:01.389   SCRIPT       : ScenarioFramework: -> LayerTask: SlotTask Slot_Defuse4_Bomb4 - generating task Find and Defuse. Description: ScenarioFramework: -> LayerTask: SlotTask Slot_Defuse4_Bomb4 - generating task Find and Defuse. Description: ich means we can only narrow down the area. Get out there with your team as quickly as possible, find the bomb and defuse it before it's too late.
19:22:01.595 WORLD        : UpdateEntities
19:22:01.595  WORLD        : FixedFrame
19:22:01.595   SCRIPT       : REAPER: Randomized SlotBase! Asset disabled! - SlotAI_D4_PatrolGRP2
19:22:03.198 WORLD        : UpdateEntities
19:22:03.198  WORLD        : FixedFrame
19:22:03.198   ENTITY       : SpawnEntityPrefab @"{A5647958579A4149}Prefabs/Vehicles/Wheeled/Ural4320/Ural4320_repair.et"
19:22:03.198    ENTITY       : Create entity @"ENTITY:4611686018427407942" ('Vehicle','Assets/Vehicles/Wheeled/Ural4320/Ural_4320_base.xob') at <7454.930176 7.873993 6715.922852> @"{A5647958579A4149}Prefabs/Vehicles/Wheeled/Ural4320/Ural4320_repair.et"
19:22:03.198     RESOURCES    : GetResourceObject @"{2F088A1CDD3FB2F1}Prefabs/Vehicles/Wheeled/Ural4320/VehParts/Ural4320_repair_box.et"
19:22:03.198      WORLD        : Entity prefab load @"{2F088A1CDD3FB2F1}Prefabs/Vehicles/Wheeled/Ural4320/VehParts/Ural4320_repair_box.et"
19:22:03.198       RESOURCES    : GetResourceObject @"{B7DE6834C8563C93}Prefabs/Vehicles/Core/Vehicle_RepairBox_Base.et"
19:22:03.198        WORLD        : Entity prefab load @"{B7DE6834C8563C93}Prefabs/Vehicles/Core/Vehicle_RepairBox_Base.et"
19:22:03.198         RESOURCES    : GetResourceObject @"{28AA7AC34FC02DC8}Prefabs/Components/SupportStations/Repair/FieldRepairSupportStation_Vehicle.ct"
19:22:03.198          ENTITY       : Prefab load @"{28AA7AC34FC02DC8}Prefabs/Components/SupportStations/Repair/FieldRepairSupportStation_Vehicle.ct"
19:22:03.198           RESOURCES    : GetResourceObject @"{7D67AF7165CBE2A3}Prefabs/Components/SupportStations/Repair/BaseFieldRepairSupportStation.ct"
19:22:03.198            ENTITY       : Prefab load @"{7D67AF7165CBE2A3}Prefabs/Components/SupportStations/Repair/BaseFieldRepairSupportStation.ct"
19:22:03.198             ENTITY    (E): Unknown keyword/data 'm_bCanMoveWithPhysics' at offset 151(0x97)
19:22:03.208 SCRIPT       : REAPER_SF_SlotDefuseBomb - Updated BombTimer = 920
19:22:03.208 SCRIPT       : REAPER_SF_SlotDefuseBomb - Setup done!
19:22:03.788 WORLD        : UpdateEntities
19:22:03.788  WORLD        : FixedFrame
19:22:03.788   SCRIPT       : REAPER: Randomized SlotBase! Asset disabled! - SlotAI_D4_DefendUpperFloor3
19:22:04.787 WORLD        : UpdateEntities
19:22:04.787  WORLD        : FixedFrame
19:22:04.787   SCRIPT       : REAPER: Randomized SlotBase! Asset disabled! - SlotAI_D4_DefendLowerFloor3
19:22:05.188 WORLD        : UpdateEntities
19:22:05.188  WORLD        : FixedFrame
19:22:05.188   SCRIPT       : REAPER: Randomized SlotBase! Asset disabled! - SlotAI_D4_DefendLowerFloor5
19:22:05.988 WORLD        : UpdateEntities
19:22:05.988  WORLD        : FixedFrame
19:22:05.988   SCRIPT       : REAPER: Randomized SlotBase! Asset disabled! - SlotAI_SmallBuilding2
19:22:06.389 WORLD        : UpdateEntities
19:22:06.389  WORLD        : FixedFrame
19:22:06.389   SCRIPT       : ScenarioFramework: -> LayerTask: SlotTask SlotKill_Pos3 - generating task Eliminate Jakub Strowleka (optional). Description: ScenarioFramework: -> LayerTask: SlotTask SlotKill_Pos3 - generating task Eliminate Jakub Strowleka (optional). Description: not hurt to eliminate him in order to prevent the group from taking any further steps. Your first target must be the explosive device, decide for yourself if time permits.
19:23:09.170 RPL          : ServerImpl event: connection timeout (identity=0x00000002)
19:23:09.183 WORLD        : UpdateEntities
19:23:09.183  DEFAULT      : BattlEye Server: Disconnect player identity=0x00000002
19:23:09.183  DEFAULT      : BattlEye Server: 'Player #6 Axon disconnected'
19:23:09.221 BACKEND      : Reserving slot for player "Axon" [78439c51-f388-4fee-aa65-aca9cde8b061] for 60 sec
19:23:09.221 NETWORK      : Player disconnected: connectionID=2
19:23:09.222 NETWORK      : Total number of players: 3
19:24:32.417 RPL          : ServerImpl event: disconnected (identity=0x00000003), group=1, reason=9
19:24:32.428 WORLD        : UpdateEntities
19:24:32.428  DEFAULT      : BattlEye Server: Disconnect player identity=0x00000003
19:24:32.428  DEFAULT      : BattlEye Server: 'Player #7 kiiwee disconnected'
19:24:32.451 NETWORK      : Player disconnected: connectionID=3
19:24:32.454 RPL       (E): RpcError: Calling a RPC from an unregistered item! itemType='script::Game::SCR_BudgetEditorComponent', rpc='OnEntityCoreBudgetUpdatedOwner'
19:24:32.454 NETWORK      : Total number of players: 2
19:24:51.593 BACKEND   (W): !!! JsonApi Var name="m_vSavePosition" double register attempt - skipping!
19:24:51.627 SCRIPT       : SCR_LatestSaveDSSessionCallback: LocalSave: .LatestSave
19:27:51.602 BACKEND   (W): !!! JsonApi Var name="m_vSavePosition" double register attempt - skipping!
19:27:51.634 SCRIPT       : SCR_LatestSaveDSSessionCallback: LocalSave: .LatestSave
19:29:30.875 SCRIPT       : EquipAny
19:30:27.132 WORLD        : UpdateEntities
19:30:27.132  WORLD        : FixedFrame
19:30:27.132   NETWORK      : PerformActions
19:30:27.132    AI        (E): GetFormationDefinition was given an invalid handler ID.
19:30:28.733 WORLD        : UpdateEntities
19:30:28.733  WORLD        : FixedFrame
19:30:28.733   NETWORK      : PerformActions
19:30:28.733    AI        (E): GetFormationDefinition was given an invalid handler ID.
19:30:44.865 WORLD        : UpdateEntities
19:30:44.865  WORLD        : FixedFrame
19:30:44.865   SCRIPT       : ScenarioFramework: -> LayerTask: SlotTask CS_Redon_SlotDestroy - generating task Weapon transport (optional). Description: ScenarioFramework: -> LayerTask: SlotTask CS_Redon_SlotDestroy - generating task Weapon transport (optional). Description: not carrying an explosive device, take a look around the local construction site. Blasting work is currently underway here.
19:30:51.611 BACKEND   (W): !!! JsonApi Var name="m_vSavePosition" double register attempt - skipping!
19:30:51.633 SCRIPT       : SCR_LatestSaveDSSessionCallback: LocalSave: .LatestSave
19:32:00.949 WORLD        : UpdateEntities
19:32:00.949  WORLD        : PostFrame
19:32:00.949   SCRIPT       : REAPER: LayerBase is randomized, all SlotBase childrens will be disabled! - CS_Redon_AttackVehicleLayer
19:33:15.660 WORLD        : UpdateEntities
19:33:15.660  WORLD        : FixedFrame
19:33:15.660   NETWORK      : PerformActions
19:33:15.660    AI        (E): GetFormationDefinition was given an invalid handler ID.
19:33:17.125 WORLD        : UpdateEntities
19:33:17.125  WORLD        : FixedFrame
19:33:17.125   NETWORK      : PerformActions
19:33:17.125    AI        (E): GetFormationDefinition was given an invalid handler ID.
19:33:51.621 BACKEND   (W): !!! JsonApi Var name="m_vSavePosition" double register attempt - skipping!
19:33:51.645 SCRIPT       : SCR_LatestSaveDSSessionCallback: LocalSave: .LatestSave
19:36:02.366 WORLD        : UpdateEntities
19:36:02.367  WORLD        : Frame
19:36:02.367   SCRIPT    (W): Trying to allocate same compartment twice!
19:36:05.367 WORLD        : UpdateEntities
19:36:05.367  WORLD        : FixedFrame
19:36:05.367   NETWORK      : PerformActions
19:36:05.367    AI        (E): GetFormationDefinition was given an invalid handler ID.
19:36:07.035 WORLD        : UpdateEntities
19:36:07.035  WORLD        : FixedFrame
19:36:07.035   NETWORK      : PerformActions
19:36:07.035    AI        (E): GetFormationDefinition was given an invalid handler ID.
19:36:51.631 BACKEND   (W): !!! JsonApi Var name="m_vSavePosition" double register attempt - skipping!
19:36:51.664 SCRIPT       : SCR_LatestSaveDSSessionCallback: LocalSave: .LatestSave
19:38:13.848 SCRIPT       : EquipAny
19:38:57.226 WORLD        : UpdateEntities
19:38:57.226  WORLD        : Frame
19:38:57.226   SCRIPT    (W): Trying to allocate same compartment twice!
19:38:59.612 WORLD        : UpdateEntities
19:38:59.612  WORLD        : FixedFrame
19:38:59.613   NETWORK      : PerformActions
19:38:59.613    AI        (E): GetFormationDefinition was given an invalid handler ID.
19:39:01.112 WORLD        : UpdateEntities
19:39:01.112  WORLD        : FixedFrame
19:39:01.112   NETWORK      : PerformActions
19:39:01.112    AI        (E): GetFormationDefinition was given an invalid handler ID.
19:39:51.640 BACKEND   (W): !!! JsonApi Var name="m_vSavePosition" double register attempt - skipping!
19:39:51.664 SCRIPT       : SCR_LatestSaveDSSessionCallback: LocalSave: .LatestSave
19:41:09.892 WORLD        : UpdateEntities
19:41:09.892  WORLD        : FixedFrame
19:41:09.892   SCRIPT       : REAPER: Randomized SlotBase! Asset disabled! - SlotAI_CampsideSingle6
19:41:10.091 WORLD        : UpdateEntities
19:41:10.092  WORLD        : FixedFrame
19:41:10.092   SCRIPT       : REAPER: Randomized SlotBase! Asset disabled! - SlotAI_CampsideSingle7
19:41:10.896 WORLD        : UpdateEntities
19:41:10.896  WORLD        : FixedFrame
19:41:10.896   SCRIPT       : ScenarioFramework: -> LayerTask: SlotTask Campside_ClearArea_SlotTask - generating task Help the civilians (optional). Description: ScenarioFramework: -> LayerTask: SlotTask Campside_ClearArea_SlotTask - generating task Help the civilians (optional). Description: vilians. Decide for yourself whether you want to investigate.
19:41:19.655 WORLD        : UpdateEntities
19:41:19.655  WORLD        : FixedFrame
19:41:19.655   NETWORK      : PerformActions
19:41:19.655    AI        (E): GetFormationDefinition was given an invalid handler ID.
19:41:21.089 WORLD        : UpdateEntities
19:41:21.089  WORLD        : FixedFrame
19:41:21.089   NETWORK      : PerformActions
19:41:21.089    AI        (E): GetFormationDefinition was given an invalid handler ID.
19:41:21.189 WORLD        : UpdateEntities
19:41:21.189  WORLD        : FixedFrame
19:41:21.189   NETWORK      : PerformActions
19:41:21.189    AI        (E): GetFormationDefinition was given an invalid handler ID.
19:41:21.724 WORLD        : UpdateEntities
19:41:21.724  WORLD        : FixedFrame
19:41:21.724   NETWORK      : PerformActions
19:41:21.724    AI        (E): GetFormationDefinition was given an invalid handler ID.
19:41:23.090 WORLD        : UpdateEntities
19:41:23.090  WORLD        : FixedFrame
19:41:23.090   NETWORK      : PerformActions
19:41:23.090    AI        (E): GetFormationDefinition was given an invalid handler ID.
19:41:23.223 WORLD        : UpdateEntities
19:41:23.223  WORLD        : FixedFrame
19:41:23.223   NETWORK      : PerformActions
19:41:23.223    AI        (E): GetFormationDefinition was given an invalid handler ID.
19:42:23.210 WORLD        : UpdateEntities
19:42:23.210  WORLD        : AfterSimulate
19:42:23.210   SCRIPT       : REAPER: DataCollector player killed! Sending stats for playerID: 3
19:42:48.400 SCRIPT       : EquipAny
19:42:51.649 BACKEND   (W): !!! JsonApi Var name="m_vSavePosition" double register attempt - skipping!
19:42:51.672 SCRIPT       : SCR_LatestSaveDSSessionCallback: LocalSave: .LatestSave
19:43:21.788 WORLD        : UpdateEntities
19:43:21.788  WORLD        : AfterSimulate
19:43:21.788   SCRIPT       : REAPER: DataCollector player killed! Sending stats for playerID: 1
19:45:51.659 BACKEND   (W): !!! JsonApi Var name="m_vSavePosition" double register attempt - skipping!
19:45:51.692 SCRIPT       : SCR_LatestSaveDSSessionCallback: LocalSave: .LatestSave
19:47:37.405 SCRIPT       : EquipAny
19:47:50.143 WORLD        : UpdateEntities
19:47:50.143  WORLD        : AfterSimulate
19:47:50.143   SCRIPT       : REAPER: DataCollector player killed! Sending stats for playerID: 1
19:48:51.668 BACKEND   (W): !!! JsonApi Var name="m_vSavePosition" double register attempt - skipping!
19:48:51.702 SCRIPT       : SCR_LatestSaveDSSessionCallback: LocalSave: .LatestSave
19:49:01.969 WORLD        : UpdateEntities
19:49:01.969  WORLD        : Frame
19:49:01.969   SCRIPT    (W): Agent added twice to list of animated agents!
19:49:02.802 WORLD        : UpdateEntities
19:49:02.802  WORLD        : Frame
19:49:02.802   SCRIPT    (W): Agent added twice to list of animated agents!
19:49:03.501 WORLD        : UpdateEntities
19:49:03.501  WORLD        : Frame
19:49:03.501   SCRIPT    (W): Agent added twice to list of animated agents!
19:49:10.669 WORLD        : UpdateEntities
19:49:10.669  WORLD        : Frame
19:49:10.669   SCRIPT    (W): Agent added twice to list of animated agents!
19:49:14.553 WORLD        : UpdateEntities
19:49:14.553  WORLD        : Frame
19:49:14.553   SCRIPT    (W): Agent added twice to list of animated agents!
19:49:14.670 WORLD        : UpdateEntities
19:49:14.670  WORLD        : Frame
19:49:14.670   SCRIPT    (W): Agent added twice to list of animated agents!
19:51:25.505 WORLD        : UpdateEntities
19:51:25.505  WORLD        : AfterSimulate
19:51:25.505   SCRIPT       : REAPER: DataCollector player killed! Sending stats for playerID: 3
19:51:51.678 BACKEND   (W): !!! JsonApi Var name="m_vSavePosition" double register attempt - skipping!
19:51:51.705 SCRIPT       : SCR_LatestSaveDSSessionCallback: LocalSave: .LatestSave
19:52:16.312 WORLD        : UpdateEntities
19:52:16.312  WORLD        : Frame
19:52:16.312   SCRIPT    (W): Agent added twice to list of animated agents!
19:52:49.894 WORLD        : UpdateEntities
19:52:49.894  WORLD        : Frame
19:52:49.894   SCRIPT    (W): Agent added twice to list of animated agents!
19:53:42.792 WORLD        : UpdateEntities
19:53:42.792  WORLD        : Frame
19:53:42.792   SCRIPT    (W): Agent added twice to list of animated agents!
19:53:49.745 WORLD        : UpdateEntities
19:53:49.745  WORLD        : AfterSimulate
19:53:49.745   SCRIPT       : REAPER: DataCollector player killed! Sending stats for playerID: 3
19:54:51.687 BACKEND   (W): !!! JsonApi Var name="m_vSavePosition" double register attempt - skipping!
19:54:51.708 SCRIPT       : SCR_LatestSaveDSSessionCallback: LocalSave: .LatestSave
19:55:50.319 WORLD        : UpdateEntities
19:55:50.319  WORLD        : Frame
19:55:50.319   SCRIPT    (W): Agent added twice to list of animated agents!
19:56:18.223 WORLD        : UpdateEntities
19:56:18.223  WORLD        : AfterSimulate
19:56:18.223   SCRIPT       : REAPER: DataCollector player killed! Sending stats for playerID: 3
19:57:51.696 BACKEND   (W): !!! JsonApi Var name="m_vSavePosition" double register attempt - skipping!
19:57:51.718 SCRIPT       : SCR_LatestSaveDSSessionCallback: LocalSave: .LatestSave
19:59:46.915 WORLD        : UpdateEntities
19:59:46.915  WORLD        : AfterSimulate
19:59:46.915   SCRIPT       : REAPER: DataCollector player killed! Sending stats for playerID: 3
20:00:51.689 BACKEND   (W): !!! JsonApi Var name="m_vSavePosition" double register attempt - skipping!
20:00:51.719 SCRIPT       : SCR_LatestSaveDSSessionCallback: LocalSave: .LatestSave
20:01:25.914 RPL          : ServerImpl event: disconnected (identity=0x00000000), group=1, reason=9
20:01:25.924 WORLD        : UpdateEntities
20:01:25.924  DEFAULT      : BattlEye Server: Disconnect player identity=0x00000000
20:01:25.924  DEFAULT      : BattlEye Server: 'Player #2 KpoJluK disconnected'
20:01:25.956 NETWORK      : Player disconnected: connectionID=0
20:01:25.959 RPL       (E): RpcError: Calling a RPC from an unregistered item! itemType='script::Game::SCR_BudgetEditorComponent', rpc='OnEntityCoreBudgetUpdatedOwner'
20:01:25.959 SCRIPT    (W): Maybe a problem: DataProgression is not ready but the analytics event was requested
20:01:25.959 NETWORK      : Total number of players: 1
20:01:28.394 RPL          : ServerImpl event: disconnected (identity=0x00000001), group=1, reason=9
20:01:28.423 WORLD        : UpdateEntities
20:01:28.423  DEFAULT      : BattlEye Server: Disconnect player identity=0x00000001
20:01:28.423  DEFAULT      : BattlEye Server: 'Player #4 Reidond disconnected'
20:01:28.456 NETWORK      : Player disconnected: connectionID=1
20:01:28.459 RPL       (E): RpcError: Calling a RPC from an unregistered item! itemType='script::Game::SCR_BudgetEditorComponent', rpc='OnEntityCoreBudgetUpdatedOwner'
20:01:28.459 NETWORK      : Total number of players: 0
20:03:51.699 BACKEND   (W): !!! JsonApi Var name="m_vSavePosition" double register attempt - skipping!
20:03:51.717 SCRIPT       : SCR_LatestSaveDSSessionCallback: LocalSave: .LatestSave
20:06:51.708 BACKEND   (W): !!! JsonApi Var name="m_vSavePosition" double register attempt - skipping!
20:06:51.727 SCRIPT       : SCR_LatestSaveDSSessionCallback: LocalSave: .LatestSave
20:09:51.718 BACKEND   (W): !!! JsonApi Var name="m_vSavePosition" double register attempt - skipping!
20:09:51.749 SCRIPT       : SCR_LatestSaveDSSessionCallback: LocalSave: .LatestSave
20:12:51.727 BACKEND   (W): !!! JsonApi Var name="m_vSavePosition" double register attempt - skipping!
20:12:51.746 SCRIPT       : SCR_LatestSaveDSSessionCallback: LocalSave: .LatestSave
20:15:51.736 BACKEND   (W): !!! JsonApi Var name="m_vSavePosition" double register attempt - skipping!
20:15:51.754 SCRIPT       : SCR_LatestSaveDSSessionCallback: LocalSave: .LatestSave
20:18:51.746 BACKEND   (W): !!! JsonApi Var name="m_vSavePosition" double register attempt - skipping!
20:18:51.764 SCRIPT       : SCR_LatestSaveDSSessionCallback: LocalSave: .LatestSave
20:21:51.755 BACKEND   (W): !!! JsonApi Var name="m_vSavePosition" double register attempt - skipping!
20:21:51.774 SCRIPT       : SCR_LatestSaveDSSessionCallback: LocalSave: .LatestSave
20:24:51.765 BACKEND   (W): !!! JsonApi Var name="m_vSavePosition" double register attempt - skipping!
20:24:51.789 SCRIPT       : SCR_LatestSaveDSSessionCallback: LocalSave: .LatestSave
20:27:51.774 BACKEND   (W): !!! JsonApi Var name="m_vSavePosition" double register attempt - skipping!
20:27:51.792 SCRIPT       : SCR_LatestSaveDSSessionCallback: LocalSave: .LatestSave
20:30:51.784 BACKEND   (W): !!! JsonApi Var name="m_vSavePosition" double register attempt - skipping!
20:30:51.802 SCRIPT       : SCR_LatestSaveDSSessionCallback: LocalSave: .LatestSave
20:33:51.794 BACKEND   (W): !!! JsonApi Var name="m_vSavePosition" double register attempt - skipping!
20:33:51.811 SCRIPT       : SCR_LatestSaveDSSessionCallback: LocalSave: .LatestSave
20:36:51.803 BACKEND   (W): !!! JsonApi Var name="m_vSavePosition" double register attempt - skipping!
20:36:51.831 SCRIPT       : SCR_LatestSaveDSSessionCallback: LocalSave: .LatestSave
20:39:51.813 BACKEND   (W): !!! JsonApi Var name="m_vSavePosition" double register attempt - skipping!
20:39:51.831 SCRIPT       : SCR_LatestSaveDSSessionCallback: LocalSave: .LatestSave
20:42:51.822 BACKEND   (W): !!! JsonApi Var name="m_vSavePosition" double register attempt - skipping!
20:42:51.852 SCRIPT       : SCR_LatestSaveDSSessionCallback: LocalSave: .LatestSave
20:45:51.831 BACKEND   (W): !!! JsonApi Var name="m_vSavePosition" double register attempt - skipping!
20:45:51.861 SCRIPT       : SCR_LatestSaveDSSessionCallback: LocalSave: .LatestSave
20:48:51.840 BACKEND   (W): !!! JsonApi Var name="m_vSavePosition" double register attempt - skipping!
20:48:51.858 SCRIPT       : SCR_LatestSaveDSSessionCallback: LocalSave: .LatestSave
20:51:51.850 BACKEND   (W): !!! JsonApi Var name="m_vSavePosition" double register attempt - skipping!
20:51:51.880 SCRIPT       : SCR_LatestSaveDSSessionCallback: LocalSave: .LatestSave
20:54:51.859 BACKEND   (W): !!! JsonApi Var name="m_vSavePosition" double register attempt - skipping!
20:54:51.877 SCRIPT       : SCR_LatestSaveDSSessionCallback: LocalSave: .LatestSave
20:57:51.869 BACKEND   (W): !!! JsonApi Var name="m_vSavePosition" double register attempt - skipping!
20:57:51.896 SCRIPT       : SCR_LatestSaveDSSessionCallback: LocalSave: .LatestSave
21:00:51.879 BACKEND   (W): !!! JsonApi Var name="m_vSavePosition" double register attempt - skipping!
21:00:51.896 SCRIPT       : SCR_LatestSaveDSSessionCallback: LocalSave: .LatestSave
21:03:51.888 BACKEND   (W): !!! JsonApi Var name="m_vSavePosition" double register attempt - skipping!
21:03:51.919 SCRIPT       : SCR_LatestSaveDSSessionCallback: LocalSave: .LatestSave
21:06:51.898 BACKEND   (W): !!! JsonApi Var name="m_vSavePosition" double register attempt - skipping!
21:06:51.918 SCRIPT       : SCR_LatestSaveDSSessionCallback: LocalSave: .LatestSave
21:09:51.907 BACKEND   (W): !!! JsonApi Var name="m_vSavePosition" double register attempt - skipping!
21:09:51.942 SCRIPT       : SCR_LatestSaveDSSessionCallback: LocalSave: .LatestSave
21:12:51.916 BACKEND   (W): !!! JsonApi Var name="m_vSavePosition" double register attempt - skipping!
21:12:51.936 SCRIPT       : SCR_LatestSaveDSSessionCallback: LocalSave: .LatestSave
21:15:51.926 BACKEND   (W): !!! JsonApi Var name="m_vSavePosition" double register attempt - skipping!
21:15:51.946 SCRIPT       : SCR_LatestSaveDSSessionCallback: LocalSave: .LatestSave
21:18:51.935 BACKEND   (W): !!! JsonApi Var name="m_vSavePosition" double register attempt - skipping!
21:18:51.953 SCRIPT       : SCR_LatestSaveDSSessionCallback: LocalSave: .LatestSave
21:21:51.945 BACKEND   (W): !!! JsonApi Var name="m_vSavePosition" double register attempt - skipping!
21:21:51.971 SCRIPT       : SCR_LatestSaveDSSessionCallback: LocalSave: .LatestSave
21:24:51.955 BACKEND   (W): !!! JsonApi Var name="m_vSavePosition" double register attempt - skipping!
21:24:51.972 SCRIPT       : SCR_LatestSaveDSSessionCallback: LocalSave: .LatestSave
21:27:51.963 BACKEND   (W): !!! JsonApi Var name="m_vSavePosition" double register attempt - skipping!
21:27:51.993 SCRIPT       : SCR_LatestSaveDSSessionCallback: LocalSave: .LatestSave
21:30:51.973 BACKEND   (W): !!! JsonApi Var name="m_vSavePosition" double register attempt - skipping!
21:30:51.992 SCRIPT       : SCR_LatestSaveDSSessionCallback: LocalSave: .LatestSave
21:33:51.982 BACKEND   (W): !!! JsonApi Var name="m_vSavePosition" double register attempt - skipping!
21:33:52.001 SCRIPT       : SCR_LatestSaveDSSessionCallback: LocalSave: .LatestSave
21:36:51.992 BACKEND   (W): !!! JsonApi Var name="m_vSavePosition" double register attempt - skipping!
21:36:52.012 SCRIPT       : SCR_LatestSaveDSSessionCallback: LocalSave: .LatestSave
21:39:52.001 BACKEND   (W): !!! JsonApi Var name="m_vSavePosition" double register attempt - skipping!
21:39:52.019 SCRIPT       : SCR_LatestSaveDSSessionCallback: LocalSave: .LatestSave
21:42:52.011 BACKEND   (W): !!! JsonApi Var name="m_vSavePosition" double register attempt - skipping!
21:42:52.043 SCRIPT       : SCR_LatestSaveDSSessionCallback: LocalSave: .LatestSave
21:45:52.021 BACKEND   (W): !!! JsonApi Var name="m_vSavePosition" double register attempt - skipping!
21:45:52.048 SCRIPT       : SCR_LatestSaveDSSessionCallback: LocalSave: .LatestSave
21:48:52.030 BACKEND   (W): !!! JsonApi Var name="m_vSavePosition" double register attempt - skipping!
21:48:52.047 SCRIPT       : SCR_LatestSaveDSSessionCallback: LocalSave: .LatestSave
21:51:52.040 BACKEND   (W): !!! JsonApi Var name="m_vSavePosition" double register attempt - skipping!
21:51:52.058 SCRIPT       : SCR_LatestSaveDSSessionCallback: LocalSave: .LatestSave
21:54:52.049 BACKEND   (W): !!! JsonApi Var name="m_vSavePosition" double register attempt - skipping!
21:54:52.081 SCRIPT       : SCR_LatestSaveDSSessionCallback: LocalSave: .LatestSave
21:57:52.059 BACKEND   (W): !!! JsonApi Var name="m_vSavePosition" double register attempt - skipping!
21:57:52.078 SCRIPT       : SCR_LatestSaveDSSessionCallback: LocalSave: .LatestSave
22:00:52.068 BACKEND   (W): !!! JsonApi Var name="m_vSavePosition" double register attempt - skipping!
22:00:52.086 SCRIPT       : SCR_LatestSaveDSSessionCallback: LocalSave: .LatestSave
22:03:52.078 BACKEND   (W): !!! JsonApi Var name="m_vSavePosition" double register attempt - skipping!
22:03:52.108 SCRIPT       : SCR_LatestSaveDSSessionCallback: LocalSave: .LatestSave
22:06:52.087 BACKEND   (W): !!! JsonApi Var name="m_vSavePosition" double register attempt - skipping!
22:06:52.107 SCRIPT       : SCR_LatestSaveDSSessionCallback: LocalSave: .LatestSave
22:09:52.096 BACKEND   (W): !!! JsonApi Var name="m_vSavePosition" double register attempt - skipping!
22:09:52.113 SCRIPT       : SCR_LatestSaveDSSessionCallback: LocalSave: .LatestSave
22:12:52.106 BACKEND   (W): !!! JsonApi Var name="m_vSavePosition" double register attempt - skipping!
22:12:52.135 SCRIPT       : SCR_LatestSaveDSSessionCallback: LocalSave: .LatestSave
22:15:52.116 BACKEND   (W): !!! JsonApi Var name="m_vSavePosition" double register attempt - skipping!
22:15:52.134 SCRIPT       : SCR_LatestSaveDSSessionCallback: LocalSave: .LatestSave
22:18:52.125 BACKEND   (W): !!! JsonApi Var name="m_vSavePosition" double register attempt - skipping!
22:18:52.154 SCRIPT       : SCR_LatestSaveDSSessionCallback: LocalSave: .LatestSave
22:21:52.134 BACKEND   (W): !!! JsonApi Var name="m_vSavePosition" double register attempt - skipping!
22:21:52.164 SCRIPT       : SCR_LatestSaveDSSessionCallback: LocalSave: .LatestSave
22:24:52.144 BACKEND   (W): !!! JsonApi Var name="m_vSavePosition" double register attempt - skipping!
22:24:52.176 SCRIPT       : SCR_LatestSaveDSSessionCallback: LocalSave: .LatestSave
22:27:52.153 BACKEND   (W): !!! JsonApi Var name="m_vSavePosition" double register attempt - skipping!
22:27:52.182 SCRIPT       : SCR_LatestSaveDSSessionCallback: LocalSave: .LatestSave
22:30:52.162 BACKEND   (W): !!! JsonApi Var name="m_vSavePosition" double register attempt - skipping!
22:30:52.180 SCRIPT       : SCR_LatestSaveDSSessionCallback: LocalSave: .LatestSave
22:33:52.172 BACKEND   (W): !!! JsonApi Var name="m_vSavePosition" double register attempt - skipping!
22:33:52.189 SCRIPT       : SCR_LatestSaveDSSessionCallback: LocalSave: .LatestSave
22:36:52.182 BACKEND   (W): !!! JsonApi Var name="m_vSavePosition" double register attempt - skipping!
22:36:52.204 SCRIPT       : SCR_LatestSaveDSSessionCallback: LocalSave: .LatestSave
22:39:52.191 BACKEND   (W): !!! JsonApi Var name="m_vSavePosition" double register attempt - skipping!
22:39:52.210 SCRIPT       : SCR_LatestSaveDSSessionCallback: LocalSave: .LatestSave
22:42:52.200 BACKEND   (W): !!! JsonApi Var name="m_vSavePosition" double register attempt - skipping!
22:42:52.218 SCRIPT       : SCR_LatestSaveDSSessionCallback: LocalSave: .LatestSave
22:45:52.210 BACKEND   (W): !!! JsonApi Var name="m_vSavePosition" double register attempt - skipping!
22:45:52.239 SCRIPT       : SCR_LatestSaveDSSessionCallback: LocalSave: .LatestSave
22:48:52.219 BACKEND   (W): !!! JsonApi Var name="m_vSavePosition" double register attempt - skipping!
22:48:52.240 SCRIPT       : SCR_LatestSaveDSSessionCallback: LocalSave: .LatestSave
22:51:52.229 BACKEND   (W): !!! JsonApi Var name="m_vSavePosition" double register attempt - skipping!
22:51:52.256 SCRIPT       : SCR_LatestSaveDSSessionCallback: LocalSave: .LatestSave
22:54:52.238 BACKEND   (W): !!! JsonApi Var name="m_vSavePosition" double register attempt - skipping!
22:54:52.256 SCRIPT       : SCR_LatestSaveDSSessionCallback: LocalSave: .LatestSave
22:57:52.248 BACKEND   (W): !!! JsonApi Var name="m_vSavePosition" double register attempt - skipping!
22:57:52.266 SCRIPT       : SCR_LatestSaveDSSessionCallback: LocalSave: .LatestSave
23:00:51.957 BACKEND   (W): !!! JsonApi Var name="m_vSavePosition" double register attempt - skipping!
23:00:51.988 SCRIPT       : SCR_LatestSaveDSSessionCallback: LocalSave: .LatestSave
23:03:51.733 BACKEND   (W): !!! JsonApi Var name="m_vSavePosition" double register attempt - skipping!
23:03:51.751 SCRIPT       : SCR_LatestSaveDSSessionCallback: LocalSave: .LatestSave
23:06:51.393 BACKEND   (W): !!! JsonApi Var name="m_vSavePosition" double register attempt - skipping!
23:06:51.411 SCRIPT       : SCR_LatestSaveDSSessionCallback: LocalSave: .LatestSave
23:09:51.053 BACKEND   (W): !!! JsonApi Var name="m_vSavePosition" double register attempt - skipping!
23:09:51.072 SCRIPT       : SCR_LatestSaveDSSessionCallback: LocalSave: .LatestSave
23:12:50.829 BACKEND   (W): !!! JsonApi Var name="m_vSavePosition" double register attempt - skipping!
23:12:50.845 SCRIPT       : SCR_LatestSaveDSSessionCallback: LocalSave: .LatestSave
23:15:50.522 BACKEND   (W): !!! JsonApi Var name="m_vSavePosition" double register attempt - skipping!
23:15:50.553 SCRIPT       : SCR_LatestSaveDSSessionCallback: LocalSave: .LatestSave
23:18:50.647 BACKEND   (W): !!! JsonApi Var name="m_vSavePosition" double register attempt - skipping!
23:18:50.675 SCRIPT       : SCR_LatestSaveDSSessionCallback: LocalSave: .LatestSave
23:21:50.274 BACKEND   (W): !!! JsonApi Var name="m_vSavePosition" double register attempt - skipping!
23:21:50.291 SCRIPT       : SCR_LatestSaveDSSessionCallback: LocalSave: .LatestSave
23:24:50.183 BACKEND   (W): !!! JsonApi Var name="m_vSavePosition" double register attempt - skipping!
23:24:50.212 SCRIPT       : SCR_LatestSaveDSSessionCallback: LocalSave: .LatestSave
23:27:49.659 BACKEND   (W): !!! JsonApi Var name="m_vSavePosition" double register attempt - skipping!
23:27:49.676 SCRIPT       : SCR_LatestSaveDSSessionCallback: LocalSave: .LatestSave
23:30:49.302 BACKEND   (W): !!! JsonApi Var name="m_vSavePosition" double register attempt - skipping!
23:30:49.332 SCRIPT       : SCR_LatestSaveDSSessionCallback: LocalSave: .LatestSave
23:33:48.878 BACKEND   (W): !!! JsonApi Var name="m_vSavePosition" double register attempt - skipping!
23:33:48.896 SCRIPT       : SCR_LatestSaveDSSessionCallback: LocalSave: .LatestSave
23:36:48.454 BACKEND   (W): !!! JsonApi Var name="m_vSavePosition" double register attempt - skipping!
23:36:48.480 SCRIPT       : SCR_LatestSaveDSSessionCallback: LocalSave: .LatestSave
23:39:48.281 BACKEND   (W): !!! JsonApi Var name="m_vSavePosition" double register attempt - skipping!
23:39:48.304 SCRIPT       : SCR_LatestSaveDSSessionCallback: LocalSave: .LatestSave
23:42:47.940 BACKEND   (W): !!! JsonApi Var name="m_vSavePosition" double register attempt - skipping!
23:42:47.958 SCRIPT       : SCR_LatestSaveDSSessionCallback: LocalSave: .LatestSave
23:45:47.716 BACKEND   (W): !!! JsonApi Var name="m_vSavePosition" double register attempt - skipping!
23:45:47.735 SCRIPT       : SCR_LatestSaveDSSessionCallback: LocalSave: .LatestSave
23:48:47.459 BACKEND   (W): !!! JsonApi Var name="m_vSavePosition" double register attempt - skipping!
23:48:47.475 SCRIPT       : SCR_LatestSaveDSSessionCallback: LocalSave: .LatestSave
23:51:47.152 BACKEND   (W): !!! JsonApi Var name="m_vSavePosition" double register attempt - skipping!
23:51:47.181 SCRIPT       : SCR_LatestSaveDSSessionCallback: LocalSave: .LatestSave
23:54:46.794 BACKEND   (W): !!! JsonApi Var name="m_vSavePosition" double register attempt - skipping!
23:54:46.824 SCRIPT       : SCR_LatestSaveDSSessionCallback: LocalSave: .LatestSave
23:57:46.637 BACKEND   (W): !!! JsonApi Var name="m_vSavePosition" double register attempt - skipping!
23:57:46.656 SCRIPT       : SCR_LatestSaveDSSessionCallback: LocalSave: .LatestSave
00:00:46.480 BACKEND   (W): !!! JsonApi Var name="m_vSavePosition" double register attempt - skipping!
00:00:46.497 SCRIPT       : SCR_LatestSaveDSSessionCallback: LocalSave: .LatestSave
00:03:46.106 BACKEND   (W): !!! JsonApi Var name="m_vSavePosition" double register attempt - skipping!
00:03:46.125 SCRIPT       : SCR_LatestSaveDSSessionCallback: LocalSave: .LatestSave
00:06:46.149 BACKEND   (W): !!! JsonApi Var name="m_vSavePosition" double register attempt - skipping!
00:06:46.169 SCRIPT       : SCR_LatestSaveDSSessionCallback: LocalSave: .LatestSave
00:09:46.042 BACKEND   (W): !!! JsonApi Var name="m_vSavePosition" double register attempt - skipping!
00:09:46.069 SCRIPT       : SCR_LatestSaveDSSessionCallback: LocalSave: .LatestSave
00:12:45.885 BACKEND   (W): !!! JsonApi Var name="m_vSavePosition" double register attempt - skipping!
00:12:45.904 SCRIPT       : SCR_LatestSaveDSSessionCallback: LocalSave: .LatestSave
00:15:45.711 BACKEND   (W): !!! JsonApi Var name="m_vSavePosition" double register attempt - skipping!
00:15:45.728 SCRIPT       : SCR_LatestSaveDSSessionCallback: LocalSave: .LatestSave
00:18:45.620 BACKEND   (W): !!! JsonApi Var name="m_vSavePosition" double register attempt - skipping!
00:18:45.651 SCRIPT       : SCR_LatestSaveDSSessionCallback: LocalSave: .LatestSave
00:21:45.529 BACKEND   (W): !!! JsonApi Var name="m_vSavePosition" double register attempt - skipping!
00:21:45.558 SCRIPT       : SCR_LatestSaveDSSessionCallback: LocalSave: .LatestSave
00:24:45.423 BACKEND   (W): !!! JsonApi Var name="m_vSavePosition" double register attempt - skipping!
00:24:45.440 SCRIPT       : SCR_LatestSaveDSSessionCallback: LocalSave: .LatestSave
00:27:45.415 BACKEND   (W): !!! JsonApi Var name="m_vSavePosition" double register attempt - skipping!
00:27:45.436 SCRIPT       : SCR_LatestSaveDSSessionCallback: LocalSave: .LatestSave
00:30:45.524 BACKEND   (W): !!! JsonApi Var name="m_vSavePosition" double register attempt - skipping!
00:30:45.544 SCRIPT       : SCR_LatestSaveDSSessionCallback: LocalSave: .LatestSave
00:33:45.434 BACKEND   (W): !!! JsonApi Var name="m_vSavePosition" double register attempt - skipping!
00:33:45.451 SCRIPT       : SCR_LatestSaveDSSessionCallback: LocalSave: .LatestSave
00:36:45.310 BACKEND   (W): !!! JsonApi Var name="m_vSavePosition" double register attempt - skipping!
00:36:45.329 SCRIPT       : SCR_LatestSaveDSSessionCallback: LocalSave: .LatestSave
00:39:45.153 BACKEND   (W): !!! JsonApi Var name="m_vSavePosition" double register attempt - skipping!
00:39:45.171 SCRIPT       : SCR_LatestSaveDSSessionCallback: LocalSave: .LatestSave
00:42:45.146 BACKEND   (W): !!! JsonApi Var name="m_vSavePosition" double register attempt - skipping!
00:42:45.178 SCRIPT       : SCR_LatestSaveDSSessionCallback: LocalSave: .LatestSave
00:45:44.905 BACKEND   (W): !!! JsonApi Var name="m_vSavePosition" double register attempt - skipping!
00:45:44.924 SCRIPT       : SCR_LatestSaveDSSessionCallback: LocalSave: .LatestSave
00:48:44.631 BACKEND   (W): !!! JsonApi Var name="m_vSavePosition" double register attempt - skipping!
00:48:44.651 SCRIPT       : SCR_LatestSaveDSSessionCallback: LocalSave: .LatestSave
00:51:44.141 BACKEND   (W): !!! JsonApi Var name="m_vSavePosition" double register attempt - skipping!
00:51:44.171 SCRIPT       : SCR_LatestSaveDSSessionCallback: LocalSave: .LatestSave
00:54:44.185 BACKEND   (W): !!! JsonApi Var name="m_vSavePosition" double register attempt - skipping!
00:54:44.227 SCRIPT       : SCR_LatestSaveDSSessionCallback: LocalSave: .LatestSave
00:57:43.876 BACKEND   (W): !!! JsonApi Var name="m_vSavePosition" double register attempt - skipping!
00:57:43.893 SCRIPT       : SCR_LatestSaveDSSessionCallback: LocalSave: .LatestSave
01:00:43.620 BACKEND   (W): !!! JsonApi Var name="m_vSavePosition" double register attempt - skipping!
01:00:43.638 SCRIPT       : SCR_LatestSaveDSSessionCallback: LocalSave: .LatestSave
01:03:43.613 BACKEND   (W): !!! JsonApi Var name="m_vSavePosition" double register attempt - skipping!
01:03:43.634 SCRIPT       : SCR_LatestSaveDSSessionCallback: LocalSave: .LatestSave
01:06:43.372 BACKEND   (W): !!! JsonApi Var name="m_vSavePosition" double register attempt - skipping!
01:06:43.388 SCRIPT       : SCR_LatestSaveDSSessionCallback: LocalSave: .LatestSave
01:09:43.081 BACKEND   (W): !!! JsonApi Var name="m_vSavePosition" double register attempt - skipping!
01:09:43.100 SCRIPT       : SCR_LatestSaveDSSessionCallback: LocalSave: .LatestSave
01:12:42.707 BACKEND   (W): !!! JsonApi Var name="m_vSavePosition" double register attempt - skipping!
01:12:42.736 SCRIPT       : SCR_LatestSaveDSSessionCallback: LocalSave: .LatestSave
01:15:42.634 BACKEND   (W): !!! JsonApi Var name="m_vSavePosition" double register attempt - skipping!
01:15:42.662 SCRIPT       : SCR_LatestSaveDSSessionCallback: LocalSave: .LatestSave
01:18:42.393 BACKEND   (W): !!! JsonApi Var name="m_vSavePosition" double register attempt - skipping!
01:18:42.424 SCRIPT       : SCR_LatestSaveDSSessionCallback: LocalSave: .LatestSave
01:21:42.253 BACKEND   (W): !!! JsonApi Var name="m_vSavePosition" double register attempt - skipping!
01:21:42.270 SCRIPT       : SCR_LatestSaveDSSessionCallback: LocalSave: .LatestSave
01:24:42.328 BACKEND   (W): !!! JsonApi Var name="m_vSavePosition" double register attempt - skipping!
01:24:42.345 SCRIPT       : SCR_LatestSaveDSSessionCallback: LocalSave: .LatestSave
01:27:42.121 BACKEND   (W): !!! JsonApi Var name="m_vSavePosition" double register attempt - skipping!
01:27:42.139 SCRIPT       : SCR_LatestSaveDSSessionCallback: LocalSave: .LatestSave
01:30:41.981 BACKEND   (W): !!! JsonApi Var name="m_vSavePosition" double register attempt - skipping!
01:30:42.010 SCRIPT       : SCR_LatestSaveDSSessionCallback: LocalSave: .LatestSave
01:33:41.607 BACKEND   (W): !!! JsonApi Var name="m_vSavePosition" double register attempt - skipping!
01:33:41.634 SCRIPT       : SCR_LatestSaveDSSessionCallback: LocalSave: .LatestSave
01:36:41.550 BACKEND   (W): !!! JsonApi Var name="m_vSavePosition" double register attempt - skipping!
01:36:41.567 SCRIPT       : SCR_LatestSaveDSSessionCallback: LocalSave: .LatestSave
01:39:41.292 BACKEND   (W): !!! JsonApi Var name="m_vSavePosition" double register attempt - skipping!
01:39:41.312 SCRIPT       : SCR_LatestSaveDSSessionCallback: LocalSave: .LatestSave
01:42:41.086 BACKEND   (W): !!! JsonApi Var name="m_vSavePosition" double register attempt - skipping!
01:42:41.115 SCRIPT       : SCR_LatestSaveDSSessionCallback: LocalSave: .LatestSave
01:45:40.845 BACKEND   (W): !!! JsonApi Var name="m_vSavePosition" double register attempt - skipping!
01:45:40.864 SCRIPT       : SCR_LatestSaveDSSessionCallback: LocalSave: .LatestSave
01:48:40.538 BACKEND   (W): !!! JsonApi Var name="m_vSavePosition" double register attempt - skipping!
01:48:40.565 SCRIPT       : SCR_LatestSaveDSSessionCallback: LocalSave: .LatestSave
01:51:40.564 BACKEND   (W): !!! JsonApi Var name="m_vSavePosition" double register attempt - skipping!
01:51:40.592 SCRIPT       : SCR_LatestSaveDSSessionCallback: LocalSave: .LatestSave
01:54:40.140 BACKEND   (W): !!! JsonApi Var name="m_vSavePosition" double register attempt - skipping!
01:54:40.156 SCRIPT       : SCR_LatestSaveDSSessionCallback: LocalSave: .LatestSave
01:57:40.016 BACKEND   (W): !!! JsonApi Var name="m_vSavePosition" double register attempt - skipping!
01:57:40.033 SCRIPT       : SCR_LatestSaveDSSessionCallback: LocalSave: .LatestSave
02:00:39.710 BACKEND   (W): !!! JsonApi Var name="m_vSavePosition" double register attempt - skipping!
02:00:39.737 SCRIPT       : SCR_LatestSaveDSSessionCallback: LocalSave: .LatestSave
02:03:39.351 BACKEND   (W): !!! JsonApi Var name="m_vSavePosition" double register attempt - skipping!
02:03:39.368 SCRIPT       : SCR_LatestSaveDSSessionCallback: LocalSave: .LatestSave
02:06:39.195 BACKEND   (W): !!! JsonApi Var name="m_vSavePosition" double register attempt - skipping!
02:06:39.213 SCRIPT       : SCR_LatestSaveDSSessionCallback: LocalSave: .LatestSave
02:09:38.937 BACKEND   (W): !!! JsonApi Var name="m_vSavePosition" double register attempt - skipping!
02:09:38.965 SCRIPT       : SCR_LatestSaveDSSessionCallback: LocalSave: .LatestSave
02:12:38.797 BACKEND   (W): !!! JsonApi Var name="m_vSavePosition" double register attempt - skipping!
02:12:38.814 SCRIPT       : SCR_LatestSaveDSSessionCallback: LocalSave: .LatestSave
02:15:38.739 BACKEND   (W): !!! JsonApi Var name="m_vSavePosition" double register attempt - skipping!
02:15:38.756 SCRIPT       : SCR_LatestSaveDSSessionCallback: LocalSave: .LatestSave
02:18:38.616 BACKEND   (W): !!! JsonApi Var name="m_vSavePosition" double register attempt - skipping!
02:18:38.645 SCRIPT       : SCR_LatestSaveDSSessionCallback: LocalSave: .LatestSave
02:21:38.392 BACKEND   (W): !!! JsonApi Var name="m_vSavePosition" double register attempt - skipping!
02:21:38.410 SCRIPT       : SCR_LatestSaveDSSessionCallback: LocalSave: .LatestSave
02:24:38.285 BACKEND   (W): !!! JsonApi Var name="m_vSavePosition" double register attempt - skipping!
02:24:38.303 SCRIPT       : SCR_LatestSaveDSSessionCallback: LocalSave: .LatestSave
02:27:38.144 BACKEND   (W): !!! JsonApi Var name="m_vSavePosition" double register attempt - skipping!
02:27:38.171 SCRIPT       : SCR_LatestSaveDSSessionCallback: LocalSave: .LatestSave
02:30:38.054 BACKEND   (W): !!! JsonApi Var name="m_vSavePosition" double register attempt - skipping!
02:30:38.072 SCRIPT       : SCR_LatestSaveDSSessionCallback: LocalSave: .LatestSave
02:33:37.963 BACKEND   (W): !!! JsonApi Var name="m_vSavePosition" double register attempt - skipping!
02:33:37.988 SCRIPT       : SCR_LatestSaveDSSessionCallback: LocalSave: .LatestSave
